ninja: Entering directory `build'
[0/2] Re-checking globbed directories...
[1/1220] Creating directories for 'vulkan-shaders-gen'
[2/1220] Creating directories for 'build_opus'
[3/1220] No download step for 'vulkan-shaders-gen'
[4/1220] Automatic MOC and UIC for target aether_afskdemod
[5/1220] Automatic MOC and UIC for target zlibstatic
[6/1220] Automatic MOC and UIC for target ggml-base
[7/1220] No update step for 'vulkan-shaders-gen'
[8/1220] Automatic MOC and UIC for target aether_libmodem_core
[9/1220] Building CXX object CMakeFiles/aether_afskdemod.dir/aether_afskdemod_autogen/mocs_compilation.cpp.o
[10/1220] No patch step for 'vulkan-shaders-gen'
[11/1220] Building CXX object third_party/whisper.cpp/ggml/src/CMakeFiles/ggml-base.dir/ggml-base_autogen/mocs_compilation.cpp.o
[12/1220] Automatic MOC and UIC for target aether_sqlite3
[13/1220] Building C object third_party/wdsp/CMakeFiles/aether_wdsp.dir/upstream/ammod.c.o
[14/1220] Building C object third_party/wdsp/CMakeFiles/aether_wdsp.dir/upstream/cmath.c.o
[15/1220] Building C object third_party/wdsp/CMakeFiles/aether_wdsp.dir/upstream/delay.c.o
[16/1220] Building C object third_party/wdsp/CMakeFiles/aether_wdsp.dir/upstream/compress.c.o
[17/1220] Building C object third_party/wdsp/CMakeFiles/aether_wdsp.dir/upstream/cblock.c.o
[18/1220] Building C object third_party/wdsp/CMakeFiles/aether_wdsp.dir/upstream/div.c.o
[19/1220] Building C object third_party/wdsp/CMakeFiles/aether_wdsp.dir/upstream/apfshadow.c.o
[20/1220] Building C object third_party/wdsp/CMakeFiles/aether_wdsp.dir/upstream/amsq.c.o
[21/1220] Building C object third_party/wdsp/CMakeFiles/aether_wdsp.dir/upstream/channel.c.o
[22/1220] Building C object third_party/wdsp/CMakeFiles/aether_wdsp.dir/upstream/eer.c.o
[23/1220] Building CXX object CMakeFiles/aether_libmodem_core.dir/aether_libmodem_core_autogen/mocs_compilation.cpp.o
[24/1220] Building CXX object CMakeFiles/aether_sqlite3.dir/aether_sqlite3_autogen/mocs_compilation.cpp.o
[25/1220] Building CXX object third_party/zlib/CMakeFiles/zlibstatic.dir/zlibstatic_autogen/mocs_compilation.cpp.o
[26/1220] Building C object third_party/wdsp/CMakeFiles/aether_wdsp.dir/upstream/anf.c.o
[27/1220] Building C object third_party/wdsp/CMakeFiles/aether_wdsp.dir/upstream/cfir.c.o
[28/1220] Building C object third_party/wdsp/CMakeFiles/aether_wdsp.dir/upstream/amd.c.o
[29/1220] Building C object third_party/wdsp/CMakeFiles/aether_wdsp.dir/upstream/bandpass.c.o
[30/1220] Building C object third_party/wdsp/CMakeFiles/aether_wdsp.dir/upstream/anr.c.o
[31/1220] Building C object third_party/wdsp/CMakeFiles/aether_wdsp.dir/upstream/doublepole.c.o
[32/1220] Building C object third_party/wdsp/CMakeFiles/aether_wdsp.dir/upstream/RXA.c.o
[33/1220] Building C object third_party/zlib/CMakeFiles/zlibstatic.dir/compress.c.o
[34/1220] Building C object third_party/wdsp/CMakeFiles/aether_wdsp.dir/upstream/TXA.c.o
[35/1220] Building CXX object third_party/whisper.cpp/ggml/src/CMakeFiles/ggml-base.dir/ggml-threading.cpp.o
[36/1220] Building C object third_party/zlib/CMakeFiles/zlibstatic.dir/gzclose.c.o
[37/1220] Building C object third_party/wdsp/CMakeFiles/aether_wdsp.dir/upstream/dexp.c.o
[38/1220] Building C object third_party/zlib/CMakeFiles/zlibstatic.dir/adler32.c.o
[39/1220] Building CXX object third_party/whisper.cpp/ggml/src/CMakeFiles/ggml-base.dir/ggml.cpp.o
[40/1220] Building C object third_party/wdsp/CMakeFiles/aether_wdsp.dir/upstream/cfcomp.c.o
[41/1220] Building C object third_party/zlib/CMakeFiles/zlibstatic.dir/gzlib.c.o
[42/1220] Building C object third_party/zlib/CMakeFiles/zlibstatic.dir/uncompr.c.o
[43/1220] Building C object third_party/zlib/CMakeFiles/zlibstatic.dir/gzread.c.o
[44/1220] Building C object third_party/zlib/CMakeFiles/zlibstatic.dir/crc32.c.o
[45/1220] Building C object third_party/zlib/CMakeFiles/zlibstatic.dir/zutil.c.o
[46/1220] Building C object third_party/zlib/CMakeFiles/zlibstatic.dir/inftrees.c.o
[47/1220] Building C object third_party/zlib/CMakeFiles/zlibstatic.dir/gzwrite.c.o
[48/1220] Building C object third_party/zlib/CMakeFiles/zlibstatic.dir/inffast.c.o
[49/1220] Performing download step (verify and extract) for 'build_opus'
-- verifying file...
     file='/home/jeremy/agent-worktrees/460f1777/wt-pr5146/third_party/opus-rade/opus-rade-prepared.tar.gz'
-- verifying file... done
-- extracting...
     src='/home/jeremy/agent-worktrees/460f1777/wt-pr5146/third_party/opus-rade/opus-rade-prepared.tar.gz'
     dst='/home/jeremy/agent-worktrees/460f1777/wt-pr5146/build/build_opus-prefix/src/build_opus'
-- extracting... [tar xf]
-- extracting... [analysis]
-- extracting... [rename]
-- extracting... [clean up]
-- extracting... done
[50/1220] Building C object third_party/wdsp/CMakeFiles/aether_wdsp.dir/upstream/calculus.c.o
[51/1220] No update step for 'build_opus'
[52/1220] No patch step for 'build_opus'
[53/1220] Building C object third_party/zlib/CMakeFiles/zlibstatic.dir/infback.c.o
[54/1220] Building C object third_party/wdsp/CMakeFiles/aether_wdsp.dir/upstream/fcurve.c.o
[55/1220] Performing configure step for 'vulkan-shaders-gen'
-- The C compiler identification is GNU 16.2.1
-- The CXX compiler identification is GNU 16.2.1
-- Detecting C compiler ABI info
-- Detecting C compiler ABI info - done
-- Check for working C compiler: /usr/bin/cc - skipped
-- Detecting C compile features
-- Detecting C compile features - done
-- Detecting CXX compiler ABI info
-- Detecting CXX compiler ABI info - done
-- Check for working CXX compiler: /usr/bin/c++ - skipped
-- Detecting CXX compile features
-- Detecting CXX compile features - done
-- Performing Test CMAKE_HAVE_LIBC_PTHREAD
-- Performing Test CMAKE_HAVE_LIBC_PTHREAD - Success
-- Found Threads: TRUE
-- Enabling coopmat glslc support
-- Enabling coopmat2 glslc support
-- Enabling coopmat2 decode_vector glslc support
-- Enabling dot glslc support
-- Enabling bfloat16 glslc support
-- Configuring done (1.2s)
-- Generating done (0.0s)
-- Build files have been written to: /home/jeremy/agent-worktrees/460f1777/wt-pr5146/build/third_party/whisper.cpp/ggml/src/ggml-vulkan/vulkan-shaders-gen-prefix/src/vulkan-shaders-gen-build
[56/1220] Building C object third_party/wdsp/CMakeFiles/aether_wdsp.dir/upstream/gain.c.o
[57/1220] Building C object third_party/wdsp/CMakeFiles/aether_wdsp.dir/upstream/emph.c.o
[58/1220] Building C object third_party/wdsp/CMakeFiles/aether_wdsp.dir/upstream/fmmod.c.o
[59/1220] Building C object third_party/whisper.cpp/ggml/src/CMakeFiles/ggml-base.dir/ggml-alloc.c.o
[60/1220] Building C object third_party/wdsp/CMakeFiles/aether_wdsp.dir/upstream/fmsq.c.o
[61/1220] Building C object third_party/wdsp/CMakeFiles/aether_wdsp.dir/upstream/firmin.c.o
[62/1220] Building C object third_party/wdsp/CMakeFiles/aether_wdsp.dir/upstream/fmd.c.o
[63/1220] Building C object third_party/wdsp/CMakeFiles/aether_wdsp.dir/upstream/gaussian.c.o
[64/1220] Building C object third_party/zlib/CMakeFiles/zlibstatic.dir/trees.c.o
[65/1220] Building C object third_party/wdsp/CMakeFiles/aether_wdsp.dir/upstream/main.c.o
[66/1220] Building C object third_party/wdsp/CMakeFiles/aether_wdsp.dir/upstream/emnr.c.o
[67/1220] Building C object third_party/wdsp/CMakeFiles/aether_wdsp.dir/upstream/extrapolate.c.o
[68/1220] Building C object third_party/wdsp/CMakeFiles/aether_wdsp.dir/upstream/meterlog10.c.o
[69/1220] Building CXX object CMakeFiles/aether_afskdemod.dir/third_party/direwolf_afsk/AetherAFSKDemod.cpp.o
[70/1220] Building C object third_party/wdsp/CMakeFiles/aether_wdsp.dir/upstream/icfir.c.o
[71/1220] Building C object third_party/wdsp/CMakeFiles/aether_wdsp.dir/upstream/analyzer.c.o
[72/1220] Building C object third_party/wdsp/CMakeFiles/aether_wdsp.dir/upstream/impulse_cache.c.o
[73/1220] Building CXX object CMakeFiles/aether_libmodem_core.dir/third_party/libmodem_core/demodulator.cpp.o
[74/1220] Building C object third_party/wdsp/CMakeFiles/aether_wdsp.dir/upstream/eq.c.o
[75/1220] Building C object third_party/wdsp/CMakeFiles/aether_wdsp.dir/upstream/iqc.c.o
[76/1220] Building C object third_party/wdsp/CMakeFiles/aether_wdsp.dir/upstream/matchedCW.c.o
[77/1220] Building C object third_party/zlib/CMakeFiles/zlibstatic.dir/inflate.c.o
[78/1220] Building C object third_party/wdsp/CMakeFiles/aether_wdsp.dir/upstream/fir.c.o
[79/1220] Building C object third_party/wdsp/CMakeFiles/aether_wdsp.dir/upstream/meter.c.o
[80/1220] Building C object third_party/wdsp/CMakeFiles/aether_wdsp.dir/upstream/iobuffs.c.o
[81/1220] Building C object third_party/zlib/CMakeFiles/zlibstatic.dir/deflate.c.o
[82/1220] Building C object third_party/wdsp/CMakeFiles/aether_wdsp.dir/upstream/osctrl.c.o
[83/1220] Building C object third_party/wdsp/CMakeFiles/aether_wdsp.dir/upstream/nurbs.c.o
[84/1220] Building C object third_party/wdsp/CMakeFiles/aether_wdsp.dir/upstream/patchpanel.c.o
[85/1220] Building C object third_party/wdsp/CMakeFiles/aether_wdsp.dir/upstream/calcc.c.o
[86/1220] Building C object third_party/wdsp/CMakeFiles/aether_wdsp.dir/upstream/phrot.c.o
[87/1220] Building C object third_party/wdsp/CMakeFiles/aether_wdsp.dir/upstream/sender.c.o
[88/1220] Building C object third_party/wdsp/CMakeFiles/aether_wdsp.dir/upstream/nob.c.o
[89/1220] Building C object third_party/wdsp/CMakeFiles/aether_wdsp.dir/upstream/gen.c.o
[90/1220] Building C object third_party/wdsp/CMakeFiles/aether_wdsp.dir/upstream/nbp.c.o
[91/1220] Building C object third_party/wdsp/CMakeFiles/aether_wdsp.dir/upstream/iir.c.o
[92/1220] Building C object third_party/wdsp/CMakeFiles/aether_wdsp.dir/upstream/shift.c.o
[93/1220] Building C object third_party/wdsp/CMakeFiles/aether_wdsp.dir/upstream/resample.c.o
[94/1220] Building C object third_party/wdsp/CMakeFiles/aether_wdsp.dir/upstream/reshb.c.o
[95/1220] Building C object third_party/wdsp/CMakeFiles/aether_wdsp.dir/upstream/zetaHat.c.o
[96/1220] Building C object third_party/wdsp/CMakeFiles/aether_wdsp.dir/upstream/version.c.o
[97/1220] Building C object third_party/wdsp/CMakeFiles/aether_wdsp.dir/upstream/slew.c.o
[98/1220] Building C object third_party/wdsp/CMakeFiles/aether_wdsp.dir/upstream/rmatch.c.o
[99/1220] Building C object third_party/wdsp/CMakeFiles/aether_wdsp.dir/upstream/nobII.c.o
[100/1220] Building C object third_party/libmspack/CMakeFiles/mspack_static.dir/mspack/crc32.c.o
[101/1220] Linking CXX static library libaether_afskdemod.a
[102/1220] Building C object third_party/wdsp/CMakeFiles/aether_wdsp.dir/upstream/siphon.c.o
[103/1220] Linking CXX static library third_party/zlib/libz.a
[104/1220] Building C object third_party/wdsp/CMakeFiles/aether_wdsp.dir/upstream/ssql.c.o
[105/1220] Building C object third_party/libmspack/CMakeFiles/mspack_static.dir/mspack/system.c.o
[106/1220] Building C object third_party/wdsp/CMakeFiles/aether_wdsp.dir/upstream/varsamp.c.o
[107/1220] Building C object third_party/wdsp/CMakeFiles/aether_wdsp.dir/upstream/wisdom.c.o
[108/1220] Building C object third_party/wdsp/CMakeFiles/aether_wdsp.dir/upstream/syncbuffs.c.o
[109/1220] Building C object third_party/wdsp/CMakeFiles/aether_wdsp.dir/port/wdsp_port.c.o
[110/1220] Automatic MOC and UIC for target aether_test_wisdom_isolation
[111/1220] Building C object CMakeFiles/aether_crdv.dir/third_party/crdv/src/config.c.o
[112/1220] Building C object third_party/wdsp/CMakeFiles/aether_wdsp.dir/upstream/lmath.c.o
[113/1220] Generating .qsb/resources/shaders/overlay.frag.qsb
[114/1220] Building C object CMakeFiles/aether_crdv.dir/third_party/crdv/src/vita.c.o
[115/1220] Building C object CMakeFiles/aether_crdv.dir/third_party/crdv/src/modem.c.o
[116/1220] Generating .qsb/resources/shaders/overlay.vert.qsb
[117/1220] Generating .qsb/resources/shaders/overlay_frequency_preview.frag.qsb
[118/1220] Generating .qsb/resources/shaders/spectrum.frag.qsb
[119/1220] Generating .qsb/resources/shaders/panscope.frag.qsb
[120/1220] Generating .qsb/resources/shaders/spectrum.vert.qsb
[121/1220] Building C object third_party/wdsp/CMakeFiles/aether_wdsp.dir/upstream/wcpAGC.c.o
[122/1220] Generating .qsb/resources/shaders/texturedquad.frag.qsb
[123/1220] Building C object CMakeFiles/aether_crdv.dir/third_party/crdv/src/dv3000.c.o
[124/1220] Building C object third_party/wdsp/CMakeFiles/aether_wdsp.dir/upstream/utilities.c.o
[125/1220] Generating .qsb/resources/shaders/texturedquad.vert.qsb
[126/1220] Building CXX object CMakeFiles/aether_test_wisdom_isolation.dir/aether_test_wisdom_isolation_autogen/mocs_compilation.cpp.o
[127/1220] Generating .qsb/resources/shaders/texturedquad_rowframes.frag.qsb
[128/1220] Building C object CMakeFiles/aether_crdv.dir/third_party/crdv/src/control.c.o
[129/1220] Building C object third_party/wdsp/CMakeFiles/aether_wdsp.dir/upstream/wbfm.c.o
[130/1220] Building C object third_party/wdsp/CMakeFiles/aether_wdsp.dir/upstream/nurbs_spline.c.o
[131/1220] Generating .qsb/resources/shaders/dss_mesh.frag.qsb
[132/1220] Generating .qsb/resources/shaders/wavescope.frag.qsb
[133/1220] Building CXX object CMakeFiles/aether_test_wisdom_isolation.dir/tests/TestWdspWisdomIsolation.cpp.o
[134/1220] Building C object third_party/libmspack/CMakeFiles/mspack_static.dir/mspack/cabd.c.o
[135/1220] Automatic MOC and UIC for target icom_civ_test
[136/1220] Generating .qsb/resources/shaders/dss_mesh.vert.qsb
[137/1220] Automatic MOC and UIC for target icom_civ_scheduler_test
[138/1220] Automatic MOC and UIC for target radio_setup_ip_config_presentation_test
[139/1220] Automatic MOC and UIC for target icom_meters_test
[140/1220] Building CXX object CMakeFiles/icom_civ_scheduler_test.dir/icom_civ_scheduler_test_autogen/mocs_compilation.cpp.o
[141/1220] Building CXX object CMakeFiles/icom_civ_test.dir/icom_civ_test_autogen/mocs_compilation.cpp.o
[142/1220] Building CXX object CMakeFiles/icom_meters_test.dir/icom_meters_test_autogen/mocs_compilation.cpp.o
[143/1220] Building CXX object CMakeFiles/radio_setup_ip_config_presentation_test.dir/radio_setup_ip_config_presentation_test_autogen/mocs_compilation.cpp.o
[144/1220] Building C object third_party/wdsp/CMakeFiles/aether_wdsp.dir/upstream/snb.c.o
[145/1220] Building C object third_party/libmspack/CMakeFiles/mspack_static.dir/mspack/mszipd.c.o
[146/1220] Building C object CMakeFiles/aether_crdv.dir/third_party/crdv/src/air.c.o
[147/1220] Linking C static library libaether_crdv.a
[148/1220] Automatic MOC and UIC for target aether-dv-waveform
[149/1220] Automatic MOC and UIC for target qgeoview
[150/1220] Building CXX object CMakeFiles/aether-dv-waveform.dir/aether-dv-waveform_autogen/mocs_compilation.cpp.o
[151/1220] Building C object third_party/libmspack/CMakeFiles/mspack_static.dir/mspack/qtmd.c.o
[152/1220] Building C object CMakeFiles/aether-dv-waveform.dir/third_party/smartsdr-dsp/SmartSDR_Interface/aether_ipv4_source_filter.c.o
[153/1220] Building CXX object third_party/whisper.cpp/ggml/src/CMakeFiles/ggml-base.dir/ggml-backend.cpp.o
[154/1220] Building CXX object third_party/whisper.cpp/ggml/src/CMakeFiles/ggml-base.dir/ggml-opt.cpp.o
[155/1220] Building C object CMakeFiles/aether-dv-waveform.dir/third_party/smartsdr-dsp/SmartSDR_Interface/aether_vita_packet_validator.c.o
[156/1220] Building C object CMakeFiles/aether-dv-waveform.dir/third_party/smartsdr-dsp/SmartSDR_Interface/aether_buffer_queue.c.o
[157/1220] Building C object CMakeFiles/aether-dv-waveform.dir/third_party/smartsdr-dsp/SmartSDR_Interface/aether_tcp_frame_buffer.c.o
[158/1220] Building C object CMakeFiles/aether-dv-waveform.dir/third_party/smartsdr-dsp/SmartSDR_Interface/cmd_engine.c.o
[159/1220] Building C object CMakeFiles/aether-dv-waveform.dir/third_party/smartsdr-dsp/SmartSDR_Interface/aether_smartsdr_command.c.o
[160/1220] Building C object CMakeFiles/aether-dv-waveform.dir/third_party/smartsdr-dsp/SmartSDR_Interface/digital_voice_slice_ownership.c.o
[161/1220] Building C object CMakeFiles/aether-dv-waveform.dir/third_party/smartsdr-dsp/SmartSDR_Interface/cmd_basics.c.o
[162/1220] Building C object CMakeFiles/aether-dv-waveform.dir/third_party/smartsdr-dsp/SmartSDR_Interface/aether_dstar_protocol.c.o
[163/1220] Building C object CMakeFiles/aether-dv-waveform.dir/third_party/smartsdr-dsp/SmartSDR_Interface/digital_voice_tx_gate.c.o
[164/1220] Building C object CMakeFiles/aether-dv-waveform.dir/third_party/smartsdr-dsp/SmartSDR_Interface/dstar_transmit_state.c.o
[165/1220] Building C object CMakeFiles/aether-dv-waveform.dir/third_party/smartsdr-dsp/SmartSDR_Interface/dstar_tx_output.c.o
[166/1220] Building C object third_party/libmspack/CMakeFiles/mspack_static.dir/mspack/lzxd.c.o
[167/1220] Building C object CMakeFiles/aether-dv-waveform.dir/third_party/smartsdr-dsp/SmartSDR_Interface/discovery_client.c.o
[168/1220] Building C object CMakeFiles/aether-dv-waveform.dir/third_party/smartsdr-dsp/SmartSDR_Interface/digital_voice_mode_registry.c.o
[169/1220] Linking C static library third_party/libmspack/libmspack_static.a
[170/1220] Building C object CMakeFiles/aether-dv-waveform.dir/third_party/smartsdr-dsp/SmartSDR_Interface/hal_buffer.c.o
[171/1220] Building C object CMakeFiles/aether-dv-waveform.dir/third_party/smartsdr-dsp/SmartSDR_Interface/io_utils.c.o
[172/1220] Building C object CMakeFiles/aether-dv-waveform.dir/third_party/smartsdr-dsp/SmartSDR_Interface/dstar_waveform_metrics.c.o
[173/1220] Building C object CMakeFiles/aether-dv-waveform.dir/third_party/smartsdr-dsp/SmartSDR_Interface/hal_vita.c.o
[174/1220] Building C object CMakeFiles/aether-dv-waveform.dir/third_party/smartsdr-dsp/SmartSDR_Interface/vita_packet_sequence.c.o
[175/1220] Building C object CMakeFiles/aether-dv-waveform.dir/third_party/smartsdr-dsp/SmartSDR_Interface/dstar_tx_stream.c.o
[176/1220] Building C object CMakeFiles/aether-dv-waveform.dir/third_party/smartsdr-dsp/SmartSDR_Interface/smartsdr_dsp_api.c.o
[177/1220] Building C object CMakeFiles/aether-dv-waveform.dir/third_party/smartsdr-dsp/SmartSDR_Interface/hal_listener.c.o
[178/1220] Building C object CMakeFiles/aether-dv-waveform.dir/third_party/smartsdr-dsp/SmartSDR_Interface/vita_output.c.o
[179/1220] Building CXX object CMakeFiles/icom_meters_test.dir/src/core/backends/icom/IcomControls.cpp.o
[180/1220] Building C object CMakeFiles/aether-dv-waveform.dir/third_party/smartsdr-dsp/aether_sem_compat.c.o
[181/1220] Building C object CMakeFiles/aether-dv-waveform.dir/third_party/smartsdr-dsp/SmartSDR_Interface/utils.c.o
[182/1220] Building C object CMakeFiles/aether-dv-waveform.dir/third_party/smartsdr-dsp/ThumbDV/bit_pattern_matcher.c.o
[183/1220] Building C object third_party/wdsp/CMakeFiles/aether_wdsp.dir/upstream/FDnoiseIQ.c.o
[184/1220] Building C object CMakeFiles/aether-dv-waveform.dir/third_party/smartsdr-dsp/SmartSDR_Interface/status_processor.c.o
[185/1220] Building C object CMakeFiles/aether-dv-waveform.dir/third_party/smartsdr-dsp/SmartSDR_Interface/traffic_cop.c.o
[186/1220] Building C object CMakeFiles/aether-dv-waveform.dir/third_party/smartsdr-dsp/circular_buffer.c.o
[187/1220] Building C object CMakeFiles/aether-dv-waveform.dir/third_party/smartsdr-dsp/resampler.c.o
[188/1220] Building C object CMakeFiles/aether-dv-waveform.dir/third_party/smartsdr-dsp/ThumbDV/gmsk_modem.c.o
[189/1220] Building C object CMakeFiles/aether-dv-waveform.dir/third_party/smartsdr-dsp/main.c.o
[190/1220] Building C object CMakeFiles/aether-dv-waveform.dir/third_party/smartsdr-dsp/aether_serial_compat.c.o
[191/1220] Building C object CMakeFiles/aether-dv-waveform.dir/third_party/smartsdr-dsp/SmartSDR_Interface/sched_waveform.c.o
[192/1220] Building CXX object CMakeFiles/icom_meters_test.dir/src/core/backends/icom/IcomMeters.cpp.o
[193/1220] Building C object CMakeFiles/aether-dv-waveform.dir/third_party/smartsdr-dsp/ThumbDV/thumbDV.c.o
[194/1220] Building CXX object CMakeFiles/icom_meters_test.dir/src/core/backends/icom/IcomModels.cpp.o
[195/1220] Building CXX object CMakeFiles/aether-dv-waveform.dir/third_party/smartsdr-dsp/aether_vocoder_backend.cpp.o
[196/1220] Building C object third_party/wdsp/CMakeFiles/aether_wdsp.dir/upstream/nurbs_fit.c.o
[197/1220] Linking C static library third_party/wdsp/libaether_wdsp.a
[198/1220] Building CXX object CMakeFiles/icom_meters_test.dir/tests/icom_meters_test.cpp.o
[199/1220] Building C object third_party/whisper.cpp/ggml/src/CMakeFiles/ggml-base.dir/ggml.c.o
[200/1220] Generating qrc_resources.cpp
[201/1220] Performing configure step for 'build_opus'
-- Found Git: /usr/bin/git (found version "2.55.0")
CMake Warning at cmake/OpusPackageVersion.cmake:61 (message):
  Could not get package version.
Call Stack (most recent call first):
  CMakeLists.txt:5 (get_package_version)


-- Opus project version: 0
-- The C compiler identification is GNU 16.2.1
-- Detecting C compiler ABI info
-- Detecting C compiler ABI info - done
-- Check for working C compiler: /usr/bin/cc - skipped
-- Detecting C compile features
-- Detecting C compile features - done
-- Performing Test VLA_SUPPORTED
-- Performing Test VLA_SUPPORTED -- success
-- Looking for alloca.h
-- Looking for alloca.h - found
-- Looking for alloca
-- Looking for alloca - found
-- Looking for floor in m
-- Looking for floor in m - found
-- Looking for lrintf
-- Looking for lrintf - found
-- Looking for lrint
-- Looking for lrint - found
-- Looking for elf_aux_info
-- Looking for elf_aux_info - not found
-- Performing Test CPU_INFO_BY_ASM_SUPPORTED
-- Performing Test CPU_INFO_BY_ASM_SUPPORTED -- success
-- Looking for cpuid.h
-- Looking for cpuid.h - found
-- Performing Test CPU_INFO_BY_C_SUPPORTED
-- Performing Test CPU_INFO_BY_C_SUPPORTED -- success
-- Check SIMD support by compiler
-- Looking for xmmintrin.h
-- Looking for xmmintrin.h - found
-- Performing Test SSE1_SUPPORTED
-- Performing Test SSE1_SUPPORTED - Success
-- Looking for emmintrin.h
-- Looking for emmintrin.h - found
-- Performing Test SSE2_SUPPORTED
-- Performing Test SSE2_SUPPORTED - Success
-- Looking for smmintrin.h
-- Looking for smmintrin.h - found
-- Performing Test SSE4_1_SUPPORTED
-- Performing Test SSE4_1_SUPPORTED - Success
-- Looking for immintrin.h
-- Looking for immintrin.h - found
-- Performing Test AVX2_SUPPORTED
-- Performing Test AVX2_SUPPORTED - Success
-- Performing Test FAST_MATH_SUPPORTED
-- Performing Test FAST_MATH_SUPPORTED - Success
-- Performing Test STACK_PROTECTOR_SUPPORTED
-- Performing Test STACK_PROTECTOR_SUPPORTED - Success
-- Performing Test HIDDEN_VISIBILITY_SUPPORTED
-- Performing Test HIDDEN_VISIBILITY_SUPPORTED - Success
-- Performing Test Wall_SUPPORTED
-- Performing Test Wall_SUPPORTED - Success
-- Performing Test W_SUPPORTED
-- Performing Test W_SUPPORTED - Success
-- Performing Test Wstrictprototypes_SUPPORTED
-- Performing Test Wstrictprototypes_SUPPORTED - Success
-- Performing Test Wextra_SUPPORTED
-- Performing Test Wextra_SUPPORTED - Success
-- Performing Test Wcastalign_SUPPORTED
-- Performing Test Wcastalign_SUPPORTED - Success
-- Performing Test Wnestedexterns_SUPPORTED
-- Performing Test Wnestedexterns_SUPPORTED - Success
-- Performing Test Wshadow_SUPPORTED
-- Performing Test Wshadow_SUPPORTED - Success
-- The following features have been enabled:

 * OPUS_ENABLE_FLOAT_API, compile with the floating point API (for machines with float library).
 * OPUS_HARDENING, run-time checks that are cheap and safe for use in production.
 * OPUS_DRED, enable DRED.
 * OPUS_OSCE, enable OSCE.
 * OPUS_VAR_ARRAYS, use variable length arrays for stack arrays.
 * OPUS_STACK_PROTECTOR, use stack protection.
 * OPUS_FORTIFY_SOURCE, add protection against buffer overflows.
 * OPUS_X86_MAY_HAVE_SSE, does runtime check for SSE1 support.
 * OPUS_X86_MAY_HAVE_SSE2, does runtime check for SSE2 support.
 * OPUS_X86_MAY_HAVE_SSE4_1, does runtime check for SSE4.1 support.
 * OPUS_X86_MAY_HAVE_AVX2, does runtime check for AVX FMA AVX2 support.
 * OPUS_X86_PRESUME_SSE, assume target CPU has SSE1 support (override runtime check).
 * OPUS_X86_PRESUME_SSE2, assume target CPU has SSE2 support (override runtime check).

-- The following OPTIONAL packages have been found:

 * Git

-- The following features have been disabled:

 * OPUS_BUILD_SHARED_LIBRARY, build shared library.
 * OPUS_BUILD_TESTING, build tests.
 * OPUS_CUSTOM_MODES, enable non-Opus modes, e.g. 44.1 kHz & 2^n frames.
 * OPUS_BUILD_PROGRAMS, build programs.
 * OPUS_DISABLE_INTRINSICS, disable all intrinsics optimizations.
 * OPUS_FIXED_POINT, compile as fixed-point (for machines without a fast enough FPU).
 * OPUS_FLOAT_APPROX, enable floating point approximations (Ensure your platform supports IEEE 754 before enabling).
 * OPUS_ASSERTIONS, additional software error checking.
 * OPUS_FUZZING, causes the encoder to make random decisions (do not use in production).
 * OPUS_CHECK_ASM, enable bit-exactness checks between optimized and c implementations.
 * OPUS_DNN_FLOAT_DEBUG, Run DNN computations as float for debugging purposes.
 * OPUS_INSTALL_PKG_CONFIG_MODULE, install pkg-config module.
 * OPUS_INSTALL_CMAKE_CONFIG_MODULE, install CMake package config module.
 * OPUS_FIXED_POINT_DEBUG, debug fixed-point implementation.
 * OPUS_USE_ALLOCA, use alloca for stack arrays (on non-C99 compilers).
 * OPUS_NONTHREADSAFE_PSEUDOSTACK, use a non threadsafe pseudostack when neither variable length arrays or alloca is supported.
 * OPUS_FAST_MATH, enable fast math (unsupported and discouraged use, as code is not well tested with this build option).
 * OPUS_X86_PRESUME_SSE4_1, assume target CPU has SSE4.1 support (override runtime check).
 * OPUS_X86_PRESUME_AVX2, assume target CPU has AVX FMA AVX2 support (override runtime check).

-- Configuring done (5.6s)
-- Generating done (0.1s)
-- Build files have been written to: /home/jeremy/agent-worktrees/460f1777/wt-pr5146/build/build_opus-prefix/src/build_opus-build
[202/1220] Building CXX object CMakeFiles/icom_civ_scheduler_test.dir/src/core/backends/icom/CivCodec.cpp.o
[203/1220] Building CXX object CMakeFiles/icom_meters_test.dir/src/core/backends/icom/CivCodec.cpp.o
[204/1220] Building CXX object CMakeFiles/icom_civ_test.dir/src/core/backends/icom/CivCodec.cpp.o
[205/1220] Building CXX object third_party/QGeoView/lib/CMakeFiles/qgeoview.dir/src/QGVUtils.cpp.o
[206/1220] Building CXX object third_party/QGeoView/lib/CMakeFiles/qgeoview.dir/src/QGVProjectionEPSG3857.cpp.o
[207/1220] Building CXX object third_party/QGeoView/lib/CMakeFiles/qgeoview.dir/src/QGVProjection.cpp.o
[208/1220] Building CXX object CMakeFiles/icom_civ_test.dir/tests/icom_civ_test.cpp.o
[209/1220] Building CXX object CMakeFiles/icom_civ_scheduler_test.dir/tests/icom_civ_scheduler_test.cpp.o
[210/1220] Building CXX object CMakeFiles/aether_libmodem_core.dir/third_party/libmodem_core/bitstream.cpp.o
[211/1220] Linking CXX static library libaether_libmodem_core.a
[212/1220] Building CXX object CMakeFiles/radio_setup_ip_config_presentation_test.dir/tests/radio_setup_ip_config_presentation_test.cpp.o
[213/1220] Linking CXX executable aether-dv-waveform; Copying AetherDV waveform manifest
[214/1220] Building CXX object CMakeFiles/icom_civ_scheduler_test.dir/src/core/backends/icom/IcomCivScheduler.cpp.o
[215/1220] Building CXX object third_party/QGeoView/lib/CMakeFiles/qgeoview.dir/src/QGVLayer.cpp.o
[216/1220] Building CXX object third_party/QGeoView/lib/CMakeFiles/qgeoview.dir/src/QGVLayerOSM.cpp.o
[217/1220] Linking CXX executable icom_civ_scheduler_test
[218/1220] Linking CXX executable icom_civ_test
[219/1220] Building CXX object third_party/QGeoView/lib/CMakeFiles/qgeoview.dir/src/QGVMapQGItem.cpp.o
[220/1220] Linking CXX executable icom_meters_test
[221/1220] Linking CXX executable radio_setup_ip_config_presentation_test
[222/1220] Building CXX object third_party/QGeoView/lib/CMakeFiles/qgeoview.dir/src/QGVGlobal.cpp.o
[223/1220] Building CXX object third_party/QGeoView/lib/CMakeFiles/qgeoview.dir/src/QGVDrawItem.cpp.o
[224/1220] Building CXX object third_party/QGeoView/lib/CMakeFiles/qgeoview.dir/src/QGVMapRubberBand.cpp.o
[225/1220] Building C object third_party/whisper.cpp/ggml/src/CMakeFiles/ggml-base.dir/ggml-quants.c.o
[226/1220] Building CXX object third_party/QGeoView/lib/CMakeFiles/qgeoview.dir/src/QGVCamera.cpp.o
[227/1220] Building CXX object third_party/QGeoView/lib/CMakeFiles/qgeoview.dir/src/QGVItem.cpp.o
[228/1220] Building CXX object third_party/QGeoView/lib/CMakeFiles/qgeoview.dir/src/QGVLayerBDGEx.cpp.o
[229/1220] Building CXX object third_party/QGeoView/lib/CMakeFiles/qgeoview.dir/src/QGVLayerGoogle.cpp.o
[230/1220] Building CXX object third_party/whisper.cpp/ggml/src/CMakeFiles/ggml-base.dir/ggml-backend-meta.cpp.o
[231/1220] Building CXX object third_party/QGeoView/lib/CMakeFiles/qgeoview.dir/qgeoview_autogen/mocs_compilation.cpp.o
[232/1220] Performing build step for 'build_opus'
[1/184] Building C object CMakeFiles/opus.dir/src/mlp_data.c.o
[2/184] Building C object CMakeFiles/opus.dir/silk/decode_pulses.c.o
[3/184] Building C object CMakeFiles/opus.dir/silk/LP_variable_cutoff.c.o
[4/184] Building C object CMakeFiles/opus.dir/silk/decode_frame.c.o
[5/184] Building C object CMakeFiles/opus.dir/silk/tables_gain.c.o
[6/184] Building C object CMakeFiles/opus.dir/src/opus_multistream.c.o
[7/184] Building C object CMakeFiles/opus.dir/silk/init_decoder.c.o
[8/184] Building C object CMakeFiles/opus.dir/silk/decoder_set_fs.c.o
[9/184] Building C object CMakeFiles/opus.dir/silk/NLSF_decode.c.o
[10/184] Building C object CMakeFiles/opus.dir/silk/decode_parameters.c.o
[11/184] Building C object CMakeFiles/opus.dir/silk/code_signs.c.o
[12/184] Building C object CMakeFiles/opus.dir/silk/tables_NLSF_CB_NB_MB.c.o
[13/184] Building C object CMakeFiles/opus.dir/silk/encode_indices.c.o
[14/184] Building C object CMakeFiles/opus.dir/silk/interpolate.c.o
[15/184] Building C object CMakeFiles/opus.dir/silk/shell_coder.c.o
[16/184] Building C object CMakeFiles/opus.dir/silk/decode_indices.c.o
/home/jeremy/agent-worktrees/460f1777/wt-pr5146/build/build_opus-prefix/src/build_opus/silk/decode_indices.c: In function 'silk_decode_indices':
/home/jeremy/agent-worktrees/460f1777/wt-pr5146/build/build_opus-prefix/src/build_opus/silk/decode_indices.c:74:42: warning: writing 1 byte into a region of size 0 [-Wstringop-overflow=]
   74 |         psDec->indices.GainsIndices[ i ] = (opus_int8)ec_dec_icdf( psRangeDec, silk_delta_gain_iCDF, 8 );
      |         ~~~~~~~~~~~~~~~~~~~~~~~~~~~~~~~~~^~~~~~~~~~~~~~~~~~~~~~~~~~~~~~~~~~~~~~~~~~~~~~~~~~~~~~~~~~~~~~~
In file included from /home/jeremy/agent-worktrees/460f1777/wt-pr5146/build/build_opus-prefix/src/build_opus/silk/main.h:33,
                 from /home/jeremy/agent-worktrees/460f1777/wt-pr5146/build/build_opus-prefix/src/build_opus/silk/decode_indices.c:32:
/home/jeremy/agent-worktrees/460f1777/wt-pr5146/build/build_opus-prefix/src/build_opus/silk/structs.h:134:34: note: at offset 4 into destination object 'GainsIndices' of size 4
  134 |     opus_int8                    GainsIndices[ MAX_NB_SUBFR ];
      |                                  ^~~~~~~~~~~~
/home/jeremy/agent-worktrees/460f1777/wt-pr5146/build/build_opus-prefix/src/build_opus/silk/decode_indices.c:133:42: warning: writing 1 byte into a region of size 0 [-Wstringop-overflow=]
  133 |             psDec->indices.LTPIndex[ k ] = (opus_int8)ec_dec_icdf( psRangeDec, silk_LTP_gain_iCDF_ptrs[ psDec->indices.PERIndex ], 8 );
      |             ~~~~~~~~~~~~~~~~~~~~~~~~~~~~~^~~~~~~~~~~~~~~~~~~~~~~~~~~~~~~~~~~~~~~~~~~~~~~~~~~~~~~~~~~~~~~~~~~~~~~~~~~~~~~~~~~~~~~~~~~~~
/home/jeremy/agent-worktrees/460f1777/wt-pr5146/build/build_opus-prefix/src/build_opus/silk/structs.h:135:34: note: at offset 4 into destination object 'LTPIndex' of size 4
  135 |     opus_int8                    LTPIndex[ MAX_NB_SUBFR ];
      |                                  ^~~~~~~~
[17/184] Building C object CMakeFiles/opus.dir/silk/gain_quant.c.o
[18/184] Building C object CMakeFiles/opus.dir/silk/tables_other.c.o
[19/184] Building C object CMakeFiles/opus.dir/silk/tables_pulses_per_block.c.o
[20/184] Building C object CMakeFiles/opus.dir/silk/tables_LTP.c.o
[21/184] Building C object CMakeFiles/opus.dir/silk/tables_NLSF_CB_WB.c.o
[22/184] Building C object CMakeFiles/opus.dir/silk/tables_pitch_lag.c.o
[23/184] Building C object CMakeFiles/opus.dir/src/opus_projection_decoder.c.o
[24/184] Building C object CMakeFiles/opus.dir/silk/quant_LTP_gains.c.o
[25/184] Building C object CMakeFiles/opus.dir/silk/control_audio_bandwidth.c.o
[26/184] Building C object CMakeFiles/opus.dir/silk/check_control_input.c.o
[27/184] Building C object CMakeFiles/opus.dir/silk/HP_variable_cutoff.c.o
[28/184] Building C object CMakeFiles/opus.dir/silk/NLSF_unpack.c.o
[29/184] Building C object CMakeFiles/opus.dir/src/opus_projection_encoder.c.o
[30/184] Building C object CMakeFiles/opus.dir/silk/VQ_WMat_EC.c.o
[31/184] Building C object CMakeFiles/opus.dir/silk/control_SNR.c.o
[32/184] Building C object CMakeFiles/opus.dir/silk/debug.c.o
[33/184] Building C object CMakeFiles/opus.dir/silk/encode_pulses.c.o
[34/184] Building C object CMakeFiles/opus.dir/silk/NLSF_VQ.c.o
[35/184] Building C object CMakeFiles/opus.dir/silk/process_NLSFs.c.o
[36/184] Building C object CMakeFiles/opus.dir/silk/init_encoder.c.o
[37/184] Building C object CMakeFiles/opus.dir/silk/bwexpander.c.o
[38/184] Building C object CMakeFiles/opus.dir/silk/bwexpander_32.c.o
[39/184] Building C object CMakeFiles/opus.dir/silk/NLSF_encode.c.o
[40/184] Building C object CMakeFiles/opus.dir/silk/log2lin.c.o
[41/184] Building C object CMakeFiles/opus.dir/silk/control_codec.c.o
[42/184] Building C object CMakeFiles/opus.dir/silk/lin2log.c.o
[43/184] Building C object CMakeFiles/opus.dir/silk/ana_filt_bank_1.c.o
[44/184] Building C object CMakeFiles/opus.dir/silk/NSQ.c.o
[45/184] Building C object CMakeFiles/opus.dir/silk/decode_pitch.c.o
[46/184] Building C object CMakeFiles/opus.dir/src/opus.c.o
[47/184] Building C object CMakeFiles/opus.dir/silk/inner_prod_aligned.c.o
[48/184] Building C object CMakeFiles/opus.dir/silk/CNG.c.o
[49/184] Building C object CMakeFiles/opus.dir/src/opus_multistream_decoder.c.o
[50/184] Building C object CMakeFiles/opus.dir/silk/table_LSF_cos.c.o
[51/184] Building C object CMakeFiles/opus.dir/silk/pitch_est_tables.c.o
[52/184] Building C object CMakeFiles/opus.dir/src/mlp.c.o
[53/184] Building C object CMakeFiles/opus.dir/silk/PLC.c.o
[54/184] Building C object CMakeFiles/opus.dir/silk/stereo_MS_to_LR.c.o
[55/184] Building C object CMakeFiles/opus.dir/silk/biquad_alt.c.o
[56/184] Building C object CMakeFiles/opus.dir/silk/NLSF_VQ_weights_laroia.c.o
[57/184] Building C object CMakeFiles/opus.dir/silk/resampler_rom.c.o
[58/184] Building C object CMakeFiles/opus.dir/silk/decode_core.c.o
[59/184] Building C object CMakeFiles/opus.dir/silk/sigm_Q15.c.o
[60/184] Building C object CMakeFiles/opus.dir/silk/resampler_private_AR2.c.o
[61/184] Building C object CMakeFiles/opus.dir/silk/resampler.c.o
[62/184] Building C object CMakeFiles/opus.dir/silk/LPC_analysis_filter.c.o
[63/184] Building C object CMakeFiles/opus.dir/silk/resampler_down2_3.c.o
[64/184] Building C object CMakeFiles/opus.dir/silk/resampler_down2.c.o
[65/184] Building C object CMakeFiles/opus.dir/silk/VAD.c.o
[66/184] Building C object CMakeFiles/opus.dir/src/mapping_matrix.c.o
[67/184] Building C object CMakeFiles/opus.dir/src/repacketizer.c.o
[68/184] Building C object CMakeFiles/opus.dir/silk/resampler_private_IIR_FIR.c.o
[69/184] Building C object CMakeFiles/opus.dir/silk/stereo_encode_pred.c.o
[70/184] Building C object CMakeFiles/opus.dir/silk/stereo_decode_pred.c.o
[71/184] Building C object CMakeFiles/opus.dir/celt/entcode.c.o
[72/184] Building C object CMakeFiles/opus.dir/silk/NLSF_del_dec_quant.c.o
[73/184] Building C object CMakeFiles/opus.dir/silk/resampler_private_up2_HQ.c.o
[74/184] Building C object CMakeFiles/opus.dir/silk/dec_API.c.o
[75/184] Building C object CMakeFiles/opus.dir/silk/LPC_inv_pred_gain.c.o
[76/184] Building C object CMakeFiles/opus.dir/celt/celt.c.o
[77/184] Building C object CMakeFiles/opus.dir/silk/sort.c.o
[78/184] Building C object CMakeFiles/opus.dir/silk/NLSF_stabilize.c.o
[79/184] Building C object CMakeFiles/opus.dir/silk/stereo_LR_to_MS.c.o
[80/184] Building C object CMakeFiles/opus.dir/silk/stereo_quant_pred.c.o
[81/184] Building C object CMakeFiles/opus.dir/src/extensions.c.o
/home/jeremy/agent-worktrees/460f1777/wt-pr5146/build/build_opus-prefix/src/build_opus/src/extensions.c: In function 'opus_packet_extensions_generate':
/home/jeremy/agent-worktrees/460f1777/wt-pr5146/build/build_opus-prefix/src/build_opus/src/extensions.c:504:18: warning: variable 'trailing_short_len' set but not used [-Wunused-but-set-variable=]
  504 |       opus_int32 trailing_short_len;
      |                  ^~~~~~~~~~~~~~~~~~
[82/184] Building C object CMakeFiles/opus.dir/silk/sum_sqr_shift.c.o
[83/184] Building C object CMakeFiles/opus.dir/silk/NLSF2A.c.o
[84/184] Building C object CMakeFiles/opus.dir/silk/stereo_find_predictor.c.o
[85/184] Building C object CMakeFiles/opus.dir/celt/entdec.c.o
[86/184] Building C object CMakeFiles/opus.dir/celt/modes.c.o
[87/184] Building C object CMakeFiles/opus.dir/silk/float/apply_sine_window_FLP.c.o
[88/184] Building C object CMakeFiles/opus.dir/silk/resampler_private_down_FIR.c.o
[89/184] Building C object CMakeFiles/opus.dir/celt/mathops.c.o
[90/184] Building C object CMakeFiles/opus.dir/celt/laplace.c.o
[91/184] Building C object CMakeFiles/opus.dir/silk/float/LTP_scale_ctrl_FLP.c.o
[92/184] Building C object CMakeFiles/opus.dir/silk/float/corrMatrix_FLP.c.o
[93/184] Building C object CMakeFiles/opus.dir/celt/cwrs.c.o
[94/184] Building C object CMakeFiles/opus.dir/silk/float/find_pred_coefs_FLP.c.o
[95/184] Building C object CMakeFiles/opus.dir/silk/float/find_LPC_FLP.c.o
[96/184] Building C object CMakeFiles/opus.dir/silk/float/find_LTP_FLP.c.o
[97/184] Building C object CMakeFiles/opus.dir/silk/LPC_fit.c.o
[98/184] Building C object CMakeFiles/opus.dir/silk/float/find_pitch_lags_FLP.c.o
[99/184] Building C object CMakeFiles/opus.dir/silk/float/autocorrelation_FLP.c.o
[100/184] Building C object CMakeFiles/opus.dir/silk/float/regularize_correlations_FLP.c.o
[101/184] Building C object CMakeFiles/opus.dir/silk/float/bwexpander_FLP.c.o
[102/184] Building C object CMakeFiles/opus.dir/silk/float/LTP_analysis_filter_FLP.c.o
[103/184] Building C object CMakeFiles/opus.dir/celt/entenc.c.o
[104/184] Building C object CMakeFiles/opus.dir/silk/float/process_gains_FLP.c.o
[105/184] Building C object CMakeFiles/opus.dir/silk/float/warped_autocorrelation_FLP.c.o
[106/184] Building C object CMakeFiles/opus.dir/silk/float/wrappers_FLP.c.o
[107/184] Building C object CMakeFiles/opus.dir/silk/float/k2a_FLP.c.o
[108/184] Building C object CMakeFiles/opus.dir/silk/float/energy_FLP.c.o
[109/184] Building C object CMakeFiles/opus.dir/silk/float/residual_energy_FLP.c.o
[110/184] Building C object CMakeFiles/opus.dir/silk/float/LPC_inv_pred_gain_FLP.c.o
[111/184] Building C object CMakeFiles/opus.dir/silk/float/inner_product_FLP.c.o
[112/184] Building C object CMakeFiles/opus.dir/silk/float/scale_vector_FLP.c.o
[113/184] Building C object CMakeFiles/opus.dir/celt/vq.c.o
[114/184] Building C object CMakeFiles/opus.dir/celt/mdct.c.o
[115/184] Building C object CMakeFiles/opus.dir/silk/enc_API.c.o
[116/184] Building C object CMakeFiles/opus.dir/silk/A2NLSF.c.o
[117/184] Building C object CMakeFiles/opus.dir/dnn/lpcnet_tables.c.o
[118/184] Building C object CMakeFiles/opus.dir/celt/quant_bands.c.o
[119/184] Building C object CMakeFiles/opus.dir/silk/float/scale_copy_vector_FLP.c.o
[120/184] Building C object CMakeFiles/opus.dir/silk/float/sort_FLP.c.o
[121/184] Building C object CMakeFiles/opus.dir/celt/celt_lpc.c.o
[122/184] Building C object CMakeFiles/opus.dir/silk/float/schur_FLP.c.o
[123/184] Building C object CMakeFiles/opus.dir/dnn/dred_rdovae_stats_data.c.o
[124/184] Building C object CMakeFiles/opus.dir/silk/float/LPC_analysis_filter_FLP.c.o
[125/184] Building C object CMakeFiles/opus.dir/dnn/lpcnet_enc.c.o
[126/184] Building C object CMakeFiles/opus.dir/dnn/dred_rdovae_enc.c.o
[127/184] Building C object CMakeFiles/opus.dir/silk/float/encode_frame_FLP.c.o
[128/184] Building C object CMakeFiles/opus.dir/dnn/pitchdnn.c.o
[129/184] Building C object CMakeFiles/opus.dir/dnn/lpcnet_plc.c.o
[130/184] Building C object CMakeFiles/opus.dir/dnn/dred_coding.c.o
[131/184] Building C object CMakeFiles/opus.dir/celt/kiss_fft.c.o
[132/184] Building C object CMakeFiles/opus.dir/dnn/dred_rdovae_dec.c.o
[133/184] Building C object CMakeFiles/opus.dir/silk/float/noise_shape_analysis_FLP.c.o
[134/184] Building C object CMakeFiles/opus.dir/dnn/dred_decoder.c.o
[135/184] Building C object CMakeFiles/opus.dir/celt/pitch.c.o
[136/184] Building C object CMakeFiles/opus.dir/dnn/fargan.c.o
[137/184] Building C object CMakeFiles/opus.dir/src/opus_decoder.c.o
[138/184] Building C object CMakeFiles/opus.dir/dnn/pitchdnn_data.c.o
[139/184] Building C object CMakeFiles/opus.dir/dnn/x86/x86_dnn_map.c.o
[140/184] Building C object CMakeFiles/opus.dir/celt/x86/x86_celt_map.c.o
[141/184] Building C object CMakeFiles/opus.dir/silk/NSQ_del_dec.c.o
[142/184] Building C object CMakeFiles/opus.dir/dnn/parse_lpcnet_weights.c.o
[143/184] Building C object CMakeFiles/opus.dir/src/opus_multistream_encoder.c.o
[144/184] Building C object CMakeFiles/opus.dir/celt/x86/x86cpu.c.o
[145/184] Building C object CMakeFiles/opus.dir/celt/x86/pitch_sse2.c.o
[146/184] Building C object CMakeFiles/opus.dir/silk/x86/x86_silk_map.c.o
[147/184] Building C object CMakeFiles/opus.dir/dnn/freq.c.o
[148/184] Building C object CMakeFiles/opus.dir/celt/x86/celt_lpc_sse4_1.c.o
[149/184] Building C object CMakeFiles/opus.dir/celt/x86/pitch_sse4_1.c.o
[150/184] Building C object CMakeFiles/opus.dir/celt/rate.c.o
[151/184] Building C object CMakeFiles/opus.dir/celt/x86/vq_sse2.c.o
[152/184] Building C object CMakeFiles/opus.dir/silk/float/burg_modified_FLP.c.o
[153/184] Building C object CMakeFiles/opus.dir/celt/x86/pitch_sse.c.o
[154/184] Building C object CMakeFiles/opus.dir/dnn/osce.c.o
[155/184] Building C object CMakeFiles/opus.dir/silk/x86/VQ_WMat_EC_sse4_1.c.o
[156/184] Building C object CMakeFiles/opus.dir/dnn/osce_features.c.o
/home/jeremy/agent-worktrees/460f1777/wt-pr5146/build/build_opus-prefix/src/build_opus/dnn/osce_features.c:105:20: warning: 'band_weights_bwe' defined but not used [-Wunused-const-variable=]
  105 | static const float band_weights_bwe[32] = {
      |                    ^~~~~~~~~~~~~~~~
/home/jeremy/agent-worktrees/460f1777/wt-pr5146/build/build_opus-prefix/src/build_opus/dnn/osce_features.c:71:18: warning: 'center_bins_bwe' defined but not used [-Wunused-const-variable=]
   71 | static const int center_bins_bwe[32] = {
      |                  ^~~~~~~~~~~~~~~
[157/184] Building C object CMakeFiles/opus.dir/dnn/dred_encoder.c.o
[158/184] Building C object CMakeFiles/opus.dir/src/analysis.c.o
[159/184] Building C object CMakeFiles/opus.dir/silk/x86/VAD_sse4_1.c.o
[160/184] Building C object CMakeFiles/opus.dir/dnn/burg.c.o
[161/184] Building C object CMakeFiles/opus.dir/dnn/nndsp.c.o
[162/184] Building C object CMakeFiles/opus.dir/silk/float/pitch_analysis_core_FLP.c.o
[163/184] Building C object CMakeFiles/opus.dir/silk/x86/NSQ_sse4_1.c.o
[164/184] Building C object CMakeFiles/opus.dir/celt/x86/pitch_avx.c.o
[165/184] Building C object CMakeFiles/opus.dir/dnn/nnet.c.o
[166/184] Building C object CMakeFiles/opus.dir/silk/float/x86/inner_product_FLP_avx2.c.o
[167/184] Building C object CMakeFiles/opus.dir/dnn/plc_data.c.o
[168/184] Building C object CMakeFiles/opus.dir/dnn/lace_data.c.o
[169/184] Building C object CMakeFiles/opus.dir/src/opus_encoder.c.o
[170/184] Building C object CMakeFiles/opus.dir/dnn/bbwenet_data.c.o
[171/184] Building C object CMakeFiles/opus.dir/dnn/nnet_default.c.o
[172/184] Building C object CMakeFiles/opus.dir/silk/x86/NSQ_del_dec_sse4_1.c.o
[173/184] Building C object CMakeFiles/opus.dir/celt/bands.c.o
[174/184] Building C object CMakeFiles/opus.dir/silk/x86/NSQ_del_dec_avx2.c.o
[175/184] Building C object CMakeFiles/opus.dir/celt/celt_decoder.c.o
/home/jeremy/agent-worktrees/460f1777/wt-pr5146/build/build_opus-prefix/src/build_opus/celt/celt_decoder.c: In function 'celt_plc_pitch_search':
/home/jeremy/agent-worktrees/460f1777/wt-pr5146/build/build_opus-prefix/src/build_opus/celt/celt_decoder.c:542:47: warning: unused parameter 'st' [-Wunused-parameter]
  542 | static int celt_plc_pitch_search(CELTDecoder *st, celt_sig *decode_mem[2], int C, int arch)
[176/184] Building C object CMakeFiles/opus.dir/dnn/dred_rdovae_dec_data.c.o
[177/184] Building C object CMakeFiles/opus.dir/dnn/fargan_data.c.o
[178/184] Building C object CMakeFiles/opus.dir/dnn/x86/nnet_avx2.c.o
[179/184] Building C object CMakeFiles/opus.dir/dnn/x86/nnet_sse2.c.o
[180/184] Building C object CMakeFiles/opus.dir/dnn/dred_rdovae_enc_data.c.o
[181/184] Building C object CMakeFiles/opus.dir/dnn/nolace_data.c.o
[182/184] Building C object CMakeFiles/opus.dir/dnn/x86/nnet_sse4_1.c.o
[183/184] Building C object CMakeFiles/opus.dir/celt/celt_encoder.c.o
[184/184] Linking C static library libopus.a
[233/1220] No install step for 'build_opus'
[234/1220] Building CXX object third_party/QGeoView/lib/CMakeFiles/qgeoview.dir/src/QGVMapQGView.cpp.o
[235/1220] Completed 'build_opus'
[236/1220] Building CXX object third_party/QGeoView/lib/CMakeFiles/qgeoview.dir/src/QGVWidgetText.cpp.o
[237/1220] Building CXX object third_party/whisper.cpp/ggml/src/CMakeFiles/ggml-base.dir/gguf.cpp.o
[238/1220] Building CXX object third_party/QGeoView/lib/CMakeFiles/qgeoview.dir/src/QGVLayerTiles.cpp.o
[239/1220] Building CXX object third_party/QGeoView/lib/CMakeFiles/qgeoview.dir/src/QGVWidgetZoom.cpp.o
[240/1220] Building CXX object third_party/QGeoView/lib/CMakeFiles/qgeoview.dir/src/QGVLayerTilesOnline.cpp.o
[241/1220] Linking CXX static library third_party/whisper.cpp/ggml/src/libggml-base.a
[242/1220] Building CXX object third_party/QGeoView/lib/CMakeFiles/qgeoview.dir/src/Raster/QGVIcon.cpp.o
[243/1220] Building CXX object third_party/QGeoView/lib/CMakeFiles/qgeoview.dir/src/QGVWidget.cpp.o
[244/1220] Automatic MOC and UIC for target ggml-cpu
[245/1220] Building CXX object third_party/whisper.cpp/ggml/src/CMakeFiles/ggml-cpu.dir/ggml-cpu_autogen/mocs_compilation.cpp.o
[246/1220] Building CXX object third_party/whisper.cpp/ggml/src/CMakeFiles/ggml-cpu.dir/ggml-cpu/hbm.cpp.o
[247/1220] Building CXX object third_party/QGeoView/lib/CMakeFiles/qgeoview.dir/src/QGVWidgetCompass.cpp.o
[248/1220] Building CXX object third_party/QGeoView/lib/CMakeFiles/qgeoview.dir/src/Raster/QGVImage.cpp.o
[249/1220] Building CXX object third_party/QGeoView/lib/CMakeFiles/qgeoview.dir/src/QGVWidgetScale.cpp.o
[250/1220] Building CXX object third_party/QGeoView/lib/CMakeFiles/qgeoview.dir/src/QGVMap.cpp.o
[251/1220] Building CXX object third_party/QGeoView/lib/CMakeFiles/qgeoview.dir/src/QGVLayerBing.cpp.o
[252/1220] Linking CXX static library third_party/QGeoView/lib/libqgeoview.a
[253/1220] Building CXX object third_party/whisper.cpp/ggml/src/CMakeFiles/ggml-cpu.dir/ggml-cpu/vec.cpp.o
[254/1220] Building CXX object third_party/whisper.cpp/ggml/src/CMakeFiles/ggml-cpu.dir/ggml-cpu/traits.cpp.o
[255/1220] Building CXX object third_party/whisper.cpp/ggml/src/CMakeFiles/ggml-cpu.dir/ggml-cpu/amx/amx.cpp.o
[256/1220] Building CXX object third_party/whisper.cpp/ggml/src/CMakeFiles/ggml-cpu.dir/ggml-cpu/amx/mmq.cpp.o
[257/1220] Building C object third_party/whisper.cpp/ggml/src/CMakeFiles/ggml-cpu.dir/ggml-cpu/ggml-cpu.c.o
[258/1220] Building C object third_party/whisper.cpp/ggml/src/CMakeFiles/ggml-cpu.dir/ggml-cpu/quants.c.o
[259/1220] Building CXX object third_party/whisper.cpp/ggml/src/CMakeFiles/ggml-cpu.dir/ggml-cpu/ggml-cpu.cpp.o
[260/1220] Building CXX object third_party/whisper.cpp/ggml/src/CMakeFiles/ggml-cpu.dir/ggml-cpu/binary-ops.cpp.o
[261/1220] Building C object third_party/whisper.cpp/ggml/src/CMakeFiles/ggml-cpu.dir/ggml-cpu/arch/x86/quants.c.o
[262/1220] Building CXX object third_party/whisper.cpp/ggml/src/CMakeFiles/ggml-cpu.dir/ggml-cpu/unary-ops.cpp.o
[263/1220] Building CXX object third_party/whisper.cpp/ggml/src/CMakeFiles/ggml-cpu.dir/ggml-cpu/arch/x86/repack.cpp.o
[264/1220] Building CXX object third_party/whisper.cpp/ggml/src/CMakeFiles/ggml-cpu.dir/ggml-cpu/repack.cpp.o
[265/1220] Building CXX object third_party/whisper.cpp/ggml/src/CMakeFiles/ggml-cpu.dir/ggml-cpu/ops.cpp.o
[266/1220] Linking CXX static library third_party/whisper.cpp/ggml/src/libggml-cpu.a
[267/1220] Performing build step for 'vulkan-shaders-gen'
[1/2] Building CXX object CMakeFiles/vulkan-shaders-gen.dir/vulkan-shaders-gen.cpp.o
/home/jeremy/agent-worktrees/460f1777/wt-pr5146/third_party/whisper.cpp/ggml/src/ggml-vulkan/vulkan-shaders/vulkan-shaders-gen.cpp: In function 'void {anonymous}::process_shaders()':
/home/jeremy/agent-worktrees/460f1777/wt-pr5146/third_party/whisper.cpp/ggml/src/ggml-vulkan/vulkan-shaders/vulkan-shaders-gen.cpp:622:6: note: variable tracking size limit exceeded with '-fvar-tracking-assignments', retrying without
  622 | void process_shaders() {
      |      ^~~~~~~~~~~~~~~
[2/2] Linking CXX executable vulkan-shaders-gen
[268/1220] Performing install step for 'vulkan-shaders-gen'
-- Installing: /home/jeremy/agent-worktrees/460f1777/wt-pr5146/build/RelWithDebInfo/vulkan-shaders-gen
[269/1220] Completed 'vulkan-shaders-gen'
[270/1220] Generate vulkan shaders header
[271/1220] Generate vulkan shaders for count_equal.comp
[272/1220] Generate vulkan shaders for dequant_iq3_xxs.comp
[273/1220] Generate vulkan shaders for dequant_iq2_xs.comp
[274/1220] Generate vulkan shaders for conv_transpose_1d.comp
[275/1220] Generate vulkan shaders for add1.comp
[276/1220] Generate vulkan shaders for add_id.comp
[277/1220] Generate vulkan shaders for cumsum_multipass1.comp
[278/1220] Generate vulkan shaders for count_experts.comp
[279/1220] Generate vulkan shaders for cumsum_multipass2.comp
[280/1220] Generate vulkan shaders for acc.comp
[281/1220] Generate vulkan shaders for copy_transpose.comp
[282/1220] Generate vulkan shaders for arange.comp
[283/1220] Generate vulkan shaders for dequant_iq1_m.comp
[284/1220] Generate vulkan shaders for col2im_1d.comp
[285/1220] Generate vulkan shaders for dequant_iq2_xxs.comp
[286/1220] Generate vulkan shaders for dequant_f32.comp
[287/1220] Generate vulkan shaders for dequant_iq1_s.comp
[288/1220] Generate vulkan shaders for cumsum.comp
[289/1220] Generate vulkan shaders for dequant_iq3_s.comp
[290/1220] Generate vulkan shaders for dequant_iq4_nl.comp
[291/1220] Generate vulkan shaders for copy.comp
[292/1220] Generate vulkan shaders for dequant_iq2_s.comp
[293/1220] Generate vulkan shaders for argsort.comp
[294/1220] Generate vulkan shaders for contig_copy.comp
[295/1220] Generate vulkan shaders for add.comp
[296/1220] Generate vulkan shaders for conv2d_dw.comp
[297/1220] Generate vulkan shaders for conv3d_mm.comp
[298/1220] Generate vulkan shaders for argsort_large.comp
[299/1220] Generate vulkan shaders for argmax.comp
[300/1220] Generate vulkan shaders for concat.comp
[301/1220] Generate vulkan shaders for copy_from_quant.comp
[302/1220] Generate vulkan shaders for conv2d_mm.comp
[303/1220] Generate vulkan shaders for dequant_q1_0.comp
[304/1220] Generate vulkan shaders for dequant_q5_k.comp
[305/1220] Generate vulkan shaders for dequant_q4_k.comp
[306/1220] Generate vulkan shaders for dequant_mxfp4.comp
[307/1220] Generate vulkan shaders for dequant_q2_k.comp
[308/1220] Generate vulkan shaders for dequant_q5_1.comp
[309/1220] Generate vulkan shaders for diag_mask_inf.comp
[310/1220] Generate vulkan shaders for dequant_q3_k.comp
[311/1220] Generate vulkan shaders for dequant_nvfp4.comp
[312/1220] Generate vulkan shaders for dequant_iq4_xs.comp
[313/1220] Generate vulkan shaders for dequant_q4_1.comp
[314/1220] Generate vulkan shaders for dequant_q6_k.comp
[315/1220] Generate vulkan shaders for dequant_q5_0.comp
[316/1220] Generate vulkan shaders for div.comp
[317/1220] Generate vulkan shaders for dequant_q4_0.comp
[318/1220] Generate vulkan shaders for fill.comp
[319/1220] Generate vulkan shaders for diag.comp
[320/1220] Generate vulkan shaders for flash_attn_cm1.comp
[321/1220] Generate vulkan shaders for fwht.comp
[322/1220] Generate vulkan shaders for geglu_erf.comp
[323/1220] Generate vulkan shaders for get_rows_back.comp
[324/1220] Generate vulkan shaders for dequant_q8_0.comp
[325/1220] Generate vulkan shaders for geglu_quick.comp
[326/1220] Generate vulkan shaders for geglu.comp
[327/1220] Generate vulkan shaders for gated_delta_net.comp
[328/1220] Generate vulkan shaders for flash_attn_split_k_reduce.comp
[329/1220] Generate vulkan shaders for get_rows.comp
[330/1220] Generate vulkan shaders for flash_attn_cm2.comp
[331/1220] Generate vulkan shaders for copy_to_quant.comp
[332/1220] Generate vulkan shaders for flash_attn_mask_opt.comp
[333/1220] Generate vulkan shaders for l2_norm.comp
[334/1220] Generate vulkan shaders for group_norm.comp
[335/1220] Generate vulkan shaders for im2col.comp
[336/1220] Generate vulkan shaders for mul_mat_split_k_reduce.comp
[337/1220] Generate vulkan shaders for log.comp
[338/1220] Generate vulkan shaders for im2col_3d.comp
[339/1220] Generate vulkan shaders for mul.comp
[340/1220] Generate vulkan shaders for mul_mat_vec_nc.comp
[341/1220] Generate vulkan shaders for opt_step_adamw.comp
[342/1220] Generate vulkan shaders for norm.comp
[343/1220] Generate vulkan shaders for mul_mat_vec_p021.comp
[344/1220] Generate vulkan shaders for pad.comp
[345/1220] Generate vulkan shaders for mul_mat_vec_iq1_s.comp
[346/1220] Generate vulkan shaders for mul_mat_vec_q4_k.comp
[347/1220] Generate vulkan shaders for pool2d.comp
[348/1220] Generate vulkan shaders for mul_mat_vec_iq3_s.comp
[349/1220] Generate vulkan shaders for multi_add.comp
[350/1220] Generate vulkan shaders for mul_mat_vec_q5_k.comp
[351/1220] Generate vulkan shaders for opt_step_sgd.comp
[352/1220] Generate vulkan shaders for mul_mat_vec_iq3_xxs.comp
[353/1220] Generate vulkan shaders for flash_attn.comp
[354/1220] Generate vulkan shaders for mul_mat_vec_iq1_m.comp
[355/1220] Generate vulkan shaders for mul_mat_vec_iq2_xxs.comp
[356/1220] Generate vulkan shaders for mul_mat_vec_iq2_s.comp
[357/1220] Generate vulkan shaders for mul_mat_vec_iq2_xs.comp
[358/1220] Generate vulkan shaders for quantize_q8_1.comp
[359/1220] Generate vulkan shaders for repeat.comp
[360/1220] Generate vulkan shaders for reglu.comp
[361/1220] Generate vulkan shaders for mul_mat_vec_q6_k.comp
[362/1220] Generate vulkan shaders for mul_mat_vec_q2_k.comp
[363/1220] Generate vulkan shaders for mul_mat_vec_q3_k.comp
[364/1220] Generate vulkan shaders for repeat_back.comp
[365/1220] Generate vulkan shaders for rms_norm_back.comp
[366/1220] Generate vulkan shaders for roll.comp
[367/1220] Generate vulkan shaders for rms_norm_partials.comp
[368/1220] Generate vulkan shaders for rope_multi.comp
[369/1220] Generate vulkan shaders for rope_neox.comp
[370/1220] Generate vulkan shaders for soft_max_back.comp
[371/1220] Generate vulkan shaders for rope_vision.comp
[372/1220] Generate vulkan shaders for snake.comp
[373/1220] Generate vulkan shaders for rope_norm.comp
[374/1220] Generate vulkan shaders for soft_max_large2.comp
[375/1220] Generate vulkan shaders for silu_back.comp
[376/1220] Generate vulkan shaders for scale.comp
[377/1220] Generate vulkan shaders for soft_max_large3.comp
[378/1220] Generate vulkan shaders for soft_max_large1.comp
[379/1220] Generate vulkan shaders for ssm_conv.comp
[380/1220] Generate vulkan shaders for solve_tri.comp
[381/1220] Generate vulkan shaders for timestep_embedding.comp
[382/1220] Generate vulkan shaders for sum_rows.comp
[383/1220] Generate vulkan shaders for get_rows_quant.comp
[384/1220] Generate vulkan shaders for rms_norm.comp
[385/1220] Generate vulkan shaders for swiglu.comp
[386/1220] Generate vulkan shaders for ssm_scan.comp
[387/1220] Generate vulkan shaders for swiglu_oai.comp
[388/1220] Generate vulkan shaders for sub.comp
[389/1220] Generate vulkan shaders for topk_argsort.comp
[390/1220] Generate vulkan shaders for topk_nary_search.comp
[391/1220] Generate vulkan shaders for topk_moe.comp
[392/1220] Generate vulkan shaders for tri.comp
[393/1220] Generate vulkan shaders for upscale.comp
[394/1220] Generate vulkan shaders for wkv6.comp
[395/1220] Generate vulkan shaders for soft_max.comp
[396/1220] Generate vulkan shaders for wkv7.comp
[397/1220] Generate vulkan shaders for unary.comp
[398/1220] Generate vulkan shaders for mul_mmq.comp
[399/1220] Generate vulkan shaders for mul_mat_vecq.comp
[400/1220] Generate vulkan shaders for mul_mm_cm2.comp
[401/1220] Generate vulkan shaders for mul_mat_vec.comp
[402/1220] Generate vulkan shaders for mul_mm.comp
[403/1220] Automatic MOC and UIC for target ggml-vulkan
[404/1220] Building CXX object third_party/whisper.cpp/ggml/src/ggml-vulkan/CMakeFiles/ggml-vulkan.dir/ggml-vulkan_autogen/mocs_compilation.cpp.o
[405/1220] Building CXX object third_party/whisper.cpp/ggml/src/ggml-vulkan/CMakeFiles/ggml-vulkan.dir/acc.comp.cpp.o
[406/1220] Building CXX object third_party/whisper.cpp/ggml/src/ggml-vulkan/CMakeFiles/ggml-vulkan.dir/argmax.comp.cpp.o
[407/1220] Building CXX object third_party/whisper.cpp/ggml/src/ggml-vulkan/CMakeFiles/ggml-vulkan.dir/cumsum.comp.cpp.o
[408/1220] Building CXX object third_party/whisper.cpp/ggml/src/ggml-vulkan/CMakeFiles/ggml-vulkan.dir/argsort_large.comp.cpp.o
[409/1220] Building CXX object third_party/whisper.cpp/ggml/src/ggml-vulkan/CMakeFiles/ggml-vulkan.dir/conv_transpose_1d.comp.cpp.o
[410/1220] Building CXX object third_party/whisper.cpp/ggml/src/ggml-vulkan/CMakeFiles/ggml-vulkan.dir/cumsum_multipass2.comp.cpp.o
[411/1220] Building CXX object third_party/whisper.cpp/ggml/src/ggml-vulkan/CMakeFiles/ggml-vulkan.dir/add_id.comp.cpp.o
[412/1220] Building CXX object third_party/whisper.cpp/ggml/src/ggml-vulkan/CMakeFiles/ggml-vulkan.dir/add1.comp.cpp.o
[413/1220] Building CXX object third_party/whisper.cpp/ggml/src/ggml-vulkan/CMakeFiles/ggml-vulkan.dir/arange.comp.cpp.o
[414/1220] Building CXX object third_party/whisper.cpp/ggml/src/ggml-vulkan/CMakeFiles/ggml-vulkan.dir/col2im_1d.comp.cpp.o
[415/1220] Building CXX object third_party/whisper.cpp/ggml/src/ggml-vulkan/CMakeFiles/ggml-vulkan.dir/concat.comp.cpp.o
[416/1220] Building CXX object third_party/whisper.cpp/ggml/src/ggml-vulkan/CMakeFiles/ggml-vulkan.dir/argsort.comp.cpp.o
[417/1220] Building CXX object third_party/whisper.cpp/ggml/src/ggml-vulkan/CMakeFiles/ggml-vulkan.dir/dequant_iq1_m.comp.cpp.o
[418/1220] Building CXX object third_party/whisper.cpp/ggml/src/ggml-vulkan/CMakeFiles/ggml-vulkan.dir/count_experts.comp.cpp.o
[419/1220] Building CXX object third_party/whisper.cpp/ggml/src/ggml-vulkan/CMakeFiles/ggml-vulkan.dir/contig_copy.comp.cpp.o
[420/1220] Building CXX object third_party/whisper.cpp/ggml/src/ggml-vulkan/CMakeFiles/ggml-vulkan.dir/cumsum_multipass1.comp.cpp.o
[421/1220] Building CXX object third_party/whisper.cpp/ggml/src/ggml-vulkan/CMakeFiles/ggml-vulkan.dir/dequant_iq2_xs.comp.cpp.o
[422/1220] Building CXX object third_party/whisper.cpp/ggml/src/ggml-vulkan/CMakeFiles/ggml-vulkan.dir/dequant_f32.comp.cpp.o
[423/1220] Building CXX object third_party/whisper.cpp/ggml/src/ggml-vulkan/CMakeFiles/ggml-vulkan.dir/conv2d_dw.comp.cpp.o
[424/1220] Building CXX object third_party/whisper.cpp/ggml/src/ggml-vulkan/CMakeFiles/ggml-vulkan.dir/copy.comp.cpp.o
[425/1220] Building CXX object third_party/whisper.cpp/ggml/src/ggml-vulkan/CMakeFiles/ggml-vulkan.dir/dequant_iq2_s.comp.cpp.o
[426/1220] Building CXX object third_party/whisper.cpp/ggml/src/ggml-vulkan/CMakeFiles/ggml-vulkan.dir/count_equal.comp.cpp.o
[427/1220] Building CXX object third_party/whisper.cpp/ggml/src/ggml-vulkan/CMakeFiles/ggml-vulkan.dir/dequant_iq1_s.comp.cpp.o
[428/1220] Building CXX object third_party/whisper.cpp/ggml/src/ggml-vulkan/CMakeFiles/ggml-vulkan.dir/dequant_iq2_xxs.comp.cpp.o
[429/1220] Building CXX object third_party/whisper.cpp/ggml/src/ggml-vulkan/CMakeFiles/ggml-vulkan.dir/conv3d_mm.comp.cpp.o
[430/1220] Building CXX object third_party/whisper.cpp/ggml/src/ggml-vulkan/CMakeFiles/ggml-vulkan.dir/dequant_nvfp4.comp.cpp.o
[431/1220] Building CXX object third_party/whisper.cpp/ggml/src/ggml-vulkan/CMakeFiles/ggml-vulkan.dir/dequant_iq3_s.comp.cpp.o
[432/1220] Building CXX object third_party/whisper.cpp/ggml/src/ggml-vulkan/CMakeFiles/ggml-vulkan.dir/dequant_iq3_xxs.comp.cpp.o
[433/1220] Building CXX object third_party/whisper.cpp/ggml/src/ggml-vulkan/CMakeFiles/ggml-vulkan.dir/dequant_q1_0.comp.cpp.o
[434/1220] Building CXX object third_party/whisper.cpp/ggml/src/ggml-vulkan/CMakeFiles/ggml-vulkan.dir/dequant_mxfp4.comp.cpp.o
[435/1220] Building CXX object third_party/whisper.cpp/ggml/src/ggml-vulkan/CMakeFiles/ggml-vulkan.dir/dequant_q4_0.comp.cpp.o
[436/1220] Building CXX object third_party/whisper.cpp/ggml/src/ggml-vulkan/CMakeFiles/ggml-vulkan.dir/dequant_iq4_xs.comp.cpp.o
[437/1220] Building CXX object third_party/whisper.cpp/ggml/src/ggml-vulkan/CMakeFiles/ggml-vulkan.dir/dequant_q4_k.comp.cpp.o
[438/1220] Building CXX object third_party/whisper.cpp/ggml/src/ggml-vulkan/CMakeFiles/ggml-vulkan.dir/dequant_q5_0.comp.cpp.o
[439/1220] Building CXX object third_party/whisper.cpp/ggml/src/ggml-vulkan/CMakeFiles/ggml-vulkan.dir/copy_from_quant.comp.cpp.o
[440/1220] Building CXX object third_party/whisper.cpp/ggml/src/ggml-vulkan/CMakeFiles/ggml-vulkan.dir/add.comp.cpp.o
[441/1220] Building CXX object third_party/whisper.cpp/ggml/src/ggml-vulkan/CMakeFiles/ggml-vulkan.dir/dequant_q5_1.comp.cpp.o
[442/1220] Building CXX object third_party/whisper.cpp/ggml/src/ggml-vulkan/CMakeFiles/ggml-vulkan.dir/dequant_q5_k.comp.cpp.o
[443/1220] Building CXX object third_party/whisper.cpp/ggml/src/ggml-vulkan/CMakeFiles/ggml-vulkan.dir/dequant_q6_k.comp.cpp.o
[444/1220] Building CXX object third_party/whisper.cpp/ggml/src/ggml-vulkan/CMakeFiles/ggml-vulkan.dir/dequant_q4_1.comp.cpp.o
[445/1220] Building CXX object third_party/whisper.cpp/ggml/src/ggml-vulkan/CMakeFiles/ggml-vulkan.dir/dequant_q8_0.comp.cpp.o
[446/1220] Building CXX object third_party/whisper.cpp/ggml/src/ggml-vulkan/CMakeFiles/ggml-vulkan.dir/dequant_q2_k.comp.cpp.o
[447/1220] Building CXX object third_party/whisper.cpp/ggml/src/ggml-vulkan/CMakeFiles/ggml-vulkan.dir/fill.comp.cpp.o
[448/1220] Building CXX object third_party/whisper.cpp/ggml/src/ggml-vulkan/CMakeFiles/ggml-vulkan.dir/dequant_iq4_nl.comp.cpp.o
[449/1220] Building CXX object third_party/whisper.cpp/ggml/src/ggml-vulkan/CMakeFiles/ggml-vulkan.dir/diag.comp.cpp.o
[450/1220] Building CXX object third_party/whisper.cpp/ggml/src/ggml-vulkan/CMakeFiles/ggml-vulkan.dir/diag_mask_inf.comp.cpp.o
[451/1220] Building CXX object third_party/whisper.cpp/ggml/src/ggml-vulkan/CMakeFiles/ggml-vulkan.dir/copy_transpose.comp.cpp.o
[452/1220] Building CXX object third_party/whisper.cpp/ggml/src/ggml-vulkan/CMakeFiles/ggml-vulkan.dir/div.comp.cpp.o
[453/1220] Building CXX object third_party/whisper.cpp/ggml/src/ggml-vulkan/CMakeFiles/ggml-vulkan.dir/flash_attn_mask_opt.comp.cpp.o
[454/1220] Building CXX object third_party/whisper.cpp/ggml/src/ggml-vulkan/CMakeFiles/ggml-vulkan.dir/dequant_q3_k.comp.cpp.o
[455/1220] Building CXX object third_party/whisper.cpp/ggml/src/ggml-vulkan/CMakeFiles/ggml-vulkan.dir/flash_attn_split_k_reduce.comp.cpp.o
[456/1220] Building CXX object third_party/whisper.cpp/ggml/src/ggml-vulkan/CMakeFiles/ggml-vulkan.dir/get_rows_back.comp.cpp.o
[457/1220] Building CXX object third_party/whisper.cpp/ggml/src/ggml-vulkan/CMakeFiles/ggml-vulkan.dir/fwht.comp.cpp.o
[458/1220] Building CXX object third_party/whisper.cpp/ggml/src/ggml-vulkan/CMakeFiles/ggml-vulkan.dir/geglu_erf.comp.cpp.o
[459/1220] Building CXX object third_party/whisper.cpp/ggml/src/ggml-vulkan/CMakeFiles/ggml-vulkan.dir/gated_delta_net.comp.cpp.o
[460/1220] Building CXX object third_party/whisper.cpp/ggml/src/ggml-vulkan/CMakeFiles/ggml-vulkan.dir/geglu.comp.cpp.o
[461/1220] Building CXX object third_party/whisper.cpp/ggml/src/ggml-vulkan/CMakeFiles/ggml-vulkan.dir/conv2d_mm.comp.cpp.o
[462/1220] Building CXX object third_party/whisper.cpp/ggml/src/ggml-vulkan/CMakeFiles/ggml-vulkan.dir/log.comp.cpp.o
[463/1220] Building CXX object third_party/whisper.cpp/ggml/src/ggml-vulkan/CMakeFiles/ggml-vulkan.dir/group_norm.comp.cpp.o
[464/1220] Building CXX object third_party/whisper.cpp/ggml/src/ggml-vulkan/CMakeFiles/ggml-vulkan.dir/mul_mat_split_k_reduce.comp.cpp.o
[465/1220] Building CXX object third_party/whisper.cpp/ggml/src/ggml-vulkan/CMakeFiles/ggml-vulkan.dir/geglu_quick.comp.cpp.o
[466/1220] Building CXX object third_party/whisper.cpp/ggml/src/ggml-vulkan/CMakeFiles/ggml-vulkan.dir/im2col.comp.cpp.o
[467/1220] Building CXX object third_party/whisper.cpp/ggml/src/ggml-vulkan/CMakeFiles/ggml-vulkan.dir/l2_norm.comp.cpp.o
[468/1220] Building CXX object third_party/whisper.cpp/ggml/src/ggml-vulkan/CMakeFiles/ggml-vulkan.dir/im2col_3d.comp.cpp.o
[469/1220] Building CXX object third_party/whisper.cpp/ggml/src/ggml-vulkan/CMakeFiles/ggml-vulkan.dir/get_rows.comp.cpp.o
[470/1220] Building CXX object third_party/whisper.cpp/ggml/src/ggml-vulkan/CMakeFiles/ggml-vulkan.dir/flash_attn_cm2.comp.cpp.o
[471/1220] Building CXX object third_party/whisper.cpp/ggml/src/ggml-vulkan/CMakeFiles/ggml-vulkan.dir/mul.comp.cpp.o
[472/1220] Building CXX object third_party/whisper.cpp/ggml/src/ggml-vulkan/CMakeFiles/ggml-vulkan.dir/copy_to_quant.comp.cpp.o
[473/1220] Building CXX object third_party/whisper.cpp/ggml/src/ggml-vulkan/CMakeFiles/ggml-vulkan.dir/flash_attn_cm1.comp.cpp.o
[474/1220] Building CXX object third_party/whisper.cpp/ggml/src/ggml-vulkan/CMakeFiles/ggml-vulkan.dir/mul_mat_vec_p021.comp.cpp.o
[475/1220] Building CXX object third_party/whisper.cpp/ggml/src/ggml-vulkan/CMakeFiles/ggml-vulkan.dir/mul_mat_vec_nc.comp.cpp.o
[476/1220] Building CXX object third_party/whisper.cpp/ggml/src/ggml-vulkan/CMakeFiles/ggml-vulkan.dir/norm.comp.cpp.o
[477/1220] Building CXX object third_party/whisper.cpp/ggml/src/ggml-vulkan/CMakeFiles/ggml-vulkan.dir/opt_step_sgd.comp.cpp.o
[478/1220] Building CXX object third_party/whisper.cpp/ggml/src/ggml-vulkan/CMakeFiles/ggml-vulkan.dir/pad.comp.cpp.o
[479/1220] Building CXX object third_party/whisper.cpp/ggml/src/ggml-vulkan/CMakeFiles/ggml-vulkan.dir/pool2d.comp.cpp.o
[480/1220] Building CXX object third_party/whisper.cpp/ggml/src/ggml-vulkan/CMakeFiles/ggml-vulkan.dir/opt_step_adamw.comp.cpp.o
[481/1220] Building CXX object third_party/whisper.cpp/ggml/src/ggml-vulkan/CMakeFiles/ggml-vulkan.dir/multi_add.comp.cpp.o
[482/1220] Building CXX object third_party/whisper.cpp/ggml/src/ggml-vulkan/CMakeFiles/ggml-vulkan.dir/quantize_q8_1.comp.cpp.o
[483/1220] Building CXX object third_party/whisper.cpp/ggml/src/ggml-vulkan/CMakeFiles/ggml-vulkan.dir/reglu.comp.cpp.o
[484/1220] Building CXX object third_party/whisper.cpp/ggml/src/ggml-vulkan/CMakeFiles/ggml-vulkan.dir/mul_mat_vec_q5_k.comp.cpp.o
[485/1220] Building CXX object third_party/whisper.cpp/ggml/src/ggml-vulkan/CMakeFiles/ggml-vulkan.dir/mul_mat_vec_iq3_xxs.comp.cpp.o
[486/1220] Building CXX object third_party/whisper.cpp/ggml/src/ggml-vulkan/CMakeFiles/ggml-vulkan.dir/repeat.comp.cpp.o
[487/1220] Building CXX object third_party/whisper.cpp/ggml/src/ggml-vulkan/CMakeFiles/ggml-vulkan.dir/mul_mat_vec_iq3_s.comp.cpp.o
[488/1220] Building CXX object third_party/whisper.cpp/ggml/src/ggml-vulkan/CMakeFiles/ggml-vulkan.dir/mul_mat_vec_q6_k.comp.cpp.o
[489/1220] Building CXX object third_party/whisper.cpp/ggml/src/ggml-vulkan/CMakeFiles/ggml-vulkan.dir/mul_mat_vec_iq2_xxs.comp.cpp.o
[490/1220] Building CXX object third_party/whisper.cpp/ggml/src/ggml-vulkan/CMakeFiles/ggml-vulkan.dir/mul_mat_vec_iq1_s.comp.cpp.o
[491/1220] Building CXX object third_party/whisper.cpp/ggml/src/ggml-vulkan/CMakeFiles/ggml-vulkan.dir/repeat_back.comp.cpp.o
[492/1220] Building CXX object third_party/whisper.cpp/ggml/src/ggml-vulkan/CMakeFiles/ggml-vulkan.dir/rms_norm_back.comp.cpp.o
[493/1220] Building CXX object third_party/whisper.cpp/ggml/src/ggml-vulkan/CMakeFiles/ggml-vulkan.dir/mul_mat_vec_iq1_m.comp.cpp.o
[494/1220] Building CXX object third_party/whisper.cpp/ggml/src/ggml-vulkan/CMakeFiles/ggml-vulkan.dir/mul_mat_vec_iq2_xs.comp.cpp.o
[495/1220] Building CXX object third_party/whisper.cpp/ggml/src/ggml-vulkan/CMakeFiles/ggml-vulkan.dir/roll.comp.cpp.o
[496/1220] Building CXX object third_party/whisper.cpp/ggml/src/ggml-vulkan/CMakeFiles/ggml-vulkan.dir/mul_mat_vec_q4_k.comp.cpp.o
[497/1220] Building CXX object third_party/whisper.cpp/ggml/src/ggml-vulkan/CMakeFiles/ggml-vulkan.dir/mul_mat_vec_iq2_s.comp.cpp.o
[498/1220] Building CXX object third_party/whisper.cpp/ggml/src/ggml-vulkan/CMakeFiles/ggml-vulkan.dir/rope_multi.comp.cpp.o
[499/1220] Building CXX object third_party/whisper.cpp/ggml/src/ggml-vulkan/CMakeFiles/ggml-vulkan.dir/scale.comp.cpp.o
[500/1220] Building CXX object third_party/whisper.cpp/ggml/src/ggml-vulkan/CMakeFiles/ggml-vulkan.dir/silu_back.comp.cpp.o
[501/1220] Building CXX object third_party/whisper.cpp/ggml/src/ggml-vulkan/CMakeFiles/ggml-vulkan.dir/rope_neox.comp.cpp.o
[502/1220] Building CXX object third_party/whisper.cpp/ggml/src/ggml-vulkan/CMakeFiles/ggml-vulkan.dir/rope_norm.comp.cpp.o
[503/1220] Building CXX object third_party/whisper.cpp/ggml/src/ggml-vulkan/CMakeFiles/ggml-vulkan.dir/get_rows_quant.comp.cpp.o
[504/1220] Building CXX object third_party/whisper.cpp/ggml/src/ggml-vulkan/CMakeFiles/ggml-vulkan.dir/rms_norm_partials.comp.cpp.o
[505/1220] Building CXX object third_party/whisper.cpp/ggml/src/ggml-vulkan/CMakeFiles/ggml-vulkan.dir/rms_norm.comp.cpp.o
[506/1220] Building CXX object third_party/whisper.cpp/ggml/src/ggml-vulkan/CMakeFiles/ggml-vulkan.dir/mul_mat_vec_q3_k.comp.cpp.o
[507/1220] Building CXX object third_party/whisper.cpp/ggml/src/ggml-vulkan/CMakeFiles/ggml-vulkan.dir/rope_vision.comp.cpp.o
[508/1220] Building CXX object third_party/whisper.cpp/ggml/src/ggml-vulkan/CMakeFiles/ggml-vulkan.dir/snake.comp.cpp.o
[509/1220] Building CXX object third_party/whisper.cpp/ggml/src/ggml-vulkan/CMakeFiles/ggml-vulkan.dir/soft_max_back.comp.cpp.o
[510/1220] Building CXX object third_party/whisper.cpp/ggml/src/ggml-vulkan/CMakeFiles/ggml-vulkan.dir/soft_max_large2.comp.cpp.o
[511/1220] Building CXX object third_party/whisper.cpp/ggml/src/ggml-vulkan/CMakeFiles/ggml-vulkan.dir/soft_max_large3.comp.cpp.o
[512/1220] Building CXX object third_party/whisper.cpp/ggml/src/ggml-vulkan/CMakeFiles/ggml-vulkan.dir/soft_max_large1.comp.cpp.o
[513/1220] Building CXX object third_party/whisper.cpp/ggml/src/ggml-vulkan/CMakeFiles/ggml-vulkan.dir/flash_attn.comp.cpp.o
[514/1220] Building CXX object third_party/whisper.cpp/ggml/src/ggml-vulkan/CMakeFiles/ggml-vulkan.dir/sum_rows.comp.cpp.o
[515/1220] Building CXX object third_party/whisper.cpp/ggml/src/ggml-vulkan/CMakeFiles/ggml-vulkan.dir/ssm_scan.comp.cpp.o
[516/1220] Building CXX object third_party/whisper.cpp/ggml/src/ggml-vulkan/CMakeFiles/ggml-vulkan.dir/swiglu.comp.cpp.o
[517/1220] Building CXX object third_party/whisper.cpp/ggml/src/ggml-vulkan/CMakeFiles/ggml-vulkan.dir/ssm_conv.comp.cpp.o
[518/1220] Building CXX object third_party/whisper.cpp/ggml/src/ggml-vulkan/CMakeFiles/ggml-vulkan.dir/sub.comp.cpp.o
[519/1220] Building CXX object third_party/whisper.cpp/ggml/src/ggml-vulkan/CMakeFiles/ggml-vulkan.dir/swiglu_oai.comp.cpp.o
[520/1220] Building CXX object third_party/whisper.cpp/ggml/src/ggml-vulkan/CMakeFiles/ggml-vulkan.dir/tri.comp.cpp.o
[521/1220] Building CXX object third_party/whisper.cpp/ggml/src/ggml-vulkan/CMakeFiles/ggml-vulkan.dir/topk_argsort.comp.cpp.o
[522/1220] Building CXX object third_party/whisper.cpp/ggml/src/ggml-vulkan/CMakeFiles/ggml-vulkan.dir/topk_moe.comp.cpp.o
[523/1220] Building CXX object third_party/whisper.cpp/ggml/src/ggml-vulkan/CMakeFiles/ggml-vulkan.dir/wkv6.comp.cpp.o
[524/1220] Building CXX object third_party/whisper.cpp/ggml/src/ggml-vulkan/CMakeFiles/ggml-vulkan.dir/timestep_embedding.comp.cpp.o
[525/1220] Building CXX object third_party/whisper.cpp/ggml/src/ggml-vulkan/CMakeFiles/ggml-vulkan.dir/topk_nary_search.comp.cpp.o
[526/1220] Building CXX object third_party/whisper.cpp/ggml/src/ggml-vulkan/CMakeFiles/ggml-vulkan.dir/mul_mat_vec_q2_k.comp.cpp.o
[527/1220] Building CXX object third_party/whisper.cpp/ggml/src/ggml-vulkan/CMakeFiles/ggml-vulkan.dir/wkv7.comp.cpp.o
[528/1220] Building CXX object third_party/whisper.cpp/ggml/src/ggml-vulkan/CMakeFiles/ggml-vulkan.dir/solve_tri.comp.cpp.o
[529/1220] Building CXX object third_party/whisper.cpp/ggml/src/ggml-vulkan/CMakeFiles/ggml-vulkan.dir/soft_max.comp.cpp.o
[530/1220] Building CXX object third_party/whisper.cpp/ggml/src/ggml-vulkan/CMakeFiles/ggml-vulkan.dir/upscale.comp.cpp.o
[531/1220] Building CXX object third_party/whisper.cpp/ggml/src/ggml-vulkan/CMakeFiles/ggml-vulkan.dir/unary.comp.cpp.o
[532/1220] Building CXX object third_party/whisper.cpp/ggml/src/ggml-vulkan/CMakeFiles/ggml-vulkan.dir/mul_mmq.comp.cpp.o
[533/1220] Building CXX object third_party/whisper.cpp/ggml/src/ggml-vulkan/CMakeFiles/ggml-vulkan.dir/mul_mat_vecq.comp.cpp.o
[534/1220] Building CXX object third_party/whisper.cpp/ggml/src/ggml-vulkan/CMakeFiles/ggml-vulkan.dir/mul_mat_vec.comp.cpp.o
[535/1220] Building CXX object third_party/whisper.cpp/ggml/src/ggml-vulkan/CMakeFiles/ggml-vulkan.dir/mul_mm_cm2.comp.cpp.o
[536/1220] Building C object CMakeFiles/aether_sqlite3.dir/third_party/sqlite/sqlite3.c.o
[537/1220] Linking CXX static library libaether_sqlite3.a
[538/1220] Automatic MOC and UIC for target aethercore
AutoMoc: /home/jeremy/agent-worktrees/460f1777/wt-pr5146/src/core/UlanziDialBackend.h: note: No relevant classes found. No output generated.
[539/1220] Building CXX object CMakeFiles/aethercore.dir/src/core/backends/anan/P2Protocol.cpp.o
[540/1220] Building CXX object CMakeFiles/aethercore.dir/src/core/backends/hl2/Hl2Spectrum.cpp.o
[541/1220] Building CXX object CMakeFiles/aethercore.dir/src/core/backends/hl2/MetisProtocol.cpp.o
[542/1220] Building CXX object CMakeFiles/aethercore.dir/src/core/backends/icom/IcomProtocol.cpp.o
[543/1220] Building CXX object CMakeFiles/aethercore.dir/src/core/backends/sim/SpectrumPatternGenerator.cpp.o
[544/1220] Building CXX object CMakeFiles/aethercore.dir/src/core/backends/hl2/Hl2Receivers.cpp.o
[545/1220] Building CXX object third_party/whisper.cpp/ggml/src/ggml-vulkan/CMakeFiles/ggml-vulkan.dir/mul_mm.comp.cpp.o
[546/1220] Building CXX object CMakeFiles/aethercore.dir/src/core/backends/anan/AnanSpectrum.cpp.o
[547/1220] Building CXX object CMakeFiles/aethercore.dir/src/core/backends/icom/IcomScope.cpp.o
[548/1220] Building CXX object CMakeFiles/aethercore.dir/src/core/backends/hl2/Hl2EmergencyStop.cpp.o
[549/1220] Building CXX object CMakeFiles/aethercore.dir/src/core/backends/icom/IcomMemoryCodec.cpp.o
[550/1220] Building CXX object CMakeFiles/aethercore.dir/src/core/backends/icom/CivCodec.cpp.o
/home/jeremy/agent-worktrees/460f1777/wt-pr5146/src/core/backends/icom/CivCodec.cpp: In function 'std::optional<AetherSDR::icom::GpsPosition> AetherSDR::icom::decodeGpsPosition(std::span<const unsigned char>)':
/home/jeremy/agent-worktrees/460f1777/wt-pr5146/src/core/backends/icom/CivCodec.cpp:1276:76: warning: 'snprintf' output may be truncated before the last format character [-Wformat-truncation=]
 1276 |             std::snprintf(iso, sizeof(iso), "%04d-%02d-%02dT%02d:%02d:%02dZ",
      |                                                                            ^
/home/jeremy/agent-worktrees/460f1777/wt-pr5146/src/core/backends/icom/CivCodec.cpp:1276:26: note: 'snprintf' output between 21 and 22 bytes into a destination of size 21
 1276 |             std::snprintf(iso, sizeof(iso), "%04d-%02d-%02dT%02d:%02d:%02dZ",
      |             ~~~~~~~~~~~~~^~~~~~~~~~~~~~~~~~~~~~~~~~~~~~~~~~~~~~~~~~~~~~~~~~~~
 1277 |                           year, month, day, hour, minute, second);
      |                           ~~~~~~~~~~~~~~~~~~~~~~~~~~~~~~~~~~~~~~~
[551/1220] Building CXX object CMakeFiles/aethercore.dir/src/core/backends/icom/IcomMeters.cpp.o
[552/1220] Building CXX object CMakeFiles/aethercore.dir/src/core/backends/anan/P2Client.cpp.o
[553/1220] Building CXX object CMakeFiles/aethercore.dir/src/core/backends/anan/AnanSettings.cpp.o
[554/1220] Building CXX object CMakeFiles/aethercore.dir/src/core/backends/icom/IcomControls.cpp.o
[555/1220] Building CXX object CMakeFiles/aethercore.dir/src/core/backends/hl2/Hl2FreqCal.cpp.o
[556/1220] Building CXX object CMakeFiles/aethercore.dir/src/core/backends/icom/IcomAudio.cpp.o
[557/1220] Building CXX object CMakeFiles/aethercore.dir/src/core/backends/sim/SimSignalSource.cpp.o
[558/1220] Building CXX object CMakeFiles/aethercore.dir/src/core/backends/icom/IcomModels.cpp.o
/home/jeremy/agent-worktrees/460f1777/wt-pr5146/src/core/backends/icom/IcomModels.cpp: In function 'const AetherSDR::icom::IcomModelProfile& AetherSDR::icom::profileFor(const IcomModel&)':
/home/jeremy/agent-worktrees/460f1777/wt-pr5146/src/core/backends/icom/IcomModels.cpp:625:5: warning: missing initializer for member 'AetherSDR::icom::IcomModelProfile::bands' [-Wmissing-field-initializers]
  625 |     };
      |     ^
/home/jeremy/agent-worktrees/460f1777/wt-pr5146/src/core/backends/icom/IcomModels.cpp:625:5: warning: missing initializer for member 'AetherSDR::icom::IcomModelProfile::rxAntenna' [-Wmissing-field-initializers]
/home/jeremy/agent-worktrees/460f1777/wt-pr5146/src/core/backends/icom/IcomModels.cpp:625:5: warning: missing initializer for member 'AetherSDR::icom::IcomModelProfile::civRecovery' [-Wmissing-field-initializers]
/home/jeremy/agent-worktrees/460f1777/wt-pr5146/src/core/backends/icom/IcomModels.cpp:625:5: warning: missing initializer for member 'AetherSDR::icom::IcomModelProfile::networkConfiguration' [-Wmissing-field-initializers]
/home/jeremy/agent-worktrees/460f1777/wt-pr5146/src/core/backends/icom/IcomModels.cpp:652:5: warning: missing initializer for member 'AetherSDR::icom::IcomModelProfile::txBandwidth' [-Wmissing-field-initializers]
  652 |     };
      |     ^
/home/jeremy/agent-worktrees/460f1777/wt-pr5146/src/core/backends/icom/IcomModels.cpp:652:5: warning: missing initializer for member 'AetherSDR::icom::IcomModelProfile::cwTextKeyer' [-Wmissing-field-initializers]
/home/jeremy/agent-worktrees/460f1777/wt-pr5146/src/core/backends/icom/IcomModels.cpp:652:5: warning: missing initializer for member 'AetherSDR::icom::IcomModelProfile::rxAntenna' [-Wmissing-field-initializers]
/home/jeremy/agent-worktrees/460f1777/wt-pr5146/src/core/backends/icom/IcomModels.cpp:652:5: warning: missing initializer for member 'AetherSDR::icom::IcomModelProfile::gps' [-Wmissing-field-initializers]
/home/jeremy/agent-worktrees/460f1777/wt-pr5146/src/core/backends/icom/IcomModels.cpp:652:5: warning: missing initializer for member 'AetherSDR::icom::IcomModelProfile::setMenu' [-Wmissing-field-initializers]
/home/jeremy/agent-worktrees/460f1777/wt-pr5146/src/core/backends/icom/IcomModels.cpp:652:5: warning: missing initializer for member 'AetherSDR::icom::IcomModelProfile::attenuatorSteps' [-Wmissing-field-initializers]
/home/jeremy/agent-worktrees/460f1777/wt-pr5146/src/core/backends/icom/IcomModels.cpp:652:5: warning: missing initializer for member 'AetherSDR::icom::IcomModelProfile::modes' [-Wmissing-field-initializers]
/home/jeremy/agent-worktrees/460f1777/wt-pr5146/src/core/backends/icom/IcomModels.cpp:652:5: warning: missing initializer for member 'AetherSDR::icom::IcomModelProfile::receiveOnlyModes' [-Wmissing-field-initializers]
/home/jeremy/agent-worktrees/460f1777/wt-pr5146/src/core/backends/icom/IcomModels.cpp:679:5: warning: missing initializer for member 'AetherSDR::icom::IcomModelProfile::bands' [-Wmissing-field-initializers]
  679 |     };
      |     ^
/home/jeremy/agent-worktrees/460f1777/wt-pr5146/src/core/backends/icom/IcomModels.cpp:679:5: warning: missing initializer for member 'AetherSDR::icom::IcomModelProfile::gps' [-Wmissing-field-initializers]
/home/jeremy/agent-worktrees/460f1777/wt-pr5146/src/core/backends/icom/IcomModels.cpp:679:5: warning: missing initializer for member 'AetherSDR::icom::IcomModelProfile::civRecovery' [-Wmissing-field-initializers]
/home/jeremy/agent-worktrees/460f1777/wt-pr5146/src/core/backends/icom/IcomModels.cpp:679:5: warning: missing initializer for member 'AetherSDR::icom::IcomModelProfile::modes' [-Wmissing-field-initializers]
/home/jeremy/agent-worktrees/460f1777/wt-pr5146/src/core/backends/icom/IcomModels.cpp:679:5: warning: missing initializer for member 'AetherSDR::icom::IcomModelProfile::receiveOnlyModes' [-Wmissing-field-initializers]
/home/jeremy/agent-worktrees/460f1777/wt-pr5146/src/core/backends/icom/IcomModels.cpp:684:5: warning: missing initializer for member 'AetherSDR::icom::IcomModelProfile::bands' [-Wmissing-field-initializers]
  684 |     };
      |     ^
/home/jeremy/agent-worktrees/460f1777/wt-pr5146/src/core/backends/icom/IcomModels.cpp:684:5: warning: missing initializer for member 'AetherSDR::icom::IcomModelProfile::modulation' [-Wmissing-field-initializers]
/home/jeremy/agent-worktrees/460f1777/wt-pr5146/src/core/backends/icom/IcomModels.cpp:684:5: warning: missing initializer for member 'AetherSDR::icom::IcomModelProfile::txBandwidth' [-Wmissing-field-initializers]
/home/jeremy/agent-worktrees/460f1777/wt-pr5146/src/core/backends/icom/IcomModels.cpp:684:5: warning: missing initializer for member 'AetherSDR::icom::IcomModelProfile::fmRepeater' [-Wmissing-field-initializers]
/home/jeremy/agent-worktrees/460f1777/wt-pr5146/src/core/backends/icom/IcomModels.cpp:684:5: warning: missing initializer for member 'AetherSDR::icom::IcomModelProfile::cwTextKeyer' [-Wmissing-field-initializers]
/home/jeremy/agent-worktrees/460f1777/wt-pr5146/src/core/backends/icom/IcomModels.cpp:684:5: warning: missing initializer for member 'AetherSDR::icom::IcomModelProfile::rxAntenna' [-Wmissing-field-initializers]
/home/jeremy/agent-worktrees/460f1777/wt-pr5146/src/core/backends/icom/IcomModels.cpp:684:5: warning: missing initializer for member 'AetherSDR::icom::IcomModelProfile::gps' [-Wmissing-field-initializers]
/home/jeremy/agent-worktrees/460f1777/wt-pr5146/src/core/backends/icom/IcomModels.cpp:684:5: warning: missing initializer for member 'AetherSDR::icom::IcomModelProfile::setMenu' [-Wmissing-field-initializers]
/home/jeremy/agent-worktrees/460f1777/wt-pr5146/src/core/backends/icom/IcomModels.cpp:684:5: warning: missing initializer for member 'AetherSDR::icom::IcomModelProfile::scope' [-Wmissing-field-initializers]
/home/jeremy/agent-worktrees/460f1777/wt-pr5146/src/core/backends/icom/IcomModels.cpp:684:5: warning: missing initializer for member 'AetherSDR::icom::IcomModelProfile::meters' [-Wmissing-field-initializers]
/home/jeremy/agent-worktrees/460f1777/wt-pr5146/src/core/backends/icom/IcomModels.cpp:684:5: warning: missing initializer for member 'AetherSDR::icom::IcomModelProfile::civRecovery' [-Wmissing-field-initializers]
/home/jeremy/agent-worktrees/460f1777/wt-pr5146/src/core/backends/icom/IcomModels.cpp:684:5: warning: missing initializer for member 'AetherSDR::icom::IcomModelProfile::memory' [-Wmissing-field-initializers]
/home/jeremy/agent-worktrees/460f1777/wt-pr5146/src/core/backends/icom/IcomModels.cpp:684:5: warning: missing initializer for member 'AetherSDR::icom::IcomModelProfile::networkConfiguration' [-Wmissing-field-initializers]
/home/jeremy/agent-worktrees/460f1777/wt-pr5146/src/core/backends/icom/IcomModels.cpp:684:5: warning: missing initializer for member 'AetherSDR::icom::IcomModelProfile::preampLabels' [-Wmissing-field-initializers]
/home/jeremy/agent-worktrees/460f1777/wt-pr5146/src/core/backends/icom/IcomModels.cpp:684:5: warning: missing initializer for member 'AetherSDR::icom::IcomModelProfile::attenuatorSteps' [-Wmissing-field-initializers]
/home/jeremy/agent-worktrees/460f1777/wt-pr5146/src/core/backends/icom/IcomModels.cpp:684:5: warning: missing initializer for member 'AetherSDR::icom::IcomModelProfile::modes' [-Wmissing-field-initializers]
/home/jeremy/agent-worktrees/460f1777/wt-pr5146/src/core/backends/icom/IcomModels.cpp:684:5: warning: missing initializer for member 'AetherSDR::icom::IcomModelProfile::receiveOnlyModes' [-Wmissing-field-initializers]
[559/1220] Building CXX object CMakeFiles/aethercore.dir/src/core/backends/hl2/Hl2Settings.cpp.o
[560/1220] Building CXX object CMakeFiles/aethercore.dir/src/core/backends/hl2/Hl2TxDsp.cpp.o
[561/1220] Building CXX object CMakeFiles/aethercore.dir/src/core/backends/anan/AnanRxDsp.cpp.o
[562/1220] Building CXX object CMakeFiles/aethercore.dir/src/core/backends/MemoryWireCodec.cpp.o
[563/1220] Building CXX object CMakeFiles/aethercore.dir/src/core/backends/hl2/Hl2RxDsp.cpp.o
[564/1220] Building CXX object CMakeFiles/aethercore.dir/src/core/control/ControlService.cpp.o
[565/1220] Building CXX object CMakeFiles/aethercore.dir/src/core/control/LocalControlServer.cpp.o
[566/1220] Building CXX object CMakeFiles/aethercore.dir/src/core/control/ControlProtocolCodec.cpp.o
[567/1220] Building CXX object CMakeFiles/aethercore.dir/src/core/SettingsPaths.cpp.o
[568/1220] Building CXX object CMakeFiles/aethercore.dir/src/core/backends/icom/IcomCivScheduler.cpp.o
[569/1220] Building CXX object CMakeFiles/aethercore.dir/src/core/backends/anan/AnanDiscovery.cpp.o
[570/1220] Building CXX object CMakeFiles/aethercore.dir/src/core/backends/hl2/MetisClient.cpp.o
[571/1220] Building CXX object CMakeFiles/aethercore.dir/src/core/backends/hl2/Hl2Discovery.cpp.o
[572/1220] Building CXX object CMakeFiles/aethercore.dir/src/core/backends/sim/NoiseMixer.cpp.o
[573/1220] Building CXX object CMakeFiles/aethercore.dir/src/core/backends/icom/IcomCredentials.cpp.o
[574/1220] Building CXX object CMakeFiles/aethercore.dir/src/core/backends/anan/AnanBackend.cpp.o
[575/1220] Building CXX object CMakeFiles/aethercore.dir/src/core/backends/icom/IcomSettings.cpp.o
[576/1220] Building CXX object CMakeFiles/aethercore.dir/src/core/backends/icom/IcomStream.cpp.o
[577/1220] Building CXX object CMakeFiles/aethercore.dir/src/core/SettingsBootstrap.cpp.o
[578/1220] Building CXX object CMakeFiles/aethercore.dir/src/core/AgcTCalibrator.cpp.o
[579/1220] Building CXX object CMakeFiles/aethercore.dir/src/core/OccupiedRegion.cpp.o
[580/1220] Building CXX object CMakeFiles/aethercore.dir/src/core/StereoBiquad.cpp.o
[581/1220] Building CXX object CMakeFiles/aethercore.dir/src/core/SettingsSanitizer.cpp.o
[582/1220] Building CXX object CMakeFiles/aethercore.dir/src/core/dsp/WdspChannel.cpp.o
[583/1220] Building CXX object CMakeFiles/aethercore.dir/src/core/RadioStateMemory.cpp.o
[584/1220] Building CXX object CMakeFiles/aethercore.dir/src/core/Biquad.cpp.o
[585/1220] Building CXX object CMakeFiles/aethercore.dir/src/core/backends/icom/IcomSession.cpp.o
[586/1220] Building CXX object CMakeFiles/aethercore.dir/src/core/AetherDspModePolicy.cpp.o
[587/1220] Building CXX object CMakeFiles/aethercore.dir/src/core/SettingsDatabase.cpp.o
[588/1220] Building CXX object CMakeFiles/aethercore.dir/src/core/AudioFormatNegotiator.cpp.o
[589/1220] Building CXX object CMakeFiles/aethercore.dir/src/core/ClientEq.cpp.o
[590/1220] Building CXX object CMakeFiles/aethercore.dir/src/core/ClientDeEss.cpp.o
[591/1220] Building CXX object CMakeFiles/aethercore.dir/src/core/backends/flex/FlexBackend.cpp.o
[592/1220] Building CXX object CMakeFiles/aethercore.dir/src/core/ClientTube.cpp.o
[593/1220] Building CXX object CMakeFiles/aethercore.dir/src/core/ClientPudu.cpp.o
[594/1220] Building CXX object CMakeFiles/aethercore.dir/src/core/ClientGate.cpp.o
[595/1220] Building CXX object CMakeFiles/aethercore.dir/src/core/ClientComp.cpp.o
[596/1220] Building CXX object CMakeFiles/aethercore.dir/src/core/GpuSelector.cpp.o
[597/1220] Building CXX object CMakeFiles/aethercore.dir/src/core/AudioOutputRouter.cpp.o
[598/1220] Building CXX object CMakeFiles/aethercore.dir/src/core/TxCaptureBuffer.cpp.o
[599/1220] Building CXX object CMakeFiles/aethercore.dir/src/core/AdaptiveFilterEngine.cpp.o
[600/1220] Building CXX object CMakeFiles/aethercore.dir/src/core/TxMicChannelNormalizer.cpp.o
[601/1220] Building CXX object CMakeFiles/aethercore.dir/src/core/ClientPhaseRotator.cpp.o
[602/1220] Building CXX object CMakeFiles/aethercore.dir/src/core/ClientReverb.cpp.o
[603/1220] Building CXX object CMakeFiles/aethercore.dir/src/core/ClientTxTestTone.cpp.o
[604/1220] Building CXX object CMakeFiles/aethercore.dir/src/core/ClientFinalLimiter.cpp.o
[605/1220] Building CXX object CMakeFiles/aethercore.dir/src/core/NetworkPathResolver.cpp.o
[606/1220] Building CXX object CMakeFiles/aethercore.dir/src/core/TgxlConnection.cpp.o
[607/1220] Building CXX object CMakeFiles/aethercore.dir/src/core/ClientQuindarTone.cpp.o
[608/1220] Building CXX object CMakeFiles/aethercore.dir/src/core/AudioDeviceNegotiator.cpp.o
[609/1220] Building CXX object CMakeFiles/aethercore.dir/src/core/CommandParser.cpp.o
[610/1220] Building CXX object CMakeFiles/aethercore.dir/src/core/backends/sim/SimBackend.cpp.o
[611/1220] Building CXX object CMakeFiles/aethercore.dir/src/core/MonoDspStereoAdapter.cpp.o
[612/1220] Building CXX object CMakeFiles/aethercore.dir/src/core/TxVoiceProcessor.cpp.o
[613/1220] Building CXX object CMakeFiles/aethercore.dir/src/core/IambicKeyer.cpp.o
[614/1220] Building CXX object CMakeFiles/aethercore.dir/src/core/WsprBeacon.cpp.o
[615/1220] Building CXX object CMakeFiles/aethercore.dir/src/core/AudioSummaryLogger.cpp.o
[616/1220] Building CXX object CMakeFiles/aethercore.dir/src/core/RadioDiscovery.cpp.o
[617/1220] Building CXX object CMakeFiles/aethercore.dir/src/core/WwvDecoder.cpp.o
[618/1220] Building CXX object CMakeFiles/aethercore.dir/src/core/TimeFrameVoter.cpp.o
[619/1220] Building CXX object CMakeFiles/aethercore.dir/src/core/CwSidetoneGenerator.cpp.o
[620/1220] Building CXX object CMakeFiles/aethercore.dir/src/core/PacketLossConcealment.cpp.o
[621/1220] Building CXX object CMakeFiles/aethercore.dir/src/core/WwvbDecoder.cpp.o
[622/1220] Building CXX object CMakeFiles/aethercore.dir/src/core/RadioConnection.cpp.o
[623/1220] Building CXX object CMakeFiles/aethercore.dir/src/core/BandStackSettings.cpp.o
[624/1220] Building CXX object CMakeFiles/aethercore.dir/src/core/CwSidetoneQAudioSink.cpp.o
[625/1220] Building CXX object CMakeFiles/aethercore.dir/src/core/ClientPuduMonitor.cpp.o
[626/1220] Building CXX object CMakeFiles/aethercore.dir/src/core/QuindarLocalSink.cpp.o
[627/1220] Building CXX object CMakeFiles/aethercore.dir/src/core/GreenHeronProtocol.cpp.o
[628/1220] Building CXX object CMakeFiles/aethercore.dir/src/core/CwxLocalKeyer.cpp.o
[629/1220] Building CXX object CMakeFiles/aethercore.dir/src/core/AetherClockSettings.cpp.o
[630/1220] Building CXX object CMakeFiles/aethercore.dir/src/core/MiniPanSettings.cpp.o
[631/1220] Building CXX object CMakeFiles/aethercore.dir/src/core/KiwiSdrRedirectPolicy.cpp.o
[632/1220] Building CXX object CMakeFiles/aethercore.dir/src/core/AppSettings.cpp.o
[633/1220] Building CXX object CMakeFiles/aethercore.dir/src/core/AetherClockEngine.cpp.o
[634/1220] Building CXX object CMakeFiles/aethercore.dir/src/core/ReceivePresentationSync.cpp.o
[635/1220] Building CXX object CMakeFiles/aethercore.dir/src/core/SmartCatSession.cpp.o
[636/1220] Building CXX object CMakeFiles/aethercore.dir/src/core/SpectralNR.cpp.o
[637/1220] Building CXX object CMakeFiles/aethercore.dir/src/core/PerfTelemetry.cpp.o
[638/1220] Building CXX object CMakeFiles/aethercore.dir/src/core/ChannelStripPresets.cpp.o
[639/1220] Building CXX object CMakeFiles/aethercore.dir/src/core/KiwiPublicDirectory.cpp.o
[640/1220] Building CXX object CMakeFiles/aethercore.dir/src/core/KiwiSdrCredentialStore.cpp.o
[641/1220] Building CXX object CMakeFiles/aethercore.dir/src/core/DxClusterClient.cpp.o
[642/1220] Building CXX object CMakeFiles/aethercore.dir/src/core/SpotCollectorClient.cpp.o
[643/1220] Building CXX object CMakeFiles/aethercore.dir/src/core/WsjtxClient.cpp.o
[644/1220] Building CXX object CMakeFiles/aethercore.dir/src/core/N1MMSpotParser.cpp.o
[645/1220] Building CXX object CMakeFiles/aethercore.dir/src/core/CatPort.cpp.o
[646/1220] Building CXX object CMakeFiles/aethercore.dir/src/core/PotaClient.cpp.o
[647/1220] Building CXX object CMakeFiles/aethercore.dir/src/core/N1MMSpotClient.cpp.o
[648/1220] Building CXX object CMakeFiles/aethercore.dir/src/core/backends/hl2/Hl2Backend.cpp.o
[649/1220] Building CXX object CMakeFiles/aethercore.dir/src/core/WanConnection.cpp.o
[650/1220] Building CXX object CMakeFiles/aethercore.dir/src/core/KiwiSdrProtocol.cpp.o
[651/1220] Building CXX object CMakeFiles/aethercore.dir/src/core/SmartCatProtocol.cpp.o
[652/1220] Building CXX object CMakeFiles/aethercore.dir/src/core/MemoryTelemetry.cpp.o
[653/1220] Building CXX object CMakeFiles/aethercore.dir/src/core/TciRoutingState.cpp.o
[654/1220] Building CXX object CMakeFiles/aethercore.dir/src/core/SpotCommandPolicy.cpp.o
[655/1220] Building CXX object CMakeFiles/aethercore.dir/src/core/SpotModeResolver.cpp.o
[656/1220] Building CXX object CMakeFiles/aethercore.dir/src/core/SmartLinkClient.cpp.o
[657/1220] Building CXX object CMakeFiles/aethercore.dir/src/core/MqttAntennaAlias.cpp.o
[658/1220] Building CXX object CMakeFiles/aethercore.dir/src/core/LocationAddressResolver.cpp.o
[659/1220] Building CXX object CMakeFiles/aethercore.dir/src/core/AutomationBridgeSettings.cpp.o
[660/1220] Building CXX object CMakeFiles/aethercore.dir/src/core/PropForecastClient.cpp.o
[661/1220] Building CXX object CMakeFiles/aethercore.dir/src/core/WaveformUploadState.cpp.o
[662/1220] Building CXX object CMakeFiles/aethercore.dir/src/core/VkampProtocol.cpp.o
[663/1220] Building CXX object CMakeFiles/aethercore.dir/src/core/LpMeterProtocol.cpp.o
[664/1220] Building CXX object CMakeFiles/aethercore.dir/src/core/EibiClient.cpp.o
[665/1220] Building CXX object CMakeFiles/aethercore.dir/src/core/PgxlConnection.cpp.o
[666/1220] Building CXX object CMakeFiles/aethercore.dir/src/core/MqttClient.cpp.o
[667/1220] Building CXX object CMakeFiles/aethercore.dir/src/core/SpeProtocol.cpp.o
[668/1220] Building CXX object CMakeFiles/aethercore.dir/src/core/AcomProtocol.cpp.o
[669/1220] Building CXX object CMakeFiles/aethercore.dir/src/core/MqttSettings.cpp.o
[670/1220] Building CXX object CMakeFiles/aethercore.dir/src/core/SpeConnection.cpp.o
[671/1220] Building CXX object CMakeFiles/aethercore.dir/src/core/VkampConnection.cpp.o
[672/1220] Building CXX object CMakeFiles/aethercore.dir/src/core/AcomConnection.cpp.o
[673/1220] Building CXX object CMakeFiles/aethercore.dir/src/core/DigitalVoiceModeRegistry.cpp.o
[674/1220] Building CXX object CMakeFiles/aethercore.dir/src/core/RigctlProtocol.cpp.o
[675/1220] Building CXX object CMakeFiles/aethercore.dir/src/core/PanadapterStream.cpp.o
[676/1220] Building CXX object CMakeFiles/aethercore.dir/src/core/TciTrxMap.cpp.o
[677/1220] Building CXX object CMakeFiles/aethercore.dir/src/core/DigitalVoiceWaveformTelemetry.cpp.o
[678/1220] Building CXX object CMakeFiles/aethercore.dir/src/core/LpMeterConnection.cpp.o
[679/1220] Building CXX object CMakeFiles/aethercore.dir/src/core/KiwiSdrClient.cpp.o
[680/1220] Building CXX object CMakeFiles/aethercore.dir/src/core/ZipArchive.cpp.o
[681/1220] Building CXX object CMakeFiles/aethercore.dir/src/core/LegacyWaveformPackage.cpp.o
[682/1220] Building CXX object CMakeFiles/aethercore.dir/src/core/PskReporterClient.cpp.o
[683/1220] Building CXX object CMakeFiles/aethercore.dir/src/core/OpusTxPacer.cpp.o
[684/1220] Building CXX object CMakeFiles/aethercore.dir/src/core/FirmwareUploader.cpp.o
[685/1220] Building CXX object CMakeFiles/aethercore.dir/src/core/SpecbleachFilter.cpp.o
[686/1220] Building CXX object CMakeFiles/aethercore.dir/src/core/UpdateChecker.cpp.o
[687/1220] Building CXX object CMakeFiles/aethercore.dir/src/core/WaveformInstaller.cpp.o
[688/1220] Building CXX object CMakeFiles/aethercore.dir/src/core/CabExtractor.cpp.o
[689/1220] Building CXX object CMakeFiles/aethercore.dir/src/core/backends/icom/IcomCivBackend.cpp.o
[690/1220] Building CXX object CMakeFiles/aethercore.dir/src/core/RNNoiseFilter.cpp.o
[691/1220] Building CXX object CMakeFiles/aethercore.dir/src/core/CallsignInfo.cpp.o
[692/1220] Building CXX object CMakeFiles/aethercore.dir/src/core/SpectrogramBuffer.cpp.o
[693/1220] Building CXX object CMakeFiles/aethercore.dir/src/core/CwCallsignSpotter.cpp.o
[694/1220] Building CXX object CMakeFiles/aethercore.dir/src/core/QsoRecorder.cpp.o
[695/1220] Building CXX object CMakeFiles/aethercore.dir/src/core/ThreadName.cpp.o
[696/1220] Building CXX object CMakeFiles/aethercore.dir/src/core/OleCompoundFile.cpp.o
[697/1220] Building CXX object CMakeFiles/aethercore.dir/src/core/RttyDecoder.cpp.o
[698/1220] Building CXX object CMakeFiles/aethercore.dir/src/core/TciProtocol.cpp.o
[699/1220] Building CXX object CMakeFiles/aethercore.dir/src/core/CwDecoder.cpp.o
[700/1220] Building CXX object CMakeFiles/aethercore.dir/src/core/DigitalVoiceWaveformProcess.cpp.o
[701/1220] Building CXX object CMakeFiles/aethercore.dir/src/core/DvkWavTransfer.cpp.o
[702/1220] Building CXX object CMakeFiles/aethercore.dir/src/core/QrzClient.cpp.o
[703/1220] Building CXX object CMakeFiles/aethercore.dir/src/core/KiwiSdrManager.cpp.o
[704/1220] Building CXX object CMakeFiles/aethercore.dir/src/core/VoiceSignalDetector.cpp.o
[705/1220] Building CXX object CMakeFiles/aethercore.dir/src/core/RadioCertification.cpp.o
[706/1220] Building CXX object CMakeFiles/aethercore.dir/src/core/NvidiaAfxFilter.cpp.o
[707/1220] Building CXX object CMakeFiles/aethercore.dir/src/core/FirmwareStager.cpp.o
[708/1220] Building CXX object CMakeFiles/aethercore.dir/src/core/SystemInfoCollector.cpp.o
[709/1220] Building CXX object CMakeFiles/aethercore.dir/src/core/IssueReport.cpp.o
[710/1220] Building CXX object CMakeFiles/aethercore.dir/src/core/SignalClassifier.cpp.o
[711/1220] Building CXX object CMakeFiles/aethercore.dir/src/core/RADEEngine.cpp.o
In file included from /home/jeremy/agent-worktrees/460f1777/wt-pr5146/third_party/radae/src/rade_core.h:35,
                 from /home/jeremy/agent-worktrees/460f1777/wt-pr5146/third_party/radae/src/rade_enc.h:31,
                 from /home/jeremy/agent-worktrees/460f1777/wt-pr5146/third_party/radae/src/rade_tx.h:42,
                 from /home/jeremy/agent-worktrees/460f1777/wt-pr5146/third_party/radae/src/rade_api.h:74,
                 from /home/jeremy/agent-worktrees/460f1777/wt-pr5146/src/core/RADEEngine.cpp:14:
/home/jeremy/agent-worktrees/460f1777/wt-pr5146/build/build_opus-prefix/src/build_opus/dnn/nnet.h:166:2: warning: '#warning' before C++23 is a GCC extension [-Wc++23-extensions]
  166 | #warning "Only SSE and SSE2 are available. On newer machines, enable SSSE3/AVX/AVX2 using -march= to get better performance"
      |  ^~~~~~~
/home/jeremy/agent-worktrees/460f1777/wt-pr5146/build/build_opus-prefix/src/build_opus/dnn/nnet.h:166:2: warning: #warning "Only SSE and SSE2 are available. On newer machines, enable SSSE3/AVX/AVX2 using -march= to get better performance" [-Wcpp]
[712/1220] Building CXX object CMakeFiles/aethercore.dir/src/core/DeepFilterFilter.cpp.o
[713/1220] Building CXX object CMakeFiles/aethercore.dir/src/core/ProfileTransfer.cpp.o
[714/1220] Building CXX object CMakeFiles/aethercore.dir/src/core/Resampler.cpp.o
[715/1220] Building CXX object CMakeFiles/aethercore.dir/src/core/SystemInventory.cpp.o
[716/1220] Building CXX object CMakeFiles/aethercore.dir/src/core/FlexControlManager.cpp.o
[717/1220] Building CXX object CMakeFiles/aethercore.dir/src/core/OpusCodec.cpp.o
[718/1220] Building CXX object CMakeFiles/aethercore.dir/src/core/AudioEngine.cpp.o
[719/1220] Building CXX object CMakeFiles/aethercore.dir/src/core/SleepInhibitor.cpp.o
[720/1220] Building CXX object CMakeFiles/aethercore.dir/src/core/SystemInfo.cpp.o
[721/1220] Building CXX object CMakeFiles/aethercore.dir/src/core/MemoryRecallPolicy.cpp.o
[722/1220] Building CXX object CMakeFiles/aethercore.dir/src/core/WfmDsp.cpp.o
[723/1220] Building CXX object CMakeFiles/aethercore.dir/src/core/tnc/HdlcCodec.cpp.o
[724/1220] Building CXX object CMakeFiles/aethercore.dir/src/core/LogManager.cpp.o
[725/1220] Building CXX object CMakeFiles/aethercore.dir/src/core/DxccWorkedStatus.cpp.o
[726/1220] Building CXX object CMakeFiles/aethercore.dir/src/core/AsyncLogWriter.cpp.o
[727/1220] Building CXX object CMakeFiles/aethercore.dir/src/core/CtyDatParser.cpp.o
[728/1220] Building CXX object CMakeFiles/aethercore.dir/src/core/SupportBundle.cpp.o
[729/1220] Building CXX object CMakeFiles/aethercore.dir/src/core/MemoryFieldValues.cpp.o
[730/1220] Building CXX object CMakeFiles/aethercore.dir/src/core/AdifParser.cpp.o
[731/1220] Building CXX object CMakeFiles/aethercore.dir/src/core/SerialPortController.cpp.o
[732/1220] Building CXX object CMakeFiles/aethercore.dir/src/core/CallsignLookupService.cpp.o
[733/1220] Building CXX object CMakeFiles/aethercore.dir/src/core/NetSchedulePlanner.cpp.o
[734/1220] Building CXX object CMakeFiles/aethercore.dir/src/core/DxccColorProvider.cpp.o
[735/1220] Building CXX object CMakeFiles/aethercore.dir/src/core/LocalMemoryStore.cpp.o
[736/1220] Building CXX object CMakeFiles/aethercore.dir/src/core/NetScheduler.cpp.o
[737/1220] Building CXX object CMakeFiles/aethercore.dir/src/core/tnc/KissFraming.cpp.o
[738/1220] Building CXX object CMakeFiles/aethercore.dir/src/core/WaveOutWriter.cpp.o
[739/1220] Building CXX object CMakeFiles/aethercore.dir/src/core/NetRecurrence.cpp.o
[740/1220] Building CXX object CMakeFiles/aethercore.dir/src/core/tnc/Ax25.cpp.o
[741/1220] Building CXX object CMakeFiles/aethercore.dir/src/core/WfmDemodulator.cpp.o
[742/1220] Building CXX object CMakeFiles/aethercore.dir/src/core/LocalMemoryBank.cpp.o
[743/1220] Building CXX object CMakeFiles/aethercore.dir/src/core/DeviceDiagnostics.cpp.o
[744/1220] Building CXX object CMakeFiles/aethercore.dir/src/core/NetScheduleStore.cpp.o
[745/1220] Building CXX object CMakeFiles/aethercore.dir/src/core/aprs/AprsBeacon.cpp.o
[746/1220] Building CXX object CMakeFiles/aethercore.dir/src/models/DeclaredBands.cpp.o
[747/1220] Building CXX object CMakeFiles/aethercore.dir/src/core/tnc/Ax25FrameFormatter.cpp.o
[748/1220] Building CXX object CMakeFiles/aethercore.dir/src/models/ModelCapabilities.cpp.o
[749/1220] Building CXX object CMakeFiles/aethercore.dir/src/core/NvidiaAfxPack.cpp.o
[750/1220] Building CXX object CMakeFiles/aethercore.dir/src/core/MemoryCsvCompat.cpp.o
[751/1220] Building CXX object CMakeFiles/aethercore.dir/src/core/aprs/AprsSettings.cpp.o
[752/1220] Building CXX object CMakeFiles/aethercore.dir/src/core/tnc/KissTncServer.cpp.o
[753/1220] Building CXX object CMakeFiles/aethercore.dir/src/core/PipeWireNativeContext.cpp.o
In file included from /usr/include/spa-0.2/spa/utils/hook.h:9,
                 from /usr/include/spa-0.2/spa/support/plugin.h:11,
                 from /usr/include/pipewire-0.3/pipewire/pipewire.h:8,
                 from /home/jeremy/agent-worktrees/460f1777/wt-pr5146/src/core/PipeWireNativeContext.cpp:4:
/usr/include/spa-0.2/spa/utils/list.h: In function 'void spa_list_init(spa_list*)':
/usr/include/spa-0.2/spa/utils/list.h:37:64: warning: ISO C++ forbids compound-literals [-Wpedantic]
   37 | #define SPA_LIST_INIT(list) ((struct spa_list){ (list), (list) })
      |                                                                ^
/usr/include/spa-0.2/spa/utils/list.h:41:17: note: in expansion of macro 'SPA_LIST_INIT'
   41 |         *list = SPA_LIST_INIT(list);
      |                 ^~~~~~~~~~~~~
/usr/include/spa-0.2/spa/utils/hook.h: In function 'void spa_hook_list_append(spa_hook_list*, spa_hook*, const void*, void*)':
/usr/include/spa-0.2/spa/utils/hook.h:133:86: warning: ISO C++ forbids compound-literals [-Wpedantic]
  133 | #define SPA_CALLBACKS_INIT(_funcs,_data) ((struct spa_callbacks){ (_funcs), (_data), })
      |                                                                                      ^
/usr/include/spa-0.2/spa/utils/hook.h:442:20: note: in expansion of macro 'SPA_CALLBACKS_INIT'
  442 |         hook->cb = SPA_CALLBACKS_INIT(funcs, data);
      |                    ^~~~~~~~~~~~~~~~~~
/usr/include/spa-0.2/spa/utils/hook.h: In function 'void spa_hook_list_prepend(spa_hook_list*, spa_hook*, const void*, void*)':
/usr/include/spa-0.2/spa/utils/hook.h:133:86: warning: ISO C++ forbids compound-literals [-Wpedantic]
  133 | #define SPA_CALLBACKS_INIT(_funcs,_data) ((struct spa_callbacks){ (_funcs), (_data), })
      |                                                                                      ^
/usr/include/spa-0.2/spa/utils/hook.h:452:20: note: in expansion of macro 'SPA_CALLBACKS_INIT'
  452 |         hook->cb = SPA_CALLBACKS_INIT(funcs, data);
      |                    ^~~~~~~~~~~~~~~~~~
In file included from /usr/include/spa-0.2/spa/support/plugin.h:12:
/usr/include/spa-0.2/spa/utils/dict.h: In function 'const spa_dict_item* spa_dict_lookup_item(const spa_dict*, const char*)':
/usr/include/spa-0.2/spa/utils/dict.h:39:75: warning: ISO C++ forbids compound-literals [-Wpedantic]
   39 | #define SPA_DICT_ITEM(key,value) ((struct spa_dict_item) { (key), (value) })
      |                                                                           ^
/usr/include/spa-0.2/spa/utils/dict.h:40:39: note: in expansion of macro 'SPA_DICT_ITEM'
   40 | #define SPA_DICT_ITEM_INIT(key,value) SPA_DICT_ITEM(key,value)
      |                                       ^~~~~~~~~~~~~
/usr/include/spa-0.2/spa/utils/dict.h:83:42: note: in expansion of macro 'SPA_DICT_ITEM_INIT'
   83 |                 struct spa_dict_item k = SPA_DICT_ITEM_INIT(key, NULL);
      |                                          ^~~~~~~~~~~~~~~~~~
/usr/include/spa-0.2/spa/support/plugin.h: In function 'int spa_handle_get_interface(spa_handle*, const char*, void**)':
/usr/include/spa-0.2/spa/utils/hook.h:263:1: warning: ISO C++ forbids braced-groups within expressions [-Wpedantic]
  263 | ({                                                                      \
      | ^
/usr/include/spa-0.2/spa/support/plugin.h:69:16: note: in expansion of macro 'spa_api_func_r'
   69 |         return spa_api_func_r(int, -ENOTSUP, object, get_interface, 0, type, iface);
      |                ^~~~~~~~~~~~~~
/usr/include/spa-0.2/spa/support/plugin.h: In function 'int spa_handle_clear(spa_handle*)':
/usr/include/spa-0.2/spa/utils/hook.h:263:1: warning: ISO C++ forbids braced-groups within expressions [-Wpedantic]
  263 | ({                                                                      \
      | ^
/usr/include/spa-0.2/spa/support/plugin.h:74:16: note: in expansion of macro 'spa_api_func_r'
   74 |         return spa_api_func_r(int, -ENOTSUP, object, clear, 0);
      |                ^~~~~~~~~~~~~~
/usr/include/spa-0.2/spa/support/plugin.h: In function 'size_t spa_handle_factory_get_size(const spa_handle_factory*, const spa_dict*)':
/usr/include/spa-0.2/spa/utils/hook.h:263:1: warning: ISO C++ forbids braced-groups within expressions [-Wpedantic]
  263 | ({                                                                      \
      | ^
/usr/include/spa-0.2/spa/support/plugin.h:185:16: note: in expansion of macro 'spa_api_func_r'
  185 |         return spa_api_func_r(size_t, 0, object, get_size, 1, params);
      |                ^~~~~~~~~~~~~~
/usr/include/spa-0.2/spa/support/plugin.h: In function 'int spa_handle_factory_init(const spa_handle_factory*, spa_handle*, const spa_dict*, const spa_support*, uint32_t)':
/usr/include/spa-0.2/spa/utils/hook.h:263:1: warning: ISO C++ forbids braced-groups within expressions [-Wpedantic]
  263 | ({                                                                      \
      | ^
/usr/include/spa-0.2/spa/support/plugin.h:192:16: note: in expansion of macro 'spa_api_func_r'
  192 |         return spa_api_func_r(int, -ENOTSUP, object, init, 1, handle, info,
      |                ^~~~~~~~~~~~~~
/usr/include/spa-0.2/spa/support/plugin.h: In function 'int spa_handle_factory_enum_interface_info(const spa_handle_factory*, const spa_interface_info**, uint32_t*)':
/usr/include/spa-0.2/spa/utils/hook.h:263:1: warning: ISO C++ forbids braced-groups within expressions [-Wpedantic]
  263 | ({                                                                      \
      | ^
/usr/include/spa-0.2/spa/support/plugin.h:199:16: note: in expansion of macro 'spa_api_func_r'
  199 |         return spa_api_func_r(int, -ENOTSUP, object, enum_interface_info, 1,
      |                ^~~~~~~~~~~~~~
In file included from /usr/include/spa-0.2/spa/support/plugin.h:10:
/usr/include/pipewire-0.3/pipewire/array.h: In function 'int pw_array_ensure_size(pw_array*, size_t)':
/usr/include/spa-0.2/spa/utils/defs.h:287:1: warning: ISO C++ forbids braced-groups within expressions [-Wpedantic]
  287 | ({                                              \
      | ^
/usr/include/pipewire-0.3/pipewire/array.h:120:25: note: in expansion of macro 'SPA_ROUND_UP'
  120 |                 alloc = SPA_ROUND_UP(need, arr->extend);
      |                         ^~~~~~~~~~~~
/usr/include/spa-0.2/spa/utils/string.h: In function 'int spa_strbuf_append(spa_strbuf*, const char*, ...)':
/usr/include/spa-0.2/spa/utils/defs.h:147:1: warning: ISO C++ forbids braced-groups within expressions [-Wpedantic]
  147 | ({                                                      \
      | ^
/usr/include/spa-0.2/spa/utils/string.h:393:29: note: in expansion of macro 'SPA_MIN'
  393 |                 buf->pos += SPA_MIN(remain, (size_t)written);
      |                             ^~~~~~~
/usr/include/pipewire-0.3/pipewire/core.h: In function 'int pw_core_add_listener(pw_core*, spa_hook*, const pw_core_events*, void*)':
/usr/include/spa-0.2/spa/utils/hook.h:281:1: warning: ISO C++ forbids braced-groups within expressions [-Wpedantic]
  281 | ({                                                                      \
      | ^
/usr/include/pipewire-0.3/pipewire/core.h:354:16: note: in expansion of macro 'spa_api_method_r'
  354 |         return spa_api_method_r(int, -ENOTSUP,
      |                ^~~~~~~~~~~~~~~~
/usr/include/spa-0.2/spa/utils/hook.h:207:1: warning: ISO C++ forbids braced-groups within expressions [-Wpedantic]
  207 | ({                                                                              \
      | ^
/usr/include/spa-0.2/spa/utils/hook.h:251:9: note: in expansion of macro 'spa_callbacks_call_res'
  251 |         spa_callbacks_call_res(&(iface)->cb,method_type,res,method,vers,##__VA_ARGS__)
      |         ^~~~~~~~~~~~~~~~~~~~~~
/usr/include/spa-0.2/spa/utils/hook.h:284:9: note: in expansion of macro 'spa_interface_call_res'
  284 |         spa_interface_call_res(_i, struct type ##_methods,              \
      |         ^~~~~~~~~~~~~~~~~~~~~~
/usr/include/pipewire-0.3/pipewire/core.h:354:16: note: in expansion of macro 'spa_api_method_r'
  354 |         return spa_api_method_r(int, -ENOTSUP,
      |                ^~~~~~~~~~~~~~~~
/usr/include/pipewire-0.3/pipewire/core.h: In function 'int pw_core_hello(pw_core*, uint32_t)':
/usr/include/spa-0.2/spa/utils/hook.h:281:1: warning: ISO C++ forbids braced-groups within expressions [-Wpedantic]
  281 | ({                                                                      \
      | ^
/usr/include/pipewire-0.3/pipewire/core.h:362:16: note: in expansion of macro 'spa_api_method_r'
  362 |         return spa_api_method_r(int, -ENOTSUP,
      |                ^~~~~~~~~~~~~~~~
/usr/include/spa-0.2/spa/utils/hook.h:207:1: warning: ISO C++ forbids braced-groups within expressions [-Wpedantic]
  207 | ({                                                                              \
      | ^
/usr/include/spa-0.2/spa/utils/hook.h:251:9: note: in expansion of macro 'spa_callbacks_call_res'
  251 |         spa_callbacks_call_res(&(iface)->cb,method_type,res,method,vers,##__VA_ARGS__)
      |         ^~~~~~~~~~~~~~~~~~~~~~
/usr/include/spa-0.2/spa/utils/hook.h:284:9: note: in expansion of macro 'spa_interface_call_res'
  284 |         spa_interface_call_res(_i, struct type ##_methods,              \
      |         ^~~~~~~~~~~~~~~~~~~~~~
/usr/include/pipewire-0.3/pipewire/core.h:362:16: note: in expansion of macro 'spa_api_method_r'
  362 |         return spa_api_method_r(int, -ENOTSUP,
      |                ^~~~~~~~~~~~~~~~
/usr/include/pipewire-0.3/pipewire/core.h: In function 'int pw_core_sync(pw_core*, uint32_t, int)':
/usr/include/spa-0.2/spa/utils/hook.h:281:1: warning: ISO C++ forbids braced-groups within expressions [-Wpedantic]
  281 | ({                                                                      \
      | ^
/usr/include/pipewire-0.3/pipewire/core.h:370:16: note: in expansion of macro 'spa_api_method_r'
  370 |         return spa_api_method_r(int, -ENOTSUP,
      |                ^~~~~~~~~~~~~~~~
/usr/include/spa-0.2/spa/utils/hook.h:207:1: warning: ISO C++ forbids braced-groups within expressions [-Wpedantic]
  207 | ({                                                                              \
      | ^
/usr/include/spa-0.2/spa/utils/hook.h:251:9: note: in expansion of macro 'spa_callbacks_call_res'
  251 |         spa_callbacks_call_res(&(iface)->cb,method_type,res,method,vers,##__VA_ARGS__)
      |         ^~~~~~~~~~~~~~~~~~~~~~
/usr/include/spa-0.2/spa/utils/hook.h:284:9: note: in expansion of macro 'spa_interface_call_res'
  284 |         spa_interface_call_res(_i, struct type ##_methods,              \
      |         ^~~~~~~~~~~~~~~~~~~~~~
/usr/include/pipewire-0.3/pipewire/core.h:370:16: note: in expansion of macro 'spa_api_method_r'
  370 |         return spa_api_method_r(int, -ENOTSUP,
      |                ^~~~~~~~~~~~~~~~
/usr/include/pipewire-0.3/pipewire/core.h: In function 'int pw_core_pong(pw_core*, uint32_t, int)':
/usr/include/spa-0.2/spa/utils/hook.h:281:1: warning: ISO C++ forbids braced-groups within expressions [-Wpedantic]
  281 | ({                                                                      \
      | ^
/usr/include/pipewire-0.3/pipewire/core.h:378:16: note: in expansion of macro 'spa_api_method_r'
  378 |         return spa_api_method_r(int, -ENOTSUP,
      |                ^~~~~~~~~~~~~~~~
/usr/include/spa-0.2/spa/utils/hook.h:207:1: warning: ISO C++ forbids braced-groups within expressions [-Wpedantic]
  207 | ({                                                                              \
      | ^
/usr/include/spa-0.2/spa/utils/hook.h:251:9: note: in expansion of macro 'spa_callbacks_call_res'
  251 |         spa_callbacks_call_res(&(iface)->cb,method_type,res,method,vers,##__VA_ARGS__)
      |         ^~~~~~~~~~~~~~~~~~~~~~
/usr/include/spa-0.2/spa/utils/hook.h:284:9: note: in expansion of macro 'spa_interface_call_res'
  284 |         spa_interface_call_res(_i, struct type ##_methods,              \
      |         ^~~~~~~~~~~~~~~~~~~~~~
/usr/include/pipewire-0.3/pipewire/core.h:378:16: note: in expansion of macro 'spa_api_method_r'
  378 |         return spa_api_method_r(int, -ENOTSUP,
      |                ^~~~~~~~~~~~~~~~
/usr/include/pipewire-0.3/pipewire/core.h: In function 'int pw_core_error(pw_core*, uint32_t, int, int, const char*)':
/usr/include/spa-0.2/spa/utils/hook.h:281:1: warning: ISO C++ forbids braced-groups within expressions [-Wpedantic]
  281 | ({                                                                      \
      | ^
/usr/include/pipewire-0.3/pipewire/core.h:386:16: note: in expansion of macro 'spa_api_method_r'
  386 |         return spa_api_method_r(int, -ENOTSUP,
      |                ^~~~~~~~~~~~~~~~
/usr/include/spa-0.2/spa/utils/hook.h:207:1: warning: ISO C++ forbids braced-groups within expressions [-Wpedantic]
  207 | ({                                                                              \
      | ^
/usr/include/spa-0.2/spa/utils/hook.h:251:9: note: in expansion of macro 'spa_callbacks_call_res'
  251 |         spa_callbacks_call_res(&(iface)->cb,method_type,res,method,vers,##__VA_ARGS__)
      |         ^~~~~~~~~~~~~~~~~~~~~~
/usr/include/spa-0.2/spa/utils/hook.h:284:9: note: in expansion of macro 'spa_interface_call_res'
  284 |         spa_interface_call_res(_i, struct type ##_methods,              \
      |         ^~~~~~~~~~~~~~~~~~~~~~
/usr/include/pipewire-0.3/pipewire/core.h:386:16: note: in expansion of macro 'spa_api_method_r'
  386 |         return spa_api_method_r(int, -ENOTSUP,
      |                ^~~~~~~~~~~~~~~~
/usr/include/pipewire-0.3/pipewire/core.h: In function 'pw_registry* pw_core_get_registry(pw_core*, uint32_t, size_t)':
/usr/include/spa-0.2/spa/utils/hook.h:281:1: warning: ISO C++ forbids braced-groups within expressions [-Wpedantic]
  281 | ({                                                                      \
      | ^
/usr/include/pipewire-0.3/pipewire/core.h:419:16: note: in expansion of macro 'spa_api_method_r'
  419 |         return spa_api_method_r(struct pw_registry*, NULL,
      |                ^~~~~~~~~~~~~~~~
/usr/include/spa-0.2/spa/utils/hook.h:207:1: warning: ISO C++ forbids braced-groups within expressions [-Wpedantic]
  207 | ({                                                                              \
      | ^
/usr/include/spa-0.2/spa/utils/hook.h:251:9: note: in expansion of macro 'spa_callbacks_call_res'
  251 |         spa_callbacks_call_res(&(iface)->cb,method_type,res,method,vers,##__VA_ARGS__)
      |         ^~~~~~~~~~~~~~~~~~~~~~
/usr/include/spa-0.2/spa/utils/hook.h:284:9: note: in expansion of macro 'spa_interface_call_res'
  284 |         spa_interface_call_res(_i, struct type ##_methods,              \
      |         ^~~~~~~~~~~~~~~~~~~~~~
/usr/include/pipewire-0.3/pipewire/core.h:419:16: note: in expansion of macro 'spa_api_method_r'
  419 |         return spa_api_method_r(struct pw_registry*, NULL,
      |                ^~~~~~~~~~~~~~~~
/usr/include/pipewire-0.3/pipewire/core.h: In function 'void* pw_core_create_object(pw_core*, const char*, const char*, uint32_t, const spa_dict*, size_t)':
/usr/include/spa-0.2/spa/utils/hook.h:281:1: warning: ISO C++ forbids braced-groups within expressions [-Wpedantic]
  281 | ({                                                                      \
      | ^
/usr/include/pipewire-0.3/pipewire/core.h:433:16: note: in expansion of macro 'spa_api_method_r'
  433 |         return spa_api_method_r(void*, NULL,
      |                ^~~~~~~~~~~~~~~~
/usr/include/spa-0.2/spa/utils/hook.h:207:1: warning: ISO C++ forbids braced-groups within expressions [-Wpedantic]
  207 | ({                                                                              \
      | ^
/usr/include/spa-0.2/spa/utils/hook.h:251:9: note: in expansion of macro 'spa_callbacks_call_res'
  251 |         spa_callbacks_call_res(&(iface)->cb,method_type,res,method,vers,##__VA_ARGS__)
      |         ^~~~~~~~~~~~~~~~~~~~~~
/usr/include/spa-0.2/spa/utils/hook.h:284:9: note: in expansion of macro 'spa_interface_call_res'
  284 |         spa_interface_call_res(_i, struct type ##_methods,              \
      |         ^~~~~~~~~~~~~~~~~~~~~~
/usr/include/pipewire-0.3/pipewire/core.h:433:16: note: in expansion of macro 'spa_api_method_r'
  433 |         return spa_api_method_r(void*, NULL,
      |                ^~~~~~~~~~~~~~~~
/usr/include/pipewire-0.3/pipewire/core.h: In function 'void pw_core_destroy(pw_core*, void*)':
/usr/include/spa-0.2/spa/utils/hook.h:275:1: warning: ISO C++ forbids braced-groups within expressions [-Wpedantic]
  275 | ({                                                                      \
      | ^
/usr/include/pipewire-0.3/pipewire/core.h:442:9: note: in expansion of macro 'spa_api_method_v'
  442 |         spa_api_method_v(pw_core, (struct spa_interface*)core, destroy, 0,
      |         ^~~~~~~~~~~~~~~~
/usr/include/spa-0.2/spa/utils/hook.h:165:1: warning: ISO C++ forbids braced-groups within expressions [-Wpedantic]
  165 | ({                                                                              \
      | ^
/usr/include/spa-0.2/spa/utils/hook.h:238:9: note: in expansion of macro 'spa_callbacks_call'
  238 |         spa_callbacks_call(&(iface)->cb,method_type,method,vers,##__VA_ARGS__)
      |         ^~~~~~~~~~~~~~~~~~
/usr/include/spa-0.2/spa/utils/hook.h:277:9: note: in expansion of macro 'spa_interface_call'
  277 |         spa_interface_call(_i, struct type ##_methods,                  \
      |         ^~~~~~~~~~~~~~~~~~
/usr/include/pipewire-0.3/pipewire/core.h:442:9: note: in expansion of macro 'spa_api_method_v'
  442 |         spa_api_method_v(pw_core, (struct spa_interface*)core, destroy, 0,
      |         ^~~~~~~~~~~~~~~~
/usr/include/pipewire-0.3/pipewire/core.h: In function 'int pw_registry_add_listener(pw_registry*, spa_hook*, const pw_registry_events*, void*)':
/usr/include/spa-0.2/spa/utils/hook.h:281:1: warning: ISO C++ forbids braced-groups within expressions [-Wpedantic]
  281 | ({                                                                      \
      | ^
/usr/include/pipewire-0.3/pipewire/core.h:569:16: note: in expansion of macro 'spa_api_method_r'
  569 |         return spa_api_method_r(int, -ENOTSUP,
      |                ^~~~~~~~~~~~~~~~
/usr/include/spa-0.2/spa/utils/hook.h:207:1: warning: ISO C++ forbids braced-groups within expressions [-Wpedantic]
  207 | ({                                                                              \
      | ^
/usr/include/spa-0.2/spa/utils/hook.h:251:9: note: in expansion of macro 'spa_callbacks_call_res'
  251 |         spa_callbacks_call_res(&(iface)->cb,method_type,res,method,vers,##__VA_ARGS__)
      |         ^~~~~~~~~~~~~~~~~~~~~~
/usr/include/spa-0.2/spa/utils/hook.h:284:9: note: in expansion of macro 'spa_interface_call_res'
  284 |         spa_interface_call_res(_i, struct type ##_methods,              \
      |         ^~~~~~~~~~~~~~~~~~~~~~
/usr/include/pipewire-0.3/pipewire/core.h:569:16: note: in expansion of macro 'spa_api_method_r'
  569 |         return spa_api_method_r(int, -ENOTSUP,
      |                ^~~~~~~~~~~~~~~~
/usr/include/pipewire-0.3/pipewire/core.h: In function 'void* pw_registry_bind(pw_registry*, uint32_t, const char*, uint32_t, size_t)':
/usr/include/spa-0.2/spa/utils/hook.h:281:1: warning: ISO C++ forbids braced-groups within expressions [-Wpedantic]
  281 | ({                                                                      \
      | ^
/usr/include/pipewire-0.3/pipewire/core.h:580:16: note: in expansion of macro 'spa_api_method_r'
  580 |         return spa_api_method_r(void*, NULL,
      |                ^~~~~~~~~~~~~~~~
/usr/include/spa-0.2/spa/utils/hook.h:207:1: warning: ISO C++ forbids braced-groups within expressions [-Wpedantic]
  207 | ({                                                                              \
      | ^
/usr/include/spa-0.2/spa/utils/hook.h:251:9: note: in expansion of macro 'spa_callbacks_call_res'
  251 |         spa_callbacks_call_res(&(iface)->cb,method_type,res,method,vers,##__VA_ARGS__)
      |         ^~~~~~~~~~~~~~~~~~~~~~
/usr/include/spa-0.2/spa/utils/hook.h:284:9: note: in expansion of macro 'spa_interface_call_res'
  284 |         spa_interface_call_res(_i, struct type ##_methods,              \
      |         ^~~~~~~~~~~~~~~~~~~~~~
/usr/include/pipewire-0.3/pipewire/core.h:580:16: note: in expansion of macro 'spa_api_method_r'
  580 |         return spa_api_method_r(void*, NULL,
      |                ^~~~~~~~~~~~~~~~
/usr/include/pipewire-0.3/pipewire/core.h: In function 'int pw_registry_destroy(pw_registry*, uint32_t)':
/usr/include/spa-0.2/spa/utils/hook.h:281:1: warning: ISO C++ forbids braced-groups within expressions [-Wpedantic]
  281 | ({                                                                      \
      | ^
/usr/include/pipewire-0.3/pipewire/core.h:589:16: note: in expansion of macro 'spa_api_method_r'
  589 |         return spa_api_method_r(int, -ENOTSUP,
      |                ^~~~~~~~~~~~~~~~
/usr/include/spa-0.2/spa/utils/hook.h:207:1: warning: ISO C++ forbids braced-groups within expressions [-Wpedantic]
  207 | ({                                                                              \
      | ^
/usr/include/spa-0.2/spa/utils/hook.h:251:9: note: in expansion of macro 'spa_callbacks_call_res'
  251 |         spa_callbacks_call_res(&(iface)->cb,method_type,res,method,vers,##__VA_ARGS__)
      |         ^~~~~~~~~~~~~~~~~~~~~~
/usr/include/spa-0.2/spa/utils/hook.h:284:9: note: in expansion of macro 'spa_interface_call_res'
  284 |         spa_interface_call_res(_i, struct type ##_methods,              \
      |         ^~~~~~~~~~~~~~~~~~~~~~
/usr/include/pipewire-0.3/pipewire/core.h:589:16: note: in expansion of macro 'spa_api_method_r'
  589 |         return spa_api_method_r(int, -ENOTSUP,
      |                ^~~~~~~~~~~~~~~~
/usr/include/spa-0.2/spa/support/system.h: In function 'ssize_t spa_system_read(spa_system*, int, void*, size_t)':
/usr/include/spa-0.2/spa/utils/hook.h:315:1: warning: ISO C++ forbids braced-groups within expressions [-Wpedantic]
  315 | ({                                                                      \
      | ^
/usr/include/spa-0.2/spa/support/system.h:111:16: note: in expansion of macro 'spa_api_method_fast_r'
  111 |         return spa_api_method_fast_r(ssize_t, -ENOTSUP, spa_system, &object->iface, read, 0, fd, buf, count);
      |                ^~~~~~~~~~~~~~~~~~~~~
/usr/include/spa-0.2/spa/utils/hook.h:214:1: warning: ISO C++ forbids braced-groups within expressions [-Wpedantic]
  214 | ({                                                                              \
      | ^
/usr/include/spa-0.2/spa/utils/hook.h:254:9: note: in expansion of macro 'spa_callbacks_call_fast_res'
  254 |         spa_callbacks_call_fast_res(&(iface)->cb,method_type,res,method,vers,##__VA_ARGS__)
      |         ^~~~~~~~~~~~~~~~~~~~~~~~~~~
/usr/include/spa-0.2/spa/utils/hook.h:318:9: note: in expansion of macro 'spa_interface_call_fast_res'
  318 |         spa_interface_call_fast_res(_i, struct type ##_methods,         \
      |         ^~~~~~~~~~~~~~~~~~~~~~~~~~~
/usr/include/spa-0.2/spa/support/system.h:111:16: note: in expansion of macro 'spa_api_method_fast_r'
  111 |         return spa_api_method_fast_r(ssize_t, -ENOTSUP, spa_system, &object->iface, read, 0, fd, buf, count);
      |                ^~~~~~~~~~~~~~~~~~~~~
/usr/include/spa-0.2/spa/support/system.h: In function 'ssize_t spa_system_write(spa_system*, int, const void*, size_t)':
/usr/include/spa-0.2/spa/utils/hook.h:315:1: warning: ISO C++ forbids braced-groups within expressions [-Wpedantic]
  315 | ({                                                                      \
      | ^
/usr/include/spa-0.2/spa/support/system.h:115:16: note: in expansion of macro 'spa_api_method_fast_r'
  115 |         return spa_api_method_fast_r(ssize_t, -ENOTSUP, spa_system, &object->iface, write, 0, fd, buf, count);
      |                ^~~~~~~~~~~~~~~~~~~~~
/usr/include/spa-0.2/spa/utils/hook.h:214:1: warning: ISO C++ forbids braced-groups within expressions [-Wpedantic]
  214 | ({                                                                              \
      | ^
/usr/include/spa-0.2/spa/utils/hook.h:254:9: note: in expansion of macro 'spa_callbacks_call_fast_res'
  254 |         spa_callbacks_call_fast_res(&(iface)->cb,method_type,res,method,vers,##__VA_ARGS__)
      |         ^~~~~~~~~~~~~~~~~~~~~~~~~~~
/usr/include/spa-0.2/spa/utils/hook.h:318:9: note: in expansion of macro 'spa_interface_call_fast_res'
  318 |         spa_interface_call_fast_res(_i, struct type ##_methods,         \
      |         ^~~~~~~~~~~~~~~~~~~~~~~~~~~
/usr/include/spa-0.2/spa/support/system.h:115:16: note: in expansion of macro 'spa_api_method_fast_r'
  115 |         return spa_api_method_fast_r(ssize_t, -ENOTSUP, spa_system, &object->iface, write, 0, fd, buf, count);
      |                ^~~~~~~~~~~~~~~~~~~~~
/usr/include/spa-0.2/spa/support/system.h: In function 'int spa_system_close(spa_system*, int)':
/usr/include/spa-0.2/spa/utils/hook.h:315:1: warning: ISO C++ forbids braced-groups within expressions [-Wpedantic]
  315 | ({                                                                      \
      | ^
/usr/include/spa-0.2/spa/support/system.h:122:16: note: in expansion of macro 'spa_api_method_fast_r'
  122 |         return spa_api_method_fast_r(int, -ENOTSUP, spa_system, &object->iface, close, 0, fd);
      |                ^~~~~~~~~~~~~~~~~~~~~
/usr/include/spa-0.2/spa/utils/hook.h:214:1: warning: ISO C++ forbids braced-groups within expressions [-Wpedantic]
  214 | ({                                                                              \
      | ^
/usr/include/spa-0.2/spa/utils/hook.h:254:9: note: in expansion of macro 'spa_callbacks_call_fast_res'
  254 |         spa_callbacks_call_fast_res(&(iface)->cb,method_type,res,method,vers,##__VA_ARGS__)
      |         ^~~~~~~~~~~~~~~~~~~~~~~~~~~
/usr/include/spa-0.2/spa/utils/hook.h:318:9: note: in expansion of macro 'spa_interface_call_fast_res'
  318 |         spa_interface_call_fast_res(_i, struct type ##_methods,         \
      |         ^~~~~~~~~~~~~~~~~~~~~~~~~~~
/usr/include/spa-0.2/spa/support/system.h:122:16: note: in expansion of macro 'spa_api_method_fast_r'
  122 |         return spa_api_method_fast_r(int, -ENOTSUP, spa_system, &object->iface, close, 0, fd);
      |                ^~~~~~~~~~~~~~~~~~~~~
/usr/include/spa-0.2/spa/support/system.h: In function 'int spa_system_clock_gettime(spa_system*, int, timespec*)':
/usr/include/spa-0.2/spa/utils/hook.h:315:1: warning: ISO C++ forbids braced-groups within expressions [-Wpedantic]
  315 | ({                                                                      \
      | ^
/usr/include/spa-0.2/spa/support/system.h:127:16: note: in expansion of macro 'spa_api_method_fast_r'
  127 |         return spa_api_method_fast_r(int, -ENOTSUP, spa_system, &object->iface, clock_gettime, 0, clockid, value);
      |                ^~~~~~~~~~~~~~~~~~~~~
/usr/include/spa-0.2/spa/utils/hook.h:214:1: warning: ISO C++ forbids braced-groups within expressions [-Wpedantic]
  214 | ({                                                                              \
      | ^
/usr/include/spa-0.2/spa/utils/hook.h:254:9: note: in expansion of macro 'spa_callbacks_call_fast_res'
  254 |         spa_callbacks_call_fast_res(&(iface)->cb,method_type,res,method,vers,##__VA_ARGS__)
      |         ^~~~~~~~~~~~~~~~~~~~~~~~~~~
/usr/include/spa-0.2/spa/utils/hook.h:318:9: note: in expansion of macro 'spa_interface_call_fast_res'
  318 |         spa_interface_call_fast_res(_i, struct type ##_methods,         \
      |         ^~~~~~~~~~~~~~~~~~~~~~~~~~~
/usr/include/spa-0.2/spa/support/system.h:127:16: note: in expansion of macro 'spa_api_method_fast_r'
  127 |         return spa_api_method_fast_r(int, -ENOTSUP, spa_system, &object->iface, clock_gettime, 0, clockid, value);
      |                ^~~~~~~~~~~~~~~~~~~~~
/usr/include/spa-0.2/spa/support/system.h: In function 'int spa_system_clock_getres(spa_system*, int, timespec*)':
/usr/include/spa-0.2/spa/utils/hook.h:315:1: warning: ISO C++ forbids braced-groups within expressions [-Wpedantic]
  315 | ({                                                                      \
      | ^
/usr/include/spa-0.2/spa/support/system.h:132:16: note: in expansion of macro 'spa_api_method_fast_r'
  132 |         return spa_api_method_fast_r(int, -ENOTSUP, spa_system, &object->iface, clock_getres, 0, clockid, res);
      |                ^~~~~~~~~~~~~~~~~~~~~
/usr/include/spa-0.2/spa/utils/hook.h:214:1: warning: ISO C++ forbids braced-groups within expressions [-Wpedantic]
  214 | ({                                                                              \
      | ^
/usr/include/spa-0.2/spa/utils/hook.h:254:9: note: in expansion of macro 'spa_callbacks_call_fast_res'
  254 |         spa_callbacks_call_fast_res(&(iface)->cb,method_type,res,method,vers,##__VA_ARGS__)
      |         ^~~~~~~~~~~~~~~~~~~~~~~~~~~
/usr/include/spa-0.2/spa/utils/hook.h:318:9: note: in expansion of macro 'spa_interface_call_fast_res'
  318 |         spa_interface_call_fast_res(_i, struct type ##_methods,         \
      |         ^~~~~~~~~~~~~~~~~~~~~~~~~~~
/usr/include/spa-0.2/spa/support/system.h:132:16: note: in expansion of macro 'spa_api_method_fast_r'
  132 |         return spa_api_method_fast_r(int, -ENOTSUP, spa_system, &object->iface, clock_getres, 0, clockid, res);
      |                ^~~~~~~~~~~~~~~~~~~~~
/usr/include/spa-0.2/spa/support/system.h: In function 'int spa_system_pollfd_create(spa_system*, int)':
/usr/include/spa-0.2/spa/utils/hook.h:315:1: warning: ISO C++ forbids braced-groups within expressions [-Wpedantic]
  315 | ({                                                                      \
      | ^
/usr/include/spa-0.2/spa/support/system.h:137:16: note: in expansion of macro 'spa_api_method_fast_r'
  137 |         return spa_api_method_fast_r(int, -ENOTSUP, spa_system, &object->iface, pollfd_create, 0, flags);
      |                ^~~~~~~~~~~~~~~~~~~~~
/usr/include/spa-0.2/spa/utils/hook.h:214:1: warning: ISO C++ forbids braced-groups within expressions [-Wpedantic]
  214 | ({                                                                              \
      | ^
/usr/include/spa-0.2/spa/utils/hook.h:254:9: note: in expansion of macro 'spa_callbacks_call_fast_res'
  254 |         spa_callbacks_call_fast_res(&(iface)->cb,method_type,res,method,vers,##__VA_ARGS__)
      |         ^~~~~~~~~~~~~~~~~~~~~~~~~~~
/usr/include/spa-0.2/spa/utils/hook.h:318:9: note: in expansion of macro 'spa_interface_call_fast_res'
  318 |         spa_interface_call_fast_res(_i, struct type ##_methods,         \
      |         ^~~~~~~~~~~~~~~~~~~~~~~~~~~
/usr/include/spa-0.2/spa/support/system.h:137:16: note: in expansion of macro 'spa_api_method_fast_r'
  137 |         return spa_api_method_fast_r(int, -ENOTSUP, spa_system, &object->iface, pollfd_create, 0, flags);
      |                ^~~~~~~~~~~~~~~~~~~~~
/usr/include/spa-0.2/spa/support/system.h: In function 'int spa_system_pollfd_add(spa_system*, int, int, uint32_t, void*)':
/usr/include/spa-0.2/spa/utils/hook.h:315:1: warning: ISO C++ forbids braced-groups within expressions [-Wpedantic]
  315 | ({                                                                      \
      | ^
/usr/include/spa-0.2/spa/support/system.h:141:16: note: in expansion of macro 'spa_api_method_fast_r'
  141 |         return spa_api_method_fast_r(int, -ENOTSUP, spa_system, &object->iface, pollfd_add, 0, pfd, fd, events, data);
      |                ^~~~~~~~~~~~~~~~~~~~~
/usr/include/spa-0.2/spa/utils/hook.h:214:1: warning: ISO C++ forbids braced-groups within expressions [-Wpedantic]
  214 | ({                                                                              \
      | ^
/usr/include/spa-0.2/spa/utils/hook.h:254:9: note: in expansion of macro 'spa_callbacks_call_fast_res'
  254 |         spa_callbacks_call_fast_res(&(iface)->cb,method_type,res,method,vers,##__VA_ARGS__)
      |         ^~~~~~~~~~~~~~~~~~~~~~~~~~~
/usr/include/spa-0.2/spa/utils/hook.h:318:9: note: in expansion of macro 'spa_interface_call_fast_res'
  318 |         spa_interface_call_fast_res(_i, struct type ##_methods,         \
      |         ^~~~~~~~~~~~~~~~~~~~~~~~~~~
/usr/include/spa-0.2/spa/support/system.h:141:16: note: in expansion of macro 'spa_api_method_fast_r'
  141 |         return spa_api_method_fast_r(int, -ENOTSUP, spa_system, &object->iface, pollfd_add, 0, pfd, fd, events, data);
      |                ^~~~~~~~~~~~~~~~~~~~~
/usr/include/spa-0.2/spa/support/system.h: In function 'int spa_system_pollfd_mod(spa_system*, int, int, uint32_t, void*)':
/usr/include/spa-0.2/spa/utils/hook.h:315:1: warning: ISO C++ forbids braced-groups within expressions [-Wpedantic]
  315 | ({                                                                      \
      | ^
/usr/include/spa-0.2/spa/support/system.h:145:16: note: in expansion of macro 'spa_api_method_fast_r'
  145 |         return spa_api_method_fast_r(int, -ENOTSUP, spa_system, &object->iface, pollfd_mod, 0, pfd, fd, events, data);
      |                ^~~~~~~~~~~~~~~~~~~~~
/usr/include/spa-0.2/spa/utils/hook.h:214:1: warning: ISO C++ forbids braced-groups within expressions [-Wpedantic]
  214 | ({                                                                              \
      | ^
/usr/include/spa-0.2/spa/utils/hook.h:254:9: note: in expansion of macro 'spa_callbacks_call_fast_res'
  254 |         spa_callbacks_call_fast_res(&(iface)->cb,method_type,res,method,vers,##__VA_ARGS__)
      |         ^~~~~~~~~~~~~~~~~~~~~~~~~~~
/usr/include/spa-0.2/spa/utils/hook.h:318:9: note: in expansion of macro 'spa_interface_call_fast_res'
  318 |         spa_interface_call_fast_res(_i, struct type ##_methods,         \
      |         ^~~~~~~~~~~~~~~~~~~~~~~~~~~
/usr/include/spa-0.2/spa/support/system.h:145:16: note: in expansion of macro 'spa_api_method_fast_r'
  145 |         return spa_api_method_fast_r(int, -ENOTSUP, spa_system, &object->iface, pollfd_mod, 0, pfd, fd, events, data);
      |                ^~~~~~~~~~~~~~~~~~~~~
/usr/include/spa-0.2/spa/support/system.h: In function 'int spa_system_pollfd_del(spa_system*, int, int)':
/usr/include/spa-0.2/spa/utils/hook.h:315:1: warning: ISO C++ forbids braced-groups within expressions [-Wpedantic]
  315 | ({                                                                      \
      | ^
/usr/include/spa-0.2/spa/support/system.h:149:16: note: in expansion of macro 'spa_api_method_fast_r'
  149 |         return spa_api_method_fast_r(int, -ENOTSUP, spa_system, &object->iface, pollfd_del, 0, pfd, fd);
      |                ^~~~~~~~~~~~~~~~~~~~~
/usr/include/spa-0.2/spa/utils/hook.h:214:1: warning: ISO C++ forbids braced-groups within expressions [-Wpedantic]
  214 | ({                                                                              \
      | ^
/usr/include/spa-0.2/spa/utils/hook.h:254:9: note: in expansion of macro 'spa_callbacks_call_fast_res'
  254 |         spa_callbacks_call_fast_res(&(iface)->cb,method_type,res,method,vers,##__VA_ARGS__)
      |         ^~~~~~~~~~~~~~~~~~~~~~~~~~~
/usr/include/spa-0.2/spa/utils/hook.h:318:9: note: in expansion of macro 'spa_interface_call_fast_res'
  318 |         spa_interface_call_fast_res(_i, struct type ##_methods,         \
      |         ^~~~~~~~~~~~~~~~~~~~~~~~~~~
/usr/include/spa-0.2/spa/support/system.h:149:16: note: in expansion of macro 'spa_api_method_fast_r'
  149 |         return spa_api_method_fast_r(int, -ENOTSUP, spa_system, &object->iface, pollfd_del, 0, pfd, fd);
      |                ^~~~~~~~~~~~~~~~~~~~~
/usr/include/spa-0.2/spa/support/system.h: In function 'int spa_system_pollfd_wait(spa_system*, int, spa_poll_event*, int, int)':
/usr/include/spa-0.2/spa/utils/hook.h:315:1: warning: ISO C++ forbids braced-groups within expressions [-Wpedantic]
  315 | ({                                                                      \
      | ^
/usr/include/spa-0.2/spa/support/system.h:154:16: note: in expansion of macro 'spa_api_method_fast_r'
  154 |         return spa_api_method_fast_r(int, -ENOTSUP, spa_system, &object->iface, pollfd_wait, 0, pfd, ev, n_ev, timeout);
      |                ^~~~~~~~~~~~~~~~~~~~~
/usr/include/spa-0.2/spa/utils/hook.h:214:1: warning: ISO C++ forbids braced-groups within expressions [-Wpedantic]
  214 | ({                                                                              \
      | ^
/usr/include/spa-0.2/spa/utils/hook.h:254:9: note: in expansion of macro 'spa_callbacks_call_fast_res'
  254 |         spa_callbacks_call_fast_res(&(iface)->cb,method_type,res,method,vers,##__VA_ARGS__)
      |         ^~~~~~~~~~~~~~~~~~~~~~~~~~~
/usr/include/spa-0.2/spa/utils/hook.h:318:9: note: in expansion of macro 'spa_interface_call_fast_res'
  318 |         spa_interface_call_fast_res(_i, struct type ##_methods,         \
      |         ^~~~~~~~~~~~~~~~~~~~~~~~~~~
/usr/include/spa-0.2/spa/support/system.h:154:16: note: in expansion of macro 'spa_api_method_fast_r'
  154 |         return spa_api_method_fast_r(int, -ENOTSUP, spa_system, &object->iface, pollfd_wait, 0, pfd, ev, n_ev, timeout);
      |                ^~~~~~~~~~~~~~~~~~~~~
/usr/include/spa-0.2/spa/support/system.h: In function 'int spa_system_timerfd_create(spa_system*, int, int)':
/usr/include/spa-0.2/spa/utils/hook.h:315:1: warning: ISO C++ forbids braced-groups within expressions [-Wpedantic]
  315 | ({                                                                      \
      | ^
/usr/include/spa-0.2/spa/support/system.h:159:16: note: in expansion of macro 'spa_api_method_fast_r'
  159 |         return spa_api_method_fast_r(int, -ENOTSUP, spa_system, &object->iface, timerfd_create, 0, clockid, flags);
      |                ^~~~~~~~~~~~~~~~~~~~~
/usr/include/spa-0.2/spa/utils/hook.h:214:1: warning: ISO C++ forbids braced-groups within expressions [-Wpedantic]
  214 | ({                                                                              \
      | ^
/usr/include/spa-0.2/spa/utils/hook.h:254:9: note: in expansion of macro 'spa_callbacks_call_fast_res'
  254 |         spa_callbacks_call_fast_res(&(iface)->cb,method_type,res,method,vers,##__VA_ARGS__)
      |         ^~~~~~~~~~~~~~~~~~~~~~~~~~~
/usr/include/spa-0.2/spa/utils/hook.h:318:9: note: in expansion of macro 'spa_interface_call_fast_res'
  318 |         spa_interface_call_fast_res(_i, struct type ##_methods,         \
      |         ^~~~~~~~~~~~~~~~~~~~~~~~~~~
/usr/include/spa-0.2/spa/support/system.h:159:16: note: in expansion of macro 'spa_api_method_fast_r'
  159 |         return spa_api_method_fast_r(int, -ENOTSUP, spa_system, &object->iface, timerfd_create, 0, clockid, flags);
      |                ^~~~~~~~~~~~~~~~~~~~~
/usr/include/spa-0.2/spa/support/system.h: In function 'int spa_system_timerfd_settime(spa_system*, int, int, const itimerspec*, itimerspec*)':
/usr/include/spa-0.2/spa/utils/hook.h:315:1: warning: ISO C++ forbids braced-groups within expressions [-Wpedantic]
  315 | ({                                                                      \
      | ^
/usr/include/spa-0.2/spa/support/system.h:167:16: note: in expansion of macro 'spa_api_method_fast_r'
  167 |         return spa_api_method_fast_r(int, -ENOTSUP, spa_system, &object->iface, timerfd_settime, 0,
      |                ^~~~~~~~~~~~~~~~~~~~~
/usr/include/spa-0.2/spa/utils/hook.h:214:1: warning: ISO C++ forbids braced-groups within expressions [-Wpedantic]
  214 | ({                                                                              \
      | ^
/usr/include/spa-0.2/spa/utils/hook.h:254:9: note: in expansion of macro 'spa_callbacks_call_fast_res'
  254 |         spa_callbacks_call_fast_res(&(iface)->cb,method_type,res,method,vers,##__VA_ARGS__)
      |         ^~~~~~~~~~~~~~~~~~~~~~~~~~~
/usr/include/spa-0.2/spa/utils/hook.h:318:9: note: in expansion of macro 'spa_interface_call_fast_res'
  318 |         spa_interface_call_fast_res(_i, struct type ##_methods,         \
      |         ^~~~~~~~~~~~~~~~~~~~~~~~~~~
/usr/include/spa-0.2/spa/support/system.h:167:16: note: in expansion of macro 'spa_api_method_fast_r'
  167 |         return spa_api_method_fast_r(int, -ENOTSUP, spa_system, &object->iface, timerfd_settime, 0,
      |                ^~~~~~~~~~~~~~~~~~~~~
/usr/include/spa-0.2/spa/support/system.h: In function 'int spa_system_timerfd_gettime(spa_system*, int, itimerspec*)':
/usr/include/spa-0.2/spa/utils/hook.h:315:1: warning: ISO C++ forbids braced-groups within expressions [-Wpedantic]
  315 | ({                                                                      \
      | ^
/usr/include/spa-0.2/spa/support/system.h:174:16: note: in expansion of macro 'spa_api_method_fast_r'
  174 |         return spa_api_method_fast_r(int, -ENOTSUP, spa_system, &object->iface, timerfd_gettime, 0,
      |                ^~~~~~~~~~~~~~~~~~~~~
/usr/include/spa-0.2/spa/utils/hook.h:214:1: warning: ISO C++ forbids braced-groups within expressions [-Wpedantic]
  214 | ({                                                                              \
      | ^
/usr/include/spa-0.2/spa/utils/hook.h:254:9: note: in expansion of macro 'spa_callbacks_call_fast_res'
  254 |         spa_callbacks_call_fast_res(&(iface)->cb,method_type,res,method,vers,##__VA_ARGS__)
      |         ^~~~~~~~~~~~~~~~~~~~~~~~~~~
/usr/include/spa-0.2/spa/utils/hook.h:318:9: note: in expansion of macro 'spa_interface_call_fast_res'
  318 |         spa_interface_call_fast_res(_i, struct type ##_methods,         \
      |         ^~~~~~~~~~~~~~~~~~~~~~~~~~~
/usr/include/spa-0.2/spa/support/system.h:174:16: note: in expansion of macro 'spa_api_method_fast_r'
  174 |         return spa_api_method_fast_r(int, -ENOTSUP, spa_system, &object->iface, timerfd_gettime, 0,
      |                ^~~~~~~~~~~~~~~~~~~~~
/usr/include/spa-0.2/spa/support/system.h: In function 'int spa_system_timerfd_read(spa_system*, int, uint64_t*)':
/usr/include/spa-0.2/spa/utils/hook.h:315:1: warning: ISO C++ forbids braced-groups within expressions [-Wpedantic]
  315 | ({                                                                      \
      | ^
/usr/include/spa-0.2/spa/support/system.h:179:16: note: in expansion of macro 'spa_api_method_fast_r'
  179 |         return spa_api_method_fast_r(int, -ENOTSUP, spa_system, &object->iface, timerfd_read, 0,
      |                ^~~~~~~~~~~~~~~~~~~~~
/usr/include/spa-0.2/spa/utils/hook.h:214:1: warning: ISO C++ forbids braced-groups within expressions [-Wpedantic]
  214 | ({                                                                              \
      | ^
/usr/include/spa-0.2/spa/utils/hook.h:254:9: note: in expansion of macro 'spa_callbacks_call_fast_res'
  254 |         spa_callbacks_call_fast_res(&(iface)->cb,method_type,res,method,vers,##__VA_ARGS__)
      |         ^~~~~~~~~~~~~~~~~~~~~~~~~~~
/usr/include/spa-0.2/spa/utils/hook.h:318:9: note: in expansion of macro 'spa_interface_call_fast_res'
  318 |         spa_interface_call_fast_res(_i, struct type ##_methods,         \
      |         ^~~~~~~~~~~~~~~~~~~~~~~~~~~
/usr/include/spa-0.2/spa/support/system.h:179:16: note: in expansion of macro 'spa_api_method_fast_r'
  179 |         return spa_api_method_fast_r(int, -ENOTSUP, spa_system, &object->iface, timerfd_read, 0,
      |                ^~~~~~~~~~~~~~~~~~~~~
/usr/include/spa-0.2/spa/support/system.h: In function 'int spa_system_eventfd_create(spa_system*, int)':
/usr/include/spa-0.2/spa/utils/hook.h:315:1: warning: ISO C++ forbids braced-groups within expressions [-Wpedantic]
  315 | ({                                                                      \
      | ^
/usr/include/spa-0.2/spa/support/system.h:185:16: note: in expansion of macro 'spa_api_method_fast_r'
  185 |         return spa_api_method_fast_r(int, -ENOTSUP, spa_system, &object->iface, eventfd_create, 0, flags);
      |                ^~~~~~~~~~~~~~~~~~~~~
/usr/include/spa-0.2/spa/utils/hook.h:214:1: warning: ISO C++ forbids braced-groups within expressions [-Wpedantic]
  214 | ({                                                                              \
      | ^
/usr/include/spa-0.2/spa/utils/hook.h:254:9: note: in expansion of macro 'spa_callbacks_call_fast_res'
  254 |         spa_callbacks_call_fast_res(&(iface)->cb,method_type,res,method,vers,##__VA_ARGS__)
      |         ^~~~~~~~~~~~~~~~~~~~~~~~~~~
/usr/include/spa-0.2/spa/utils/hook.h:318:9: note: in expansion of macro 'spa_interface_call_fast_res'
  318 |         spa_interface_call_fast_res(_i, struct type ##_methods,         \
      |         ^~~~~~~~~~~~~~~~~~~~~~~~~~~
/usr/include/spa-0.2/spa/support/system.h:185:16: note: in expansion of macro 'spa_api_method_fast_r'
  185 |         return spa_api_method_fast_r(int, -ENOTSUP, spa_system, &object->iface, eventfd_create, 0, flags);
      |                ^~~~~~~~~~~~~~~~~~~~~
/usr/include/spa-0.2/spa/support/system.h: In function 'int spa_system_eventfd_write(spa_system*, int, uint64_t)':
/usr/include/spa-0.2/spa/utils/hook.h:315:1: warning: ISO C++ forbids braced-groups within expressions [-Wpedantic]
  315 | ({                                                                      \
      | ^
/usr/include/spa-0.2/spa/support/system.h:189:16: note: in expansion of macro 'spa_api_method_fast_r'
  189 |         return spa_api_method_fast_r(int, -ENOTSUP, spa_system, &object->iface, eventfd_write, 0,
      |                ^~~~~~~~~~~~~~~~~~~~~
/usr/include/spa-0.2/spa/utils/hook.h:214:1: warning: ISO C++ forbids braced-groups within expressions [-Wpedantic]
  214 | ({                                                                              \
      | ^
/usr/include/spa-0.2/spa/utils/hook.h:254:9: note: in expansion of macro 'spa_callbacks_call_fast_res'
  254 |         spa_callbacks_call_fast_res(&(iface)->cb,method_type,res,method,vers,##__VA_ARGS__)
      |         ^~~~~~~~~~~~~~~~~~~~~~~~~~~
/usr/include/spa-0.2/spa/utils/hook.h:318:9: note: in expansion of macro 'spa_interface_call_fast_res'
  318 |         spa_interface_call_fast_res(_i, struct type ##_methods,         \
      |         ^~~~~~~~~~~~~~~~~~~~~~~~~~~
/usr/include/spa-0.2/spa/support/system.h:189:16: note: in expansion of macro 'spa_api_method_fast_r'
  189 |         return spa_api_method_fast_r(int, -ENOTSUP, spa_system, &object->iface, eventfd_write, 0,
      |                ^~~~~~~~~~~~~~~~~~~~~
/usr/include/spa-0.2/spa/support/system.h: In function 'int spa_system_eventfd_read(spa_system*, int, uint64_t*)':
/usr/include/spa-0.2/spa/utils/hook.h:315:1: warning: ISO C++ forbids braced-groups within expressions [-Wpedantic]
  315 | ({                                                                      \
      | ^
/usr/include/spa-0.2/spa/support/system.h:194:16: note: in expansion of macro 'spa_api_method_fast_r'
  194 |         return spa_api_method_fast_r(int, -ENOTSUP, spa_system, &object->iface, eventfd_read, 0,
      |                ^~~~~~~~~~~~~~~~~~~~~
/usr/include/spa-0.2/spa/utils/hook.h:214:1: warning: ISO C++ forbids braced-groups within expressions [-Wpedantic]
  214 | ({                                                                              \
      | ^
/usr/include/spa-0.2/spa/utils/hook.h:254:9: note: in expansion of macro 'spa_callbacks_call_fast_res'
  254 |         spa_callbacks_call_fast_res(&(iface)->cb,method_type,res,method,vers,##__VA_ARGS__)
      |         ^~~~~~~~~~~~~~~~~~~~~~~~~~~
/usr/include/spa-0.2/spa/utils/hook.h:318:9: note: in expansion of macro 'spa_interface_call_fast_res'
  318 |         spa_interface_call_fast_res(_i, struct type ##_methods,         \
      |         ^~~~~~~~~~~~~~~~~~~~~~~~~~~
/usr/include/spa-0.2/spa/support/system.h:194:16: note: in expansion of macro 'spa_api_method_fast_r'
  194 |         return spa_api_method_fast_r(int, -ENOTSUP, spa_system, &object->iface, eventfd_read, 0,
      |                ^~~~~~~~~~~~~~~~~~~~~
/usr/include/spa-0.2/spa/support/system.h: In function 'int spa_system_signalfd_create(spa_system*, int, int)':
/usr/include/spa-0.2/spa/utils/hook.h:315:1: warning: ISO C++ forbids braced-groups within expressions [-Wpedantic]
  315 | ({                                                                      \
      | ^
/usr/include/spa-0.2/spa/support/system.h:200:16: note: in expansion of macro 'spa_api_method_fast_r'
  200 |         return spa_api_method_fast_r(int, -ENOTSUP, spa_system, &object->iface, signalfd_create, 0,
      |                ^~~~~~~~~~~~~~~~~~~~~
/usr/include/spa-0.2/spa/utils/hook.h:214:1: warning: ISO C++ forbids braced-groups within expressions [-Wpedantic]
  214 | ({                                                                              \
      | ^
/usr/include/spa-0.2/spa/utils/hook.h:254:9: note: in expansion of macro 'spa_callbacks_call_fast_res'
  254 |         spa_callbacks_call_fast_res(&(iface)->cb,method_type,res,method,vers,##__VA_ARGS__)
      |         ^~~~~~~~~~~~~~~~~~~~~~~~~~~
/usr/include/spa-0.2/spa/utils/hook.h:318:9: note: in expansion of macro 'spa_interface_call_fast_res'
  318 |         spa_interface_call_fast_res(_i, struct type ##_methods,         \
      |         ^~~~~~~~~~~~~~~~~~~~~~~~~~~
/usr/include/spa-0.2/spa/support/system.h:200:16: note: in expansion of macro 'spa_api_method_fast_r'
  200 |         return spa_api_method_fast_r(int, -ENOTSUP, spa_system, &object->iface, signalfd_create, 0,
      |                ^~~~~~~~~~~~~~~~~~~~~
/usr/include/spa-0.2/spa/support/system.h: In function 'int spa_system_signalfd_read(spa_system*, int, int*)':
/usr/include/spa-0.2/spa/utils/hook.h:315:1: warning: ISO C++ forbids braced-groups within expressions [-Wpedantic]
  315 | ({                                                                      \
      | ^
/usr/include/spa-0.2/spa/support/system.h:206:16: note: in expansion of macro 'spa_api_method_fast_r'
  206 |         return spa_api_method_fast_r(int, -ENOTSUP, spa_system, &object->iface, signalfd_read, 0,
      |                ^~~~~~~~~~~~~~~~~~~~~
/usr/include/spa-0.2/spa/utils/hook.h:214:1: warning: ISO C++ forbids braced-groups within expressions [-Wpedantic]
  214 | ({                                                                              \
      | ^
/usr/include/spa-0.2/spa/utils/hook.h:254:9: note: in expansion of macro 'spa_callbacks_call_fast_res'
  254 |         spa_callbacks_call_fast_res(&(iface)->cb,method_type,res,method,vers,##__VA_ARGS__)
      |         ^~~~~~~~~~~~~~~~~~~~~~~~~~~
/usr/include/spa-0.2/spa/utils/hook.h:318:9: note: in expansion of macro 'spa_interface_call_fast_res'
  318 |         spa_interface_call_fast_res(_i, struct type ##_methods,         \
      |         ^~~~~~~~~~~~~~~~~~~~~~~~~~~
/usr/include/spa-0.2/spa/support/system.h:206:16: note: in expansion of macro 'spa_api_method_fast_r'
  206 |         return spa_api_method_fast_r(int, -ENOTSUP, spa_system, &object->iface, signalfd_read, 0,
      |                ^~~~~~~~~~~~~~~~~~~~~
/usr/include/spa-0.2/spa/support/loop.h: In function 'int spa_loop_add_source(spa_loop*, spa_source*)':
/usr/include/spa-0.2/spa/utils/hook.h:281:1: warning: ISO C++ forbids braced-groups within expressions [-Wpedantic]
  281 | ({                                                                      \
      | ^
/usr/include/spa-0.2/spa/support/loop.h:162:16: note: in expansion of macro 'spa_api_method_r'
  162 |         return spa_api_method_r(int, -ENOTSUP,
      |                ^~~~~~~~~~~~~~~~
/usr/include/spa-0.2/spa/utils/hook.h:207:1: warning: ISO C++ forbids braced-groups within expressions [-Wpedantic]
  207 | ({                                                                              \
      | ^
/usr/include/spa-0.2/spa/utils/hook.h:251:9: note: in expansion of macro 'spa_callbacks_call_res'
  251 |         spa_callbacks_call_res(&(iface)->cb,method_type,res,method,vers,##__VA_ARGS__)
      |         ^~~~~~~~~~~~~~~~~~~~~~
/usr/include/spa-0.2/spa/utils/hook.h:284:9: note: in expansion of macro 'spa_interface_call_res'
  284 |         spa_interface_call_res(_i, struct type ##_methods,              \
      |         ^~~~~~~~~~~~~~~~~~~~~~
/usr/include/spa-0.2/spa/support/loop.h:162:16: note: in expansion of macro 'spa_api_method_r'
  162 |         return spa_api_method_r(int, -ENOTSUP,
      |                ^~~~~~~~~~~~~~~~
/usr/include/spa-0.2/spa/support/loop.h: In function 'int spa_loop_update_source(spa_loop*, spa_source*)':
/usr/include/spa-0.2/spa/utils/hook.h:281:1: warning: ISO C++ forbids braced-groups within expressions [-Wpedantic]
  281 | ({                                                                      \
      | ^
/usr/include/spa-0.2/spa/support/loop.h:167:16: note: in expansion of macro 'spa_api_method_r'
  167 |         return spa_api_method_r(int, -ENOTSUP,
      |                ^~~~~~~~~~~~~~~~
/usr/include/spa-0.2/spa/utils/hook.h:207:1: warning: ISO C++ forbids braced-groups within expressions [-Wpedantic]
  207 | ({                                                                              \
      | ^
/usr/include/spa-0.2/spa/utils/hook.h:251:9: note: in expansion of macro 'spa_callbacks_call_res'
  251 |         spa_callbacks_call_res(&(iface)->cb,method_type,res,method,vers,##__VA_ARGS__)
      |         ^~~~~~~~~~~~~~~~~~~~~~
/usr/include/spa-0.2/spa/utils/hook.h:284:9: note: in expansion of macro 'spa_interface_call_res'
  284 |         spa_interface_call_res(_i, struct type ##_methods,              \
      |         ^~~~~~~~~~~~~~~~~~~~~~
/usr/include/spa-0.2/spa/support/loop.h:167:16: note: in expansion of macro 'spa_api_method_r'
  167 |         return spa_api_method_r(int, -ENOTSUP,
      |                ^~~~~~~~~~~~~~~~
/usr/include/spa-0.2/spa/support/loop.h: In function 'int spa_loop_remove_source(spa_loop*, spa_source*)':
/usr/include/spa-0.2/spa/utils/hook.h:281:1: warning: ISO C++ forbids braced-groups within expressions [-Wpedantic]
  281 | ({                                                                      \
      | ^
/usr/include/spa-0.2/spa/support/loop.h:172:16: note: in expansion of macro 'spa_api_method_r'
  172 |         return spa_api_method_r(int, -ENOTSUP,
      |                ^~~~~~~~~~~~~~~~
/usr/include/spa-0.2/spa/utils/hook.h:207:1: warning: ISO C++ forbids braced-groups within expressions [-Wpedantic]
  207 | ({                                                                              \
      | ^
/usr/include/spa-0.2/spa/utils/hook.h:251:9: note: in expansion of macro 'spa_callbacks_call_res'
  251 |         spa_callbacks_call_res(&(iface)->cb,method_type,res,method,vers,##__VA_ARGS__)
      |         ^~~~~~~~~~~~~~~~~~~~~~
/usr/include/spa-0.2/spa/utils/hook.h:284:9: note: in expansion of macro 'spa_interface_call_res'
  284 |         spa_interface_call_res(_i, struct type ##_methods,              \
      |         ^~~~~~~~~~~~~~~~~~~~~~
/usr/include/spa-0.2/spa/support/loop.h:172:16: note: in expansion of macro 'spa_api_method_r'
  172 |         return spa_api_method_r(int, -ENOTSUP,
      |                ^~~~~~~~~~~~~~~~
/usr/include/spa-0.2/spa/support/loop.h: In function 'int spa_loop_invoke(spa_loop*, spa_invoke_func_t, uint32_t, const void*, size_t, bool, void*)':
/usr/include/spa-0.2/spa/utils/hook.h:281:1: warning: ISO C++ forbids braced-groups within expressions [-Wpedantic]
  281 | ({                                                                      \
      | ^
/usr/include/spa-0.2/spa/support/loop.h:179:16: note: in expansion of macro 'spa_api_method_r'
  179 |         return spa_api_method_r(int, -ENOTSUP,
      |                ^~~~~~~~~~~~~~~~
/usr/include/spa-0.2/spa/utils/hook.h:207:1: warning: ISO C++ forbids braced-groups within expressions [-Wpedantic]
  207 | ({                                                                              \
      | ^
/usr/include/spa-0.2/spa/utils/hook.h:251:9: note: in expansion of macro 'spa_callbacks_call_res'
  251 |         spa_callbacks_call_res(&(iface)->cb,method_type,res,method,vers,##__VA_ARGS__)
      |         ^~~~~~~~~~~~~~~~~~~~~~
/usr/include/spa-0.2/spa/utils/hook.h:284:9: note: in expansion of macro 'spa_interface_call_res'
  284 |         spa_interface_call_res(_i, struct type ##_methods,              \
      |         ^~~~~~~~~~~~~~~~~~~~~~
/usr/include/spa-0.2/spa/support/loop.h:179:16: note: in expansion of macro 'spa_api_method_r'
  179 |         return spa_api_method_r(int, -ENOTSUP,
      |                ^~~~~~~~~~~~~~~~
/usr/include/spa-0.2/spa/support/loop.h: In function 'int spa_loop_locked(spa_loop*, spa_invoke_func_t, uint32_t, const void*, size_t, void*)':
/usr/include/spa-0.2/spa/utils/hook.h:281:1: warning: ISO C++ forbids braced-groups within expressions [-Wpedantic]
  281 | ({                                                                      \
      | ^
/usr/include/spa-0.2/spa/support/loop.h:187:16: note: in expansion of macro 'spa_api_method_r'
  187 |         return spa_api_method_r(int, -ENOTSUP,
      |                ^~~~~~~~~~~~~~~~
/usr/include/spa-0.2/spa/utils/hook.h:207:1: warning: ISO C++ forbids braced-groups within expressions [-Wpedantic]
  207 | ({                                                                              \
      | ^
/usr/include/spa-0.2/spa/utils/hook.h:251:9: note: in expansion of macro 'spa_callbacks_call_res'
  251 |         spa_callbacks_call_res(&(iface)->cb,method_type,res,method,vers,##__VA_ARGS__)
      |         ^~~~~~~~~~~~~~~~~~~~~~
/usr/include/spa-0.2/spa/utils/hook.h:284:9: note: in expansion of macro 'spa_interface_call_res'
  284 |         spa_interface_call_res(_i, struct type ##_methods,              \
      |         ^~~~~~~~~~~~~~~~~~~~~~
/usr/include/spa-0.2/spa/support/loop.h:187:16: note: in expansion of macro 'spa_api_method_r'
  187 |         return spa_api_method_r(int, -ENOTSUP,
      |                ^~~~~~~~~~~~~~~~
/usr/include/spa-0.2/spa/support/loop.h: In function 'void spa_loop_control_hook_before(spa_hook_list*)':
/usr/include/spa-0.2/spa/utils/hook.h:174:1: warning: ISO C++ forbids braced-groups within expressions [-Wpedantic]
  174 | ({                                                                              \
      | ^
/usr/include/spa-0.2/spa/support/loop.h:211:17: note: in expansion of macro 'spa_callbacks_call_fast'
  211 |                 spa_callbacks_call_fast(&h->cb, struct spa_loop_control_hooks, before, 0);
      |                 ^~~~~~~~~~~~~~~~~~~~~~~
/usr/include/spa-0.2/spa/support/loop.h: In function 'void spa_loop_control_hook_after(spa_hook_list*)':
/usr/include/spa-0.2/spa/utils/hook.h:174:1: warning: ISO C++ forbids braced-groups within expressions [-Wpedantic]
  174 | ({                                                                              \
      | ^
/usr/include/spa-0.2/spa/support/loop.h:218:17: note: in expansion of macro 'spa_callbacks_call_fast'
  218 |                 spa_callbacks_call_fast(&h->cb, struct spa_loop_control_hooks, after, 0);
      |                 ^~~~~~~~~~~~~~~~~~~~~~~
/usr/include/spa-0.2/spa/support/loop.h: In function 'int spa_loop_control_get_fd(spa_loop_control*)':
/usr/include/spa-0.2/spa/utils/hook.h:281:1: warning: ISO C++ forbids braced-groups within expressions [-Wpedantic]
  281 | ({                                                                      \
      | ^
/usr/include/spa-0.2/spa/support/loop.h:381:16: note: in expansion of macro 'spa_api_method_r'
  381 |         return spa_api_method_r(int, -ENOTSUP,
      |                ^~~~~~~~~~~~~~~~
/usr/include/spa-0.2/spa/utils/hook.h:207:1: warning: ISO C++ forbids braced-groups within expressions [-Wpedantic]
  207 | ({                                                                              \
      | ^
/usr/include/spa-0.2/spa/utils/hook.h:251:9: note: in expansion of macro 'spa_callbacks_call_res'
  251 |         spa_callbacks_call_res(&(iface)->cb,method_type,res,method,vers,##__VA_ARGS__)
      |         ^~~~~~~~~~~~~~~~~~~~~~
/usr/include/spa-0.2/spa/utils/hook.h:284:9: note: in expansion of macro 'spa_interface_call_res'
  284 |         spa_interface_call_res(_i, struct type ##_methods,              \
      |         ^~~~~~~~~~~~~~~~~~~~~~
/usr/include/spa-0.2/spa/support/loop.h:381:16: note: in expansion of macro 'spa_api_method_r'
  381 |         return spa_api_method_r(int, -ENOTSUP,
      |                ^~~~~~~~~~~~~~~~
/usr/include/spa-0.2/spa/support/loop.h: In function 'void spa_loop_control_add_hook(spa_loop_control*, spa_hook*, const spa_loop_control_hooks*, void*)':
/usr/include/spa-0.2/spa/utils/hook.h:275:1: warning: ISO C++ forbids braced-groups within expressions [-Wpedantic]
  275 | ({                                                                      \
      | ^
/usr/include/spa-0.2/spa/support/loop.h:388:9: note: in expansion of macro 'spa_api_method_v'
  388 |         spa_api_method_v(spa_loop_control, &object->iface, add_hook, 0,
      |         ^~~~~~~~~~~~~~~~
/usr/include/spa-0.2/spa/utils/hook.h:165:1: warning: ISO C++ forbids braced-groups within expressions [-Wpedantic]
  165 | ({                                                                              \
      | ^
/usr/include/spa-0.2/spa/utils/hook.h:238:9: note: in expansion of macro 'spa_callbacks_call'
  238 |         spa_callbacks_call(&(iface)->cb,method_type,method,vers,##__VA_ARGS__)
      |         ^~~~~~~~~~~~~~~~~~
/usr/include/spa-0.2/spa/utils/hook.h:277:9: note: in expansion of macro 'spa_interface_call'
  277 |         spa_interface_call(_i, struct type ##_methods,                  \
      |         ^~~~~~~~~~~~~~~~~~
/usr/include/spa-0.2/spa/support/loop.h:388:9: note: in expansion of macro 'spa_api_method_v'
  388 |         spa_api_method_v(spa_loop_control, &object->iface, add_hook, 0,
      |         ^~~~~~~~~~~~~~~~
/usr/include/spa-0.2/spa/support/loop.h: In function 'void spa_loop_control_enter(spa_loop_control*)':
/usr/include/spa-0.2/spa/utils/hook.h:275:1: warning: ISO C++ forbids braced-groups within expressions [-Wpedantic]
  275 | ({                                                                      \
      | ^
/usr/include/spa-0.2/spa/support/loop.h:393:9: note: in expansion of macro 'spa_api_method_v'
  393 |         spa_api_method_v(spa_loop_control, &object->iface, enter, 0);
      |         ^~~~~~~~~~~~~~~~
/usr/include/spa-0.2/spa/utils/hook.h:165:1: warning: ISO C++ forbids braced-groups within expressions [-Wpedantic]
  165 | ({                                                                              \
      | ^
/usr/include/spa-0.2/spa/utils/hook.h:238:9: note: in expansion of macro 'spa_callbacks_call'
  238 |         spa_callbacks_call(&(iface)->cb,method_type,method,vers,##__VA_ARGS__)
      |         ^~~~~~~~~~~~~~~~~~
/usr/include/spa-0.2/spa/utils/hook.h:277:9: note: in expansion of macro 'spa_interface_call'
  277 |         spa_interface_call(_i, struct type ##_methods,                  \
      |         ^~~~~~~~~~~~~~~~~~
/usr/include/spa-0.2/spa/support/loop.h:393:9: note: in expansion of macro 'spa_api_method_v'
  393 |         spa_api_method_v(spa_loop_control, &object->iface, enter, 0);
      |         ^~~~~~~~~~~~~~~~
/usr/include/spa-0.2/spa/support/loop.h: In function 'void spa_loop_control_leave(spa_loop_control*)':
/usr/include/spa-0.2/spa/utils/hook.h:275:1: warning: ISO C++ forbids braced-groups within expressions [-Wpedantic]
  275 | ({                                                                      \
      | ^
/usr/include/spa-0.2/spa/support/loop.h:397:9: note: in expansion of macro 'spa_api_method_v'
  397 |         spa_api_method_v(spa_loop_control, &object->iface, leave, 0);
      |         ^~~~~~~~~~~~~~~~
/usr/include/spa-0.2/spa/utils/hook.h:165:1: warning: ISO C++ forbids braced-groups within expressions [-Wpedantic]
  165 | ({                                                                              \
      | ^
/usr/include/spa-0.2/spa/utils/hook.h:238:9: note: in expansion of macro 'spa_callbacks_call'
  238 |         spa_callbacks_call(&(iface)->cb,method_type,method,vers,##__VA_ARGS__)
      |         ^~~~~~~~~~~~~~~~~~
/usr/include/spa-0.2/spa/utils/hook.h:277:9: note: in expansion of macro 'spa_interface_call'
  277 |         spa_interface_call(_i, struct type ##_methods,                  \
      |         ^~~~~~~~~~~~~~~~~~
/usr/include/spa-0.2/spa/support/loop.h:397:9: note: in expansion of macro 'spa_api_method_v'
  397 |         spa_api_method_v(spa_loop_control, &object->iface, leave, 0);
      |         ^~~~~~~~~~~~~~~~
/usr/include/spa-0.2/spa/support/loop.h: In function 'int spa_loop_control_iterate(spa_loop_control*, int)':
/usr/include/spa-0.2/spa/utils/hook.h:281:1: warning: ISO C++ forbids braced-groups within expressions [-Wpedantic]
  281 | ({                                                                      \
      | ^
/usr/include/spa-0.2/spa/support/loop.h:402:16: note: in expansion of macro 'spa_api_method_r'
  402 |         return spa_api_method_r(int, -ENOTSUP,
      |                ^~~~~~~~~~~~~~~~
/usr/include/spa-0.2/spa/utils/hook.h:207:1: warning: ISO C++ forbids braced-groups within expressions [-Wpedantic]
  207 | ({                                                                              \
      | ^
/usr/include/spa-0.2/spa/utils/hook.h:251:9: note: in expansion of macro 'spa_callbacks_call_res'
  251 |         spa_callbacks_call_res(&(iface)->cb,method_type,res,method,vers,##__VA_ARGS__)
      |         ^~~~~~~~~~~~~~~~~~~~~~
/usr/include/spa-0.2/spa/utils/hook.h:284:9: note: in expansion of macro 'spa_interface_call_res'
  284 |         spa_interface_call_res(_i, struct type ##_methods,              \
      |         ^~~~~~~~~~~~~~~~~~~~~~
/usr/include/spa-0.2/spa/support/loop.h:402:16: note: in expansion of macro 'spa_api_method_r'
  402 |         return spa_api_method_r(int, -ENOTSUP,
      |                ^~~~~~~~~~~~~~~~
/usr/include/spa-0.2/spa/support/loop.h: In function 'int spa_loop_control_iterate_fast(spa_loop_control*, int)':
/usr/include/spa-0.2/spa/utils/hook.h:315:1: warning: ISO C++ forbids braced-groups within expressions [-Wpedantic]
  315 | ({                                                                      \
      | ^
/usr/include/spa-0.2/spa/support/loop.h:408:16: note: in expansion of macro 'spa_api_method_fast_r'
  408 |         return spa_api_method_fast_r(int, -ENOTSUP,
      |                ^~~~~~~~~~~~~~~~~~~~~
/usr/include/spa-0.2/spa/utils/hook.h:214:1: warning: ISO C++ forbids braced-groups within expressions [-Wpedantic]
  214 | ({                                                                              \
      | ^
/usr/include/spa-0.2/spa/utils/hook.h:254:9: note: in expansion of macro 'spa_callbacks_call_fast_res'
  254 |         spa_callbacks_call_fast_res(&(iface)->cb,method_type,res,method,vers,##__VA_ARGS__)
      |         ^~~~~~~~~~~~~~~~~~~~~~~~~~~
/usr/include/spa-0.2/spa/utils/hook.h:318:9: note: in expansion of macro 'spa_interface_call_fast_res'
  318 |         spa_interface_call_fast_res(_i, struct type ##_methods,         \
      |         ^~~~~~~~~~~~~~~~~~~~~~~~~~~
/usr/include/spa-0.2/spa/support/loop.h:408:16: note: in expansion of macro 'spa_api_method_fast_r'
  408 |         return spa_api_method_fast_r(int, -ENOTSUP,
      |                ^~~~~~~~~~~~~~~~~~~~~
/usr/include/spa-0.2/spa/support/loop.h: In function 'int spa_loop_control_check(spa_loop_control*)':
/usr/include/spa-0.2/spa/utils/hook.h:281:1: warning: ISO C++ forbids braced-groups within expressions [-Wpedantic]
  281 | ({                                                                      \
      | ^
/usr/include/spa-0.2/spa/support/loop.h:413:16: note: in expansion of macro 'spa_api_method_r'
  413 |         return spa_api_method_r(int, -ENOTSUP,
      |                ^~~~~~~~~~~~~~~~
/usr/include/spa-0.2/spa/utils/hook.h:207:1: warning: ISO C++ forbids braced-groups within expressions [-Wpedantic]
  207 | ({                                                                              \
      | ^
/usr/include/spa-0.2/spa/utils/hook.h:251:9: note: in expansion of macro 'spa_callbacks_call_res'
  251 |         spa_callbacks_call_res(&(iface)->cb,method_type,res,method,vers,##__VA_ARGS__)
      |         ^~~~~~~~~~~~~~~~~~~~~~
/usr/include/spa-0.2/spa/utils/hook.h:284:9: note: in expansion of macro 'spa_interface_call_res'
  284 |         spa_interface_call_res(_i, struct type ##_methods,              \
      |         ^~~~~~~~~~~~~~~~~~~~~~
/usr/include/spa-0.2/spa/support/loop.h:413:16: note: in expansion of macro 'spa_api_method_r'
  413 |         return spa_api_method_r(int, -ENOTSUP,
      |                ^~~~~~~~~~~~~~~~
/usr/include/spa-0.2/spa/support/loop.h: In function 'int spa_loop_control_lock(spa_loop_control*)':
/usr/include/spa-0.2/spa/utils/hook.h:281:1: warning: ISO C++ forbids braced-groups within expressions [-Wpedantic]
  281 | ({                                                                      \
      | ^
/usr/include/spa-0.2/spa/support/loop.h:418:16: note: in expansion of macro 'spa_api_method_r'
  418 |         return spa_api_method_r(int, -ENOTSUP,
      |                ^~~~~~~~~~~~~~~~
/usr/include/spa-0.2/spa/utils/hook.h:207:1: warning: ISO C++ forbids braced-groups within expressions [-Wpedantic]
  207 | ({                                                                              \
      | ^
/usr/include/spa-0.2/spa/utils/hook.h:251:9: note: in expansion of macro 'spa_callbacks_call_res'
  251 |         spa_callbacks_call_res(&(iface)->cb,method_type,res,method,vers,##__VA_ARGS__)
      |         ^~~~~~~~~~~~~~~~~~~~~~
/usr/include/spa-0.2/spa/utils/hook.h:284:9: note: in expansion of macro 'spa_interface_call_res'
  284 |         spa_interface_call_res(_i, struct type ##_methods,              \
      |         ^~~~~~~~~~~~~~~~~~~~~~
/usr/include/spa-0.2/spa/support/loop.h:418:16: note: in expansion of macro 'spa_api_method_r'
  418 |         return spa_api_method_r(int, -ENOTSUP,
      |                ^~~~~~~~~~~~~~~~
/usr/include/spa-0.2/spa/support/loop.h: In function 'int spa_loop_control_unlock(spa_loop_control*)':
/usr/include/spa-0.2/spa/utils/hook.h:281:1: warning: ISO C++ forbids braced-groups within expressions [-Wpedantic]
  281 | ({                                                                      \
      | ^
/usr/include/spa-0.2/spa/support/loop.h:423:16: note: in expansion of macro 'spa_api_method_r'
  423 |         return spa_api_method_r(int, -ENOTSUP,
      |                ^~~~~~~~~~~~~~~~
/usr/include/spa-0.2/spa/utils/hook.h:207:1: warning: ISO C++ forbids braced-groups within expressions [-Wpedantic]
  207 | ({                                                                              \
      | ^
/usr/include/spa-0.2/spa/utils/hook.h:251:9: note: in expansion of macro 'spa_callbacks_call_res'
  251 |         spa_callbacks_call_res(&(iface)->cb,method_type,res,method,vers,##__VA_ARGS__)
      |         ^~~~~~~~~~~~~~~~~~~~~~
/usr/include/spa-0.2/spa/utils/hook.h:284:9: note: in expansion of macro 'spa_interface_call_res'
  284 |         spa_interface_call_res(_i, struct type ##_methods,              \
      |         ^~~~~~~~~~~~~~~~~~~~~~
/usr/include/spa-0.2/spa/support/loop.h:423:16: note: in expansion of macro 'spa_api_method_r'
  423 |         return spa_api_method_r(int, -ENOTSUP,
      |                ^~~~~~~~~~~~~~~~
/usr/include/spa-0.2/spa/support/loop.h: In function 'int spa_loop_control_get_time(spa_loop_control*, timespec*, int64_t)':
/usr/include/spa-0.2/spa/utils/hook.h:281:1: warning: ISO C++ forbids braced-groups within expressions [-Wpedantic]
  281 | ({                                                                      \
      | ^
/usr/include/spa-0.2/spa/support/loop.h:429:16: note: in expansion of macro 'spa_api_method_r'
  429 |         return spa_api_method_r(int, -ENOTSUP,
      |                ^~~~~~~~~~~~~~~~
/usr/include/spa-0.2/spa/utils/hook.h:207:1: warning: ISO C++ forbids braced-groups within expressions [-Wpedantic]
  207 | ({                                                                              \
      | ^
/usr/include/spa-0.2/spa/utils/hook.h:251:9: note: in expansion of macro 'spa_callbacks_call_res'
  251 |         spa_callbacks_call_res(&(iface)->cb,method_type,res,method,vers,##__VA_ARGS__)
      |         ^~~~~~~~~~~~~~~~~~~~~~
/usr/include/spa-0.2/spa/utils/hook.h:284:9: note: in expansion of macro 'spa_interface_call_res'
  284 |         spa_interface_call_res(_i, struct type ##_methods,              \
      |         ^~~~~~~~~~~~~~~~~~~~~~
/usr/include/spa-0.2/spa/support/loop.h:429:16: note: in expansion of macro 'spa_api_method_r'
  429 |         return spa_api_method_r(int, -ENOTSUP,
      |                ^~~~~~~~~~~~~~~~
/usr/include/spa-0.2/spa/support/loop.h: In function 'int spa_loop_control_wait(spa_loop_control*, const timespec*)':
/usr/include/spa-0.2/spa/utils/hook.h:281:1: warning: ISO C++ forbids braced-groups within expressions [-Wpedantic]
  281 | ({                                                                      \
      | ^
/usr/include/spa-0.2/spa/support/loop.h:435:16: note: in expansion of macro 'spa_api_method_r'
  435 |         return spa_api_method_r(int, -ENOTSUP,
      |                ^~~~~~~~~~~~~~~~
/usr/include/spa-0.2/spa/utils/hook.h:207:1: warning: ISO C++ forbids braced-groups within expressions [-Wpedantic]
  207 | ({                                                                              \
      | ^
/usr/include/spa-0.2/spa/utils/hook.h:251:9: note: in expansion of macro 'spa_callbacks_call_res'
  251 |         spa_callbacks_call_res(&(iface)->cb,method_type,res,method,vers,##__VA_ARGS__)
      |         ^~~~~~~~~~~~~~~~~~~~~~
/usr/include/spa-0.2/spa/utils/hook.h:284:9: note: in expansion of macro 'spa_interface_call_res'
  284 |         spa_interface_call_res(_i, struct type ##_methods,              \
      |         ^~~~~~~~~~~~~~~~~~~~~~
/usr/include/spa-0.2/spa/support/loop.h:435:16: note: in expansion of macro 'spa_api_method_r'
  435 |         return spa_api_method_r(int, -ENOTSUP,
      |                ^~~~~~~~~~~~~~~~
/usr/include/spa-0.2/spa/support/loop.h: In function 'int spa_loop_control_signal(spa_loop_control*, bool)':
/usr/include/spa-0.2/spa/utils/hook.h:281:1: warning: ISO C++ forbids braced-groups within expressions [-Wpedantic]
  281 | ({                                                                      \
      | ^
/usr/include/spa-0.2/spa/support/loop.h:440:16: note: in expansion of macro 'spa_api_method_r'
  440 |         return spa_api_method_r(int, -ENOTSUP,
      |                ^~~~~~~~~~~~~~~~
/usr/include/spa-0.2/spa/utils/hook.h:207:1: warning: ISO C++ forbids braced-groups within expressions [-Wpedantic]
  207 | ({                                                                              \
      | ^
/usr/include/spa-0.2/spa/utils/hook.h:251:9: note: in expansion of macro 'spa_callbacks_call_res'
  251 |         spa_callbacks_call_res(&(iface)->cb,method_type,res,method,vers,##__VA_ARGS__)
      |         ^~~~~~~~~~~~~~~~~~~~~~
/usr/include/spa-0.2/spa/utils/hook.h:284:9: note: in expansion of macro 'spa_interface_call_res'
  284 |         spa_interface_call_res(_i, struct type ##_methods,              \
      |         ^~~~~~~~~~~~~~~~~~~~~~
/usr/include/spa-0.2/spa/support/loop.h:440:16: note: in expansion of macro 'spa_api_method_r'
  440 |         return spa_api_method_r(int, -ENOTSUP,
      |                ^~~~~~~~~~~~~~~~
/usr/include/spa-0.2/spa/support/loop.h: In function 'int spa_loop_control_accept(spa_loop_control*)':
/usr/include/spa-0.2/spa/utils/hook.h:281:1: warning: ISO C++ forbids braced-groups within expressions [-Wpedantic]
  281 | ({                                                                      \
      | ^
/usr/include/spa-0.2/spa/support/loop.h:445:16: note: in expansion of macro 'spa_api_method_r'
  445 |         return spa_api_method_r(int, -ENOTSUP,
      |                ^~~~~~~~~~~~~~~~
/usr/include/spa-0.2/spa/utils/hook.h:207:1: warning: ISO C++ forbids braced-groups within expressions [-Wpedantic]
  207 | ({                                                                              \
      | ^
/usr/include/spa-0.2/spa/utils/hook.h:251:9: note: in expansion of macro 'spa_callbacks_call_res'
  251 |         spa_callbacks_call_res(&(iface)->cb,method_type,res,method,vers,##__VA_ARGS__)
      |         ^~~~~~~~~~~~~~~~~~~~~~
/usr/include/spa-0.2/spa/utils/hook.h:284:9: note: in expansion of macro 'spa_interface_call_res'
  284 |         spa_interface_call_res(_i, struct type ##_methods,              \
      |         ^~~~~~~~~~~~~~~~~~~~~~
/usr/include/spa-0.2/spa/support/loop.h:445:16: note: in expansion of macro 'spa_api_method_r'
  445 |         return spa_api_method_r(int, -ENOTSUP,
      |                ^~~~~~~~~~~~~~~~
/usr/include/spa-0.2/spa/support/loop.h: In function 'spa_source* spa_loop_utils_add_io(spa_loop_utils*, int, uint32_t, bool, spa_source_io_func_t, void*)':
/usr/include/spa-0.2/spa/utils/hook.h:281:1: warning: ISO C++ forbids braced-groups within expressions [-Wpedantic]
  281 | ({                                                                      \
      | ^
/usr/include/spa-0.2/spa/support/loop.h:502:16: note: in expansion of macro 'spa_api_method_r'
  502 |         return spa_api_method_r(struct spa_source *, NULL,
      |                ^~~~~~~~~~~~~~~~
/usr/include/spa-0.2/spa/utils/hook.h:207:1: warning: ISO C++ forbids braced-groups within expressions [-Wpedantic]
  207 | ({                                                                              \
      | ^
/usr/include/spa-0.2/spa/utils/hook.h:251:9: note: in expansion of macro 'spa_callbacks_call_res'
  251 |         spa_callbacks_call_res(&(iface)->cb,method_type,res,method,vers,##__VA_ARGS__)
      |         ^~~~~~~~~~~~~~~~~~~~~~
/usr/include/spa-0.2/spa/utils/hook.h:284:9: note: in expansion of macro 'spa_interface_call_res'
  284 |         spa_interface_call_res(_i, struct type ##_methods,              \
      |         ^~~~~~~~~~~~~~~~~~~~~~
/usr/include/spa-0.2/spa/support/loop.h:502:16: note: in expansion of macro 'spa_api_method_r'
  502 |         return spa_api_method_r(struct spa_source *, NULL,
      |                ^~~~~~~~~~~~~~~~
/usr/include/spa-0.2/spa/support/loop.h: In function 'int spa_loop_utils_update_io(spa_loop_utils*, spa_source*, uint32_t)':
/usr/include/spa-0.2/spa/utils/hook.h:281:1: warning: ISO C++ forbids braced-groups within expressions [-Wpedantic]
  281 | ({                                                                      \
      | ^
/usr/include/spa-0.2/spa/support/loop.h:508:16: note: in expansion of macro 'spa_api_method_r'
  508 |         return spa_api_method_r(int, -ENOTSUP,
      |                ^~~~~~~~~~~~~~~~
/usr/include/spa-0.2/spa/utils/hook.h:207:1: warning: ISO C++ forbids braced-groups within expressions [-Wpedantic]
  207 | ({                                                                              \
      | ^
/usr/include/spa-0.2/spa/utils/hook.h:251:9: note: in expansion of macro 'spa_callbacks_call_res'
  251 |         spa_callbacks_call_res(&(iface)->cb,method_type,res,method,vers,##__VA_ARGS__)
      |         ^~~~~~~~~~~~~~~~~~~~~~
/usr/include/spa-0.2/spa/utils/hook.h:284:9: note: in expansion of macro 'spa_interface_call_res'
  284 |         spa_interface_call_res(_i, struct type ##_methods,              \
      |         ^~~~~~~~~~~~~~~~~~~~~~
/usr/include/spa-0.2/spa/support/loop.h:508:16: note: in expansion of macro 'spa_api_method_r'
  508 |         return spa_api_method_r(int, -ENOTSUP,
      |                ^~~~~~~~~~~~~~~~
/usr/include/spa-0.2/spa/support/loop.h: In function 'spa_source* spa_loop_utils_add_idle(spa_loop_utils*, bool, spa_source_idle_func_t, void*)':
/usr/include/spa-0.2/spa/utils/hook.h:281:1: warning: ISO C++ forbids braced-groups within expressions [-Wpedantic]
  281 | ({                                                                      \
      | ^
/usr/include/spa-0.2/spa/support/loop.h:515:16: note: in expansion of macro 'spa_api_method_r'
  515 |         return spa_api_method_r(struct spa_source *, NULL,
      |                ^~~~~~~~~~~~~~~~
/usr/include/spa-0.2/spa/utils/hook.h:207:1: warning: ISO C++ forbids braced-groups within expressions [-Wpedantic]
  207 | ({                                                                              \
      | ^
/usr/include/spa-0.2/spa/utils/hook.h:251:9: note: in expansion of macro 'spa_callbacks_call_res'
  251 |         spa_callbacks_call_res(&(iface)->cb,method_type,res,method,vers,##__VA_ARGS__)
      |         ^~~~~~~~~~~~~~~~~~~~~~
/usr/include/spa-0.2/spa/utils/hook.h:284:9: note: in expansion of macro 'spa_interface_call_res'
  284 |         spa_interface_call_res(_i, struct type ##_methods,              \
      |         ^~~~~~~~~~~~~~~~~~~~~~
/usr/include/spa-0.2/spa/support/loop.h:515:16: note: in expansion of macro 'spa_api_method_r'
  515 |         return spa_api_method_r(struct spa_source *, NULL,
      |                ^~~~~~~~~~~~~~~~
/usr/include/spa-0.2/spa/support/loop.h: In function 'int spa_loop_utils_enable_idle(spa_loop_utils*, spa_source*, bool)':
/usr/include/spa-0.2/spa/utils/hook.h:281:1: warning: ISO C++ forbids braced-groups within expressions [-Wpedantic]
  281 | ({                                                                      \
      | ^
/usr/include/spa-0.2/spa/support/loop.h:521:16: note: in expansion of macro 'spa_api_method_r'
  521 |         return spa_api_method_r(int, -ENOTSUP,
      |                ^~~~~~~~~~~~~~~~
/usr/include/spa-0.2/spa/utils/hook.h:207:1: warning: ISO C++ forbids braced-groups within expressions [-Wpedantic]
  207 | ({                                                                              \
      | ^
/usr/include/spa-0.2/spa/utils/hook.h:251:9: note: in expansion of macro 'spa_callbacks_call_res'
  251 |         spa_callbacks_call_res(&(iface)->cb,method_type,res,method,vers,##__VA_ARGS__)
      |         ^~~~~~~~~~~~~~~~~~~~~~
/usr/include/spa-0.2/spa/utils/hook.h:284:9: note: in expansion of macro 'spa_interface_call_res'
  284 |         spa_interface_call_res(_i, struct type ##_methods,              \
      |         ^~~~~~~~~~~~~~~~~~~~~~
/usr/include/spa-0.2/spa/support/loop.h:521:16: note: in expansion of macro 'spa_api_method_r'
  521 |         return spa_api_method_r(int, -ENOTSUP,
      |                ^~~~~~~~~~~~~~~~
/usr/include/spa-0.2/spa/support/loop.h: In function 'spa_source* spa_loop_utils_add_event(spa_loop_utils*, spa_source_event_func_t, void*)':
/usr/include/spa-0.2/spa/utils/hook.h:281:1: warning: ISO C++ forbids braced-groups within expressions [-Wpedantic]
  281 | ({                                                                      \
      | ^
/usr/include/spa-0.2/spa/support/loop.h:527:16: note: in expansion of macro 'spa_api_method_r'
  527 |         return spa_api_method_r(struct spa_source *, NULL,
      |                ^~~~~~~~~~~~~~~~
/usr/include/spa-0.2/spa/utils/hook.h:207:1: warning: ISO C++ forbids braced-groups within expressions [-Wpedantic]
  207 | ({                                                                              \
      | ^
/usr/include/spa-0.2/spa/utils/hook.h:251:9: note: in expansion of macro 'spa_callbacks_call_res'
  251 |         spa_callbacks_call_res(&(iface)->cb,method_type,res,method,vers,##__VA_ARGS__)
      |         ^~~~~~~~~~~~~~~~~~~~~~
/usr/include/spa-0.2/spa/utils/hook.h:284:9: note: in expansion of macro 'spa_interface_call_res'
  284 |         spa_interface_call_res(_i, struct type ##_methods,              \
      |         ^~~~~~~~~~~~~~~~~~~~~~
/usr/include/spa-0.2/spa/support/loop.h:527:16: note: in expansion of macro 'spa_api_method_r'
  527 |         return spa_api_method_r(struct spa_source *, NULL,
      |                ^~~~~~~~~~~~~~~~
/usr/include/spa-0.2/spa/support/loop.h: In function 'int spa_loop_utils_signal_event(spa_loop_utils*, spa_source*)':
/usr/include/spa-0.2/spa/utils/hook.h:281:1: warning: ISO C++ forbids braced-groups within expressions [-Wpedantic]
  281 | ({                                                                      \
      | ^
/usr/include/spa-0.2/spa/support/loop.h:533:16: note: in expansion of macro 'spa_api_method_r'
  533 |         return spa_api_method_r(int, -ENOTSUP,
      |                ^~~~~~~~~~~~~~~~
/usr/include/spa-0.2/spa/utils/hook.h:207:1: warning: ISO C++ forbids braced-groups within expressions [-Wpedantic]
  207 | ({                                                                              \
      | ^
/usr/include/spa-0.2/spa/utils/hook.h:251:9: note: in expansion of macro 'spa_callbacks_call_res'
  251 |         spa_callbacks_call_res(&(iface)->cb,method_type,res,method,vers,##__VA_ARGS__)
      |         ^~~~~~~~~~~~~~~~~~~~~~
/usr/include/spa-0.2/spa/utils/hook.h:284:9: note: in expansion of macro 'spa_interface_call_res'
  284 |         spa_interface_call_res(_i, struct type ##_methods,              \
      |         ^~~~~~~~~~~~~~~~~~~~~~
/usr/include/spa-0.2/spa/support/loop.h:533:16: note: in expansion of macro 'spa_api_method_r'
  533 |         return spa_api_method_r(int, -ENOTSUP,
      |                ^~~~~~~~~~~~~~~~
/usr/include/spa-0.2/spa/support/loop.h: In function 'spa_source* spa_loop_utils_add_timer(spa_loop_utils*, spa_source_timer_func_t, void*)':
/usr/include/spa-0.2/spa/utils/hook.h:281:1: warning: ISO C++ forbids braced-groups within expressions [-Wpedantic]
  281 | ({                                                                      \
      | ^
/usr/include/spa-0.2/spa/support/loop.h:539:16: note: in expansion of macro 'spa_api_method_r'
  539 |         return spa_api_method_r(struct spa_source *, NULL,
      |                ^~~~~~~~~~~~~~~~
/usr/include/spa-0.2/spa/utils/hook.h:207:1: warning: ISO C++ forbids braced-groups within expressions [-Wpedantic]
  207 | ({                                                                              \
      | ^
/usr/include/spa-0.2/spa/utils/hook.h:251:9: note: in expansion of macro 'spa_callbacks_call_res'
  251 |         spa_callbacks_call_res(&(iface)->cb,method_type,res,method,vers,##__VA_ARGS__)
      |         ^~~~~~~~~~~~~~~~~~~~~~
/usr/include/spa-0.2/spa/utils/hook.h:284:9: note: in expansion of macro 'spa_interface_call_res'
  284 |         spa_interface_call_res(_i, struct type ##_methods,              \
      |         ^~~~~~~~~~~~~~~~~~~~~~
/usr/include/spa-0.2/spa/support/loop.h:539:16: note: in expansion of macro 'spa_api_method_r'
  539 |         return spa_api_method_r(struct spa_source *, NULL,
      |                ^~~~~~~~~~~~~~~~
/usr/include/spa-0.2/spa/support/loop.h: In function 'int spa_loop_utils_update_timer(spa_loop_utils*, spa_source*, timespec*, timespec*, bool)':
/usr/include/spa-0.2/spa/utils/hook.h:281:1: warning: ISO C++ forbids braced-groups within expressions [-Wpedantic]
  281 | ({                                                                      \
      | ^
/usr/include/spa-0.2/spa/support/loop.h:546:16: note: in expansion of macro 'spa_api_method_r'
  546 |         return spa_api_method_r(int, -ENOTSUP,
      |                ^~~~~~~~~~~~~~~~
/usr/include/spa-0.2/spa/utils/hook.h:207:1: warning: ISO C++ forbids braced-groups within expressions [-Wpedantic]
  207 | ({                                                                              \
      | ^
/usr/include/spa-0.2/spa/utils/hook.h:251:9: note: in expansion of macro 'spa_callbacks_call_res'
  251 |         spa_callbacks_call_res(&(iface)->cb,method_type,res,method,vers,##__VA_ARGS__)
      |         ^~~~~~~~~~~~~~~~~~~~~~
/usr/include/spa-0.2/spa/utils/hook.h:284:9: note: in expansion of macro 'spa_interface_call_res'
  284 |         spa_interface_call_res(_i, struct type ##_methods,              \
      |         ^~~~~~~~~~~~~~~~~~~~~~
/usr/include/spa-0.2/spa/support/loop.h:546:16: note: in expansion of macro 'spa_api_method_r'
  546 |         return spa_api_method_r(int, -ENOTSUP,
      |                ^~~~~~~~~~~~~~~~
/usr/include/spa-0.2/spa/support/loop.h: In function 'spa_source* spa_loop_utils_add_signal(spa_loop_utils*, int, spa_source_signal_func_t, void*)':
/usr/include/spa-0.2/spa/utils/hook.h:281:1: warning: ISO C++ forbids braced-groups within expressions [-Wpedantic]
  281 | ({                                                                      \
      | ^
/usr/include/spa-0.2/spa/support/loop.h:554:16: note: in expansion of macro 'spa_api_method_r'
  554 |         return spa_api_method_r(struct spa_source *, NULL,
      |                ^~~~~~~~~~~~~~~~
/usr/include/spa-0.2/spa/utils/hook.h:207:1: warning: ISO C++ forbids braced-groups within expressions [-Wpedantic]
  207 | ({                                                                              \
      | ^
/usr/include/spa-0.2/spa/utils/hook.h:251:9: note: in expansion of macro 'spa_callbacks_call_res'
  251 |         spa_callbacks_call_res(&(iface)->cb,method_type,res,method,vers,##__VA_ARGS__)
      |         ^~~~~~~~~~~~~~~~~~~~~~
/usr/include/spa-0.2/spa/utils/hook.h:284:9: note: in expansion of macro 'spa_interface_call_res'
  284 |         spa_interface_call_res(_i, struct type ##_methods,              \
      |         ^~~~~~~~~~~~~~~~~~~~~~
/usr/include/spa-0.2/spa/support/loop.h:554:16: note: in expansion of macro 'spa_api_method_r'
  554 |         return spa_api_method_r(struct spa_source *, NULL,
      |                ^~~~~~~~~~~~~~~~
/usr/include/spa-0.2/spa/support/loop.h: In function 'void spa_loop_utils_destroy_source(spa_loop_utils*, spa_source*)':
/usr/include/spa-0.2/spa/utils/hook.h:275:1: warning: ISO C++ forbids braced-groups within expressions [-Wpedantic]
  275 | ({                                                                      \
      | ^
/usr/include/spa-0.2/spa/support/loop.h:561:9: note: in expansion of macro 'spa_api_method_v'
  561 |         spa_api_method_v(spa_loop_utils, &object->iface, destroy_source, 0, source);
      |         ^~~~~~~~~~~~~~~~
/usr/include/spa-0.2/spa/utils/hook.h:165:1: warning: ISO C++ forbids braced-groups within expressions [-Wpedantic]
  165 | ({                                                                              \
      | ^
/usr/include/spa-0.2/spa/utils/hook.h:238:9: note: in expansion of macro 'spa_callbacks_call'
  238 |         spa_callbacks_call(&(iface)->cb,method_type,method,vers,##__VA_ARGS__)
      |         ^~~~~~~~~~~~~~~~~~
/usr/include/spa-0.2/spa/utils/hook.h:277:9: note: in expansion of macro 'spa_interface_call'
  277 |         spa_interface_call(_i, struct type ##_methods,                  \
      |         ^~~~~~~~~~~~~~~~~~
/usr/include/spa-0.2/spa/support/loop.h:561:9: note: in expansion of macro 'spa_api_method_v'
  561 |         spa_api_method_v(spa_loop_utils, &object->iface, destroy_source, 0, source);
      |         ^~~~~~~~~~~~~~~~
/usr/include/pipewire-0.3/pipewire/client.h: In function 'int pw_client_add_listener(pw_client*, spa_hook*, const pw_client_events*, void*)':
/usr/include/spa-0.2/spa/utils/hook.h:281:1: warning: ISO C++ forbids braced-groups within expressions [-Wpedantic]
  281 | ({                                                                      \
      | ^
/usr/include/pipewire-0.3/pipewire/client.h:165:16: note: in expansion of macro 'spa_api_method_r'
  165 |         return spa_api_method_r(int, -ENOTSUP, pw_client, (struct spa_interface*)object, add_listener, 0,
      |                ^~~~~~~~~~~~~~~~
/usr/include/spa-0.2/spa/utils/hook.h:207:1: warning: ISO C++ forbids braced-groups within expressions [-Wpedantic]
  207 | ({                                                                              \
      | ^
/usr/include/spa-0.2/spa/utils/hook.h:251:9: note: in expansion of macro 'spa_callbacks_call_res'
  251 |         spa_callbacks_call_res(&(iface)->cb,method_type,res,method,vers,##__VA_ARGS__)
      |         ^~~~~~~~~~~~~~~~~~~~~~
/usr/include/spa-0.2/spa/utils/hook.h:284:9: note: in expansion of macro 'spa_interface_call_res'
  284 |         spa_interface_call_res(_i, struct type ##_methods,              \
      |         ^~~~~~~~~~~~~~~~~~~~~~
/usr/include/pipewire-0.3/pipewire/client.h:165:16: note: in expansion of macro 'spa_api_method_r'
  165 |         return spa_api_method_r(int, -ENOTSUP, pw_client, (struct spa_interface*)object, add_listener, 0,
      |                ^~~~~~~~~~~~~~~~
/usr/include/pipewire-0.3/pipewire/client.h: In function 'int pw_client_error(pw_client*, uint32_t, int, const char*)':
/usr/include/spa-0.2/spa/utils/hook.h:281:1: warning: ISO C++ forbids braced-groups within expressions [-Wpedantic]
  281 | ({                                                                      \
      | ^
/usr/include/pipewire-0.3/pipewire/client.h:172:16: note: in expansion of macro 'spa_api_method_r'
  172 |         return spa_api_method_r(int, -ENOTSUP, pw_client, (struct spa_interface*)object, error, 0,
      |                ^~~~~~~~~~~~~~~~
/usr/include/spa-0.2/spa/utils/hook.h:207:1: warning: ISO C++ forbids braced-groups within expressions [-Wpedantic]
  207 | ({                                                                              \
      | ^
/usr/include/spa-0.2/spa/utils/hook.h:251:9: note: in expansion of macro 'spa_callbacks_call_res'
  251 |         spa_callbacks_call_res(&(iface)->cb,method_type,res,method,vers,##__VA_ARGS__)
      |         ^~~~~~~~~~~~~~~~~~~~~~
/usr/include/spa-0.2/spa/utils/hook.h:284:9: note: in expansion of macro 'spa_interface_call_res'
  284 |         spa_interface_call_res(_i, struct type ##_methods,              \
      |         ^~~~~~~~~~~~~~~~~~~~~~
/usr/include/pipewire-0.3/pipewire/client.h:172:16: note: in expansion of macro 'spa_api_method_r'
  172 |         return spa_api_method_r(int, -ENOTSUP, pw_client, (struct spa_interface*)object, error, 0,
      |                ^~~~~~~~~~~~~~~~
/usr/include/pipewire-0.3/pipewire/client.h: In function 'int pw_client_update_properties(pw_client*, const spa_dict*)':
/usr/include/spa-0.2/spa/utils/hook.h:281:1: warning: ISO C++ forbids braced-groups within expressions [-Wpedantic]
  281 | ({                                                                      \
      | ^
/usr/include/pipewire-0.3/pipewire/client.h:179:16: note: in expansion of macro 'spa_api_method_r'
  179 |         return spa_api_method_r(int, -ENOTSUP, pw_client, (struct spa_interface*)object, update_properties, 0,
      |                ^~~~~~~~~~~~~~~~
/usr/include/spa-0.2/spa/utils/hook.h:207:1: warning: ISO C++ forbids braced-groups within expressions [-Wpedantic]
  207 | ({                                                                              \
      | ^
/usr/include/spa-0.2/spa/utils/hook.h:251:9: note: in expansion of macro 'spa_callbacks_call_res'
  251 |         spa_callbacks_call_res(&(iface)->cb,method_type,res,method,vers,##__VA_ARGS__)
      |         ^~~~~~~~~~~~~~~~~~~~~~
/usr/include/spa-0.2/spa/utils/hook.h:284:9: note: in expansion of macro 'spa_interface_call_res'
  284 |         spa_interface_call_res(_i, struct type ##_methods,              \
      |         ^~~~~~~~~~~~~~~~~~~~~~
/usr/include/pipewire-0.3/pipewire/client.h:179:16: note: in expansion of macro 'spa_api_method_r'
  179 |         return spa_api_method_r(int, -ENOTSUP, pw_client, (struct spa_interface*)object, update_properties, 0,
      |                ^~~~~~~~~~~~~~~~
/usr/include/pipewire-0.3/pipewire/client.h: In function 'int pw_client_get_permissions(pw_client*, uint32_t, uint32_t)':
/usr/include/spa-0.2/spa/utils/hook.h:281:1: warning: ISO C++ forbids braced-groups within expressions [-Wpedantic]
  281 | ({                                                                      \
      | ^
/usr/include/pipewire-0.3/pipewire/client.h:186:16: note: in expansion of macro 'spa_api_method_r'
  186 |         return spa_api_method_r(int, -ENOTSUP, pw_client, (struct spa_interface*)object, get_permissions, 0,
      |                ^~~~~~~~~~~~~~~~
/usr/include/spa-0.2/spa/utils/hook.h:207:1: warning: ISO C++ forbids braced-groups within expressions [-Wpedantic]
  207 | ({                                                                              \
      | ^
/usr/include/spa-0.2/spa/utils/hook.h:251:9: note: in expansion of macro 'spa_callbacks_call_res'
  251 |         spa_callbacks_call_res(&(iface)->cb,method_type,res,method,vers,##__VA_ARGS__)
      |         ^~~~~~~~~~~~~~~~~~~~~~
/usr/include/spa-0.2/spa/utils/hook.h:284:9: note: in expansion of macro 'spa_interface_call_res'
  284 |         spa_interface_call_res(_i, struct type ##_methods,              \
      |         ^~~~~~~~~~~~~~~~~~~~~~
/usr/include/pipewire-0.3/pipewire/client.h:186:16: note: in expansion of macro 'spa_api_method_r'
  186 |         return spa_api_method_r(int, -ENOTSUP, pw_client, (struct spa_interface*)object, get_permissions, 0,
      |                ^~~~~~~~~~~~~~~~
/usr/include/pipewire-0.3/pipewire/client.h: In function 'int pw_client_update_permissions(pw_client*, uint32_t, const pw_permission*)':
/usr/include/spa-0.2/spa/utils/hook.h:281:1: warning: ISO C++ forbids braced-groups within expressions [-Wpedantic]
  281 | ({                                                                      \
      | ^
/usr/include/pipewire-0.3/pipewire/client.h:194:16: note: in expansion of macro 'spa_api_method_r'
  194 |         return spa_api_method_r(int, -ENOTSUP, pw_client, (struct spa_interface*)object, update_permissions, 0,
      |                ^~~~~~~~~~~~~~~~
/usr/include/spa-0.2/spa/utils/hook.h:207:1: warning: ISO C++ forbids braced-groups within expressions [-Wpedantic]
  207 | ({                                                                              \
      | ^
/usr/include/spa-0.2/spa/utils/hook.h:251:9: note: in expansion of macro 'spa_callbacks_call_res'
  251 |         spa_callbacks_call_res(&(iface)->cb,method_type,res,method,vers,##__VA_ARGS__)
      |         ^~~~~~~~~~~~~~~~~~~~~~
/usr/include/spa-0.2/spa/utils/hook.h:284:9: note: in expansion of macro 'spa_interface_call_res'
  284 |         spa_interface_call_res(_i, struct type ##_methods,              \
      |         ^~~~~~~~~~~~~~~~~~~~~~
/usr/include/pipewire-0.3/pipewire/client.h:194:16: note: in expansion of macro 'spa_api_method_r'
  194 |         return spa_api_method_r(int, -ENOTSUP, pw_client, (struct spa_interface*)object, update_permissions, 0,
      |                ^~~~~~~~~~~~~~~~
In file included from /usr/include/pipewire-0.3/pipewire/conf.h:8,
                 from /usr/include/pipewire-0.3/pipewire/pipewire.h:13:
/usr/include/spa-0.2/spa/utils/json-core.h: In function 'void spa_json_init(spa_json*, const char*, size_t)':
/usr/include/spa-0.2/spa/utils/json-core.h:51:89: warning: ISO C++ forbids compound-literals [-Wpedantic]
   51 | #define SPA_JSON_INIT(data,size) ((struct spa_json) { (data), (data)+(size), NULL, 0, 0 })
      |                                                                                         ^
/usr/include/spa-0.2/spa/utils/json-core.h:55:18: note: in expansion of macro 'SPA_JSON_INIT'
   55 |         *iter =  SPA_JSON_INIT(data, size);
      |                  ^~~~~~~~~~~~~
/usr/include/spa-0.2/spa/utils/json-core.h: In function 'void spa_json_init_relax(spa_json*, char, const char*, size_t)':
/usr/include/spa-0.2/spa/utils/json-core.h:59:101: warning: ISO C++ forbids compound-literals [-Wpedantic]
   59 |         ((struct spa_json) { (data), (data)+(size), NULL, (uint32_t)((type) == '[' ? 0x10 : 0x0), 0 })
      |                                                                                                     ^
/usr/include/spa-0.2/spa/utils/json-core.h:63:18: note: in expansion of macro 'SPA_JSON_INIT_RELAX'
   63 |         *iter =  SPA_JSON_INIT_RELAX(type, data, size);
      |                  ^~~~~~~~~~~~~~~~~~~
/usr/include/spa-0.2/spa/utils/json-core.h: In function 'void spa_json_enter(spa_json*, spa_json*)':
/usr/include/spa-0.2/spa/utils/json-core.h:66:110: warning: ISO C++ forbids compound-literals [-Wpedantic]
   66 | #define SPA_JSON_ENTER(iter) ((struct spa_json) { (iter)->cur, (iter)->end, (iter), (iter)->state & 0xff0, 0 })
      |                                                                                                              ^
/usr/include/spa-0.2/spa/utils/json-core.h:70:16: note: in expansion of macro 'SPA_JSON_ENTER'
   70 |         *sub = SPA_JSON_ENTER(iter);
      |                ^~~~~~~~~~~~~~
/usr/include/spa-0.2/spa/utils/json-core.h: In function 'void spa_json_save(spa_json*, spa_json*)':
/usr/include/spa-0.2/spa/utils/json-core.h:73:99: warning: ISO C++ forbids compound-literals [-Wpedantic]
   73 | #define SPA_JSON_SAVE(iter) ((struct spa_json) { (iter)->cur, (iter)->end, NULL, (iter)->state, 0 })
      |                                                                                                   ^
/usr/include/spa-0.2/spa/utils/json-core.h:77:17: note: in expansion of macro 'SPA_JSON_SAVE'
   77 |         *save = SPA_JSON_SAVE(iter);
      |                 ^~~~~~~~~~~~~
/usr/include/spa-0.2/spa/utils/json-core.h: In function 'void spa_json_start(spa_json*, spa_json*, const char*)':
/usr/include/spa-0.2/spa/utils/json-core.h:80:82: warning: ISO C++ forbids compound-literals [-Wpedantic]
   80 | #define SPA_JSON_START(iter,p) ((struct spa_json) { (p), (iter)->end, NULL, 0, 0 })
      |                                                                                  ^
/usr/include/spa-0.2/spa/utils/json-core.h:84:16: note: in expansion of macro 'SPA_JSON_START'
   84 |         *sub = SPA_JSON_START(iter,pos);
      |                ^~~~~~~~~~~~~~
/usr/include/spa-0.2/spa/utils/json-core.h: In function 'int spa_json_next(spa_json*, const char**)':
/usr/include/spa-0.2/spa/utils/defs.h:83:1: warning: ISO C++ forbids braced-groups within expressions [-Wpedantic]
   83 | ({                                                                      \
      | ^
/usr/include/spa-0.2/spa/utils/defs.h:91:81: note: in expansion of macro 'SPA_FLAG_CLEAR'
   91 | #define SPA_FLAG_UPDATE(field,flag,val) ((val) ? SPA_FLAG_SET((field),(flag)) : SPA_FLAG_CLEAR((field),(flag)))
      |                                                                                 ^~~~~~~~~~~~~~
/usr/include/spa-0.2/spa/utils/json-core.h:151:41: note: in expansion of macro 'SPA_FLAG_UPDATE'
  151 |                                         SPA_FLAG_UPDATE(flag, __KEY_FLAG, !(flag & __KEY_FLAG));
      |                                         ^~~~~~~~~~~~~~~
/usr/include/spa-0.2/spa/utils/defs.h:83:1: warning: ISO C++ forbids braced-groups within expressions [-Wpedantic]
   83 | ({                                                                      \
      | ^
/usr/include/spa-0.2/spa/utils/json-core.h:163:41: note: in expansion of macro 'SPA_FLAG_CLEAR'
  163 |                                         SPA_FLAG_CLEAR(flag, __KEY_FLAG);
      |                                         ^~~~~~~~~~~~~~
/usr/include/spa-0.2/spa/utils/defs.h:83:1: warning: ISO C++ forbids braced-groups within expressions [-Wpedantic]
   83 | ({                                                                      \
      | ^
/usr/include/spa-0.2/spa/utils/defs.h:91:81: note: in expansion of macro 'SPA_FLAG_CLEAR'
   91 | #define SPA_FLAG_UPDATE(field,flag,val) ((val) ? SPA_FLAG_SET((field),(flag)) : SPA_FLAG_CLEAR((field),(flag)))
      |                                                                                 ^~~~~~~~~~~~~~
/usr/include/spa-0.2/spa/utils/json-core.h:166:33: note: in expansion of macro 'SPA_FLAG_UPDATE'
  166 |                                 SPA_FLAG_UPDATE(iter->state, __ARRAY_FLAG, cur == '[');
      |                                 ^~~~~~~~~~~~~~~
/usr/include/spa-0.2/spa/utils/defs.h:83:1: warning: ISO C++ forbids braced-groups within expressions [-Wpedantic]
   83 | ({                                                                      \
      | ^
/usr/include/spa-0.2/spa/utils/defs.h:91:81: note: in expansion of macro 'SPA_FLAG_CLEAR'
   91 | #define SPA_FLAG_UPDATE(field,flag,val) ((val) ? SPA_FLAG_SET((field),(flag)) : SPA_FLAG_CLEAR((field),(flag)))
      |                                                                                 ^~~~~~~~~~~~~~
/usr/include/spa-0.2/spa/utils/json-core.h:173:41: note: in expansion of macro 'SPA_FLAG_UPDATE'
  173 |                                         SPA_FLAG_UPDATE(iter->state, __PREV_ARRAY_FLAG, flag & __ARRAY_FLAG);
      |                                         ^~~~~~~~~~~~~~~
/usr/include/spa-0.2/spa/utils/defs.h:83:1: warning: ISO C++ forbids braced-groups within expressions [-Wpedantic]
   83 | ({                                                                      \
      | ^
/usr/include/spa-0.2/spa/utils/defs.h:91:81: note: in expansion of macro 'SPA_FLAG_CLEAR'
   91 | #define SPA_FLAG_UPDATE(field,flag,val) ((val) ? SPA_FLAG_SET((field),(flag)) : SPA_FLAG_CLEAR((field),(flag)))
      |                                                                                 ^~~~~~~~~~~~~~
/usr/include/spa-0.2/spa/utils/json-core.h:176:41: note: in expansion of macro 'SPA_FLAG_UPDATE'
  176 |                                         SPA_FLAG_UPDATE(array_stack[(iter->depth-1) >> 6], mask, flag & __ARRAY_FLAG);
      |                                         ^~~~~~~~~~~~~~~
/usr/include/spa-0.2/spa/utils/defs.h:83:1: warning: ISO C++ forbids braced-groups within expressions [-Wpedantic]
   83 | ({                                                                      \
      | ^
/usr/include/spa-0.2/spa/utils/defs.h:91:81: note: in expansion of macro 'SPA_FLAG_CLEAR'
   91 | #define SPA_FLAG_UPDATE(field,flag,val) ((val) ? SPA_FLAG_SET((field),(flag)) : SPA_FLAG_CLEAR((field),(flag)))
      |                                                                                 ^~~~~~~~~~~~~~
/usr/include/spa-0.2/spa/utils/json-core.h:206:41: note: in expansion of macro 'SPA_FLAG_UPDATE'
  206 |                                         SPA_FLAG_UPDATE(iter->state, __ARRAY_FLAG, flag & __PREV_ARRAY_FLAG);
      |                                         ^~~~~~~~~~~~~~~
/usr/include/spa-0.2/spa/utils/defs.h:83:1: warning: ISO C++ forbids braced-groups within expressions [-Wpedantic]
   83 | ({                                                                      \
      | ^
/usr/include/spa-0.2/spa/utils/defs.h:91:81: note: in expansion of macro 'SPA_FLAG_CLEAR'
   91 | #define SPA_FLAG_UPDATE(field,flag,val) ((val) ? SPA_FLAG_SET((field),(flag)) : SPA_FLAG_CLEAR((field),(flag)))
      |                                                                                 ^~~~~~~~~~~~~~
/usr/include/spa-0.2/spa/utils/json-core.h:209:41: note: in expansion of macro 'SPA_FLAG_UPDATE'
  209 |                                         SPA_FLAG_UPDATE(iter->state, __ARRAY_FLAG,
      |                                         ^~~~~~~~~~~~~~~
/usr/include/spa-0.2/spa/utils/defs.h:83:1: warning: ISO C++ forbids braced-groups within expressions [-Wpedantic]
   83 | ({                                                                      \
      | ^
/usr/include/spa-0.2/spa/utils/defs.h:91:81: note: in expansion of macro 'SPA_FLAG_CLEAR'
   91 | #define SPA_FLAG_UPDATE(field,flag,val) ((val) ? SPA_FLAG_SET((field),(flag)) : SPA_FLAG_CLEAR((field),(flag)))
      |                                                                                 ^~~~~~~~~~~~~~
/usr/include/spa-0.2/spa/utils/json-core.h:226:41: note: in expansion of macro 'SPA_FLAG_UPDATE'
  226 |                                         SPA_FLAG_UPDATE(flag, __KEY_FLAG, !(flag & __KEY_FLAG));
      |                                         ^~~~~~~~~~~~~~~
/usr/include/spa-0.2/spa/utils/json-core.h:260:25: warning: range expressions in switch statements are non-standard [-Wpedantic]
  260 |                         case 240 ... 247:
      |                         ^~~~
/usr/include/spa-0.2/spa/utils/json-core.h:263:25: warning: range expressions in switch statements are non-standard [-Wpedantic]
  263 |                         case 224 ... 239:
      |                         ^~~~
/usr/include/spa-0.2/spa/utils/json-core.h:266:25: warning: range expressions in switch statements are non-standard [-Wpedantic]
  266 |                         case 192 ... 223:
      |                         ^~~~
/usr/include/spa-0.2/spa/utils/json-core.h:277:25: warning: range expressions in switch statements are non-standard [-Wpedantic]
  277 |                         case 128 ... 191:
      |                         ^~~~
/usr/include/spa-0.2/spa/utils/json-core.h: In function 'bool spa_json_get_error(spa_json*, const char*, spa_error_location*)':
/usr/include/spa-0.2/spa/utils/defs.h:159:1: warning: ISO C++ forbids braced-groups within expressions [-Wpedantic]
  159 | ({                                                      \
      | ^
/usr/include/spa-0.2/spa/utils/json-core.h:388:24: note: in expansion of macro 'SPA_CLAMP'
  388 |                 code = SPA_CLAMP(iter->state & 0xff, 0u, SPA_N_ELEMENTS(reasons)-1);
      |                        ^~~~~~~~~
/usr/include/spa-0.2/spa/utils/defs.h:147:1: warning: ISO C++ forbids braced-groups within expressions [-Wpedantic]
  147 | ({                                                      \
      | ^
/usr/include/spa-0.2/spa/utils/defs.h:163:9: note: in expansion of macro 'SPA_MIN'
  163 |         SPA_MIN(SPA_MAX(_v, _low), _high);              \
      |         ^~~~~~~
/usr/include/spa-0.2/spa/utils/json-core.h:388:24: note: in expansion of macro 'SPA_CLAMP'
  388 |                 code = SPA_CLAMP(iter->state & 0xff, 0u, SPA_N_ELEMENTS(reasons)-1);
      |                        ^~~~~~~~~
/usr/include/spa-0.2/spa/utils/defs.h:153:1: warning: ISO C++ forbids braced-groups within expressions [-Wpedantic]
  153 | ({                                                      \
      | ^
/usr/include/spa-0.2/spa/utils/defs.h:148:20: note: in definition of macro 'SPA_MIN'
  148 |         __typeof__(a) _min_a = (a);                     \
      |                    ^
/usr/include/spa-0.2/spa/utils/defs.h:163:17: note: in expansion of macro 'SPA_MAX'
  163 |         SPA_MIN(SPA_MAX(_v, _low), _high);              \
      |                 ^~~~~~~
/usr/include/spa-0.2/spa/utils/json-core.h:388:24: note: in expansion of macro 'SPA_CLAMP'
  388 |                 code = SPA_CLAMP(iter->state & 0xff, 0u, SPA_N_ELEMENTS(reasons)-1);
      |                        ^~~~~~~~~
/usr/include/spa-0.2/spa/utils/defs.h:153:1: warning: ISO C++ forbids braced-groups within expressions [-Wpedantic]
  153 | ({                                                      \
      | ^
/usr/include/spa-0.2/spa/utils/defs.h:148:33: note: in definition of macro 'SPA_MIN'
  148 |         __typeof__(a) _min_a = (a);                     \
      |                                 ^
/usr/include/spa-0.2/spa/utils/defs.h:163:17: note: in expansion of macro 'SPA_MAX'
  163 |         SPA_MIN(SPA_MAX(_v, _low), _high);              \
      |                 ^~~~~~~
/usr/include/spa-0.2/spa/utils/json-core.h:388:24: note: in expansion of macro 'SPA_CLAMP'
  388 |                 code = SPA_CLAMP(iter->state & 0xff, 0u, SPA_N_ELEMENTS(reasons)-1);
      |                        ^~~~~~~~~
/usr/include/spa-0.2/spa/utils/json-core.h: In function 'int spa_json_parse_float(const char*, int, float*)':
/usr/include/spa-0.2/spa/utils/json-core.h:433:37: warning: range expressions in switch statements are non-standard [-Wpedantic]
  433 |                 case '+': case '-': case '0' ... '9': case '.': case 'e': case 'E': break;
      |                                     ^~~~
/usr/include/pipewire-0.3/pipewire/device.h: In function 'int pw_device_add_listener(pw_device*, spa_hook*, const pw_device_events*, void*)':
/usr/include/spa-0.2/spa/utils/hook.h:281:1: warning: ISO C++ forbids braced-groups within expressions [-Wpedantic]
  281 | ({                                                                      \
      | ^
/usr/include/pipewire-0.3/pipewire/device.h:155:16: note: in expansion of macro 'spa_api_method_r'
  155 |         return spa_api_method_r(int, -ENOTSUP,
      |                ^~~~~~~~~~~~~~~~
/usr/include/spa-0.2/spa/utils/hook.h:207:1: warning: ISO C++ forbids braced-groups within expressions [-Wpedantic]
  207 | ({                                                                              \
      | ^
/usr/include/spa-0.2/spa/utils/hook.h:251:9: note: in expansion of macro 'spa_callbacks_call_res'
  251 |         spa_callbacks_call_res(&(iface)->cb,method_type,res,method,vers,##__VA_ARGS__)
      |         ^~~~~~~~~~~~~~~~~~~~~~
/usr/include/spa-0.2/spa/utils/hook.h:284:9: note: in expansion of macro 'spa_interface_call_res'
  284 |         spa_interface_call_res(_i, struct type ##_methods,              \
      |         ^~~~~~~~~~~~~~~~~~~~~~
/usr/include/pipewire-0.3/pipewire/device.h:155:16: note: in expansion of macro 'spa_api_method_r'
  155 |         return spa_api_method_r(int, -ENOTSUP,
      |                ^~~~~~~~~~~~~~~~
/usr/include/pipewire-0.3/pipewire/device.h: In function 'int pw_device_subscribe_params(pw_device*, uint32_t*, uint32_t)':
/usr/include/spa-0.2/spa/utils/hook.h:281:1: warning: ISO C++ forbids braced-groups within expressions [-Wpedantic]
  281 | ({                                                                      \
      | ^
/usr/include/pipewire-0.3/pipewire/device.h:163:16: note: in expansion of macro 'spa_api_method_r'
  163 |         return spa_api_method_r(int, -ENOTSUP,
      |                ^~~~~~~~~~~~~~~~
/usr/include/spa-0.2/spa/utils/hook.h:207:1: warning: ISO C++ forbids braced-groups within expressions [-Wpedantic]
  207 | ({                                                                              \
      | ^
/usr/include/spa-0.2/spa/utils/hook.h:251:9: note: in expansion of macro 'spa_callbacks_call_res'
  251 |         spa_callbacks_call_res(&(iface)->cb,method_type,res,method,vers,##__VA_ARGS__)
      |         ^~~~~~~~~~~~~~~~~~~~~~
/usr/include/spa-0.2/spa/utils/hook.h:284:9: note: in expansion of macro 'spa_interface_call_res'
  284 |         spa_interface_call_res(_i, struct type ##_methods,              \
      |         ^~~~~~~~~~~~~~~~~~~~~~
/usr/include/pipewire-0.3/pipewire/device.h:163:16: note: in expansion of macro 'spa_api_method_r'
  163 |         return spa_api_method_r(int, -ENOTSUP,
      |                ^~~~~~~~~~~~~~~~
/usr/include/pipewire-0.3/pipewire/device.h: In function 'int pw_device_enum_params(pw_device*, int, uint32_t, uint32_t, uint32_t, const spa_pod*)':
/usr/include/spa-0.2/spa/utils/hook.h:281:1: warning: ISO C++ forbids braced-groups within expressions [-Wpedantic]
  281 | ({                                                                      \
      | ^
/usr/include/pipewire-0.3/pipewire/device.h:173:16: note: in expansion of macro 'spa_api_method_r'
  173 |         return spa_api_method_r(int, -ENOTSUP,
      |                ^~~~~~~~~~~~~~~~
/usr/include/spa-0.2/spa/utils/hook.h:207:1: warning: ISO C++ forbids braced-groups within expressions [-Wpedantic]
  207 | ({                                                                              \
      | ^
/usr/include/spa-0.2/spa/utils/hook.h:251:9: note: in expansion of macro 'spa_callbacks_call_res'
  251 |         spa_callbacks_call_res(&(iface)->cb,method_type,res,method,vers,##__VA_ARGS__)
      |         ^~~~~~~~~~~~~~~~~~~~~~
/usr/include/spa-0.2/spa/utils/hook.h:284:9: note: in expansion of macro 'spa_interface_call_res'
  284 |         spa_interface_call_res(_i, struct type ##_methods,              \
      |         ^~~~~~~~~~~~~~~~~~~~~~
/usr/include/pipewire-0.3/pipewire/device.h:173:16: note: in expansion of macro 'spa_api_method_r'
  173 |         return spa_api_method_r(int, -ENOTSUP,
      |                ^~~~~~~~~~~~~~~~
/usr/include/pipewire-0.3/pipewire/device.h: In function 'int pw_device_set_param(pw_device*, uint32_t, uint32_t, const spa_pod*)':
/usr/include/spa-0.2/spa/utils/hook.h:281:1: warning: ISO C++ forbids braced-groups within expressions [-Wpedantic]
  281 | ({                                                                      \
      | ^
/usr/include/pipewire-0.3/pipewire/device.h:182:16: note: in expansion of macro 'spa_api_method_r'
  182 |         return spa_api_method_r(int, -ENOTSUP,
      |                ^~~~~~~~~~~~~~~~
/usr/include/spa-0.2/spa/utils/hook.h:207:1: warning: ISO C++ forbids braced-groups within expressions [-Wpedantic]
  207 | ({                                                                              \
      | ^
/usr/include/spa-0.2/spa/utils/hook.h:251:9: note: in expansion of macro 'spa_callbacks_call_res'
  251 |         spa_callbacks_call_res(&(iface)->cb,method_type,res,method,vers,##__VA_ARGS__)
      |         ^~~~~~~~~~~~~~~~~~~~~~
/usr/include/spa-0.2/spa/utils/hook.h:284:9: note: in expansion of macro 'spa_interface_call_res'
  284 |         spa_interface_call_res(_i, struct type ##_methods,              \
      |         ^~~~~~~~~~~~~~~~~~~~~~
/usr/include/pipewire-0.3/pipewire/device.h:182:16: note: in expansion of macro 'spa_api_method_r'
  182 |         return spa_api_method_r(int, -ENOTSUP,
      |                ^~~~~~~~~~~~~~~~
/usr/include/spa-0.2/spa/node/node.h: In function 'int spa_node_add_listener(spa_node*, spa_hook*, const spa_node_events*, void*)':
/usr/include/spa-0.2/spa/utils/hook.h:281:1: warning: ISO C++ forbids braced-groups within expressions [-Wpedantic]
  281 | ({                                                                      \
      | ^
/usr/include/spa-0.2/spa/node/node.h:650:16: note: in expansion of macro 'spa_api_method_r'
  650 |         return spa_api_method_r(int, -ENOTSUP, spa_node, &object->iface, add_listener, 0,
      |                ^~~~~~~~~~~~~~~~
/usr/include/spa-0.2/spa/utils/hook.h:207:1: warning: ISO C++ forbids braced-groups within expressions [-Wpedantic]
  207 | ({                                                                              \
      | ^
/usr/include/spa-0.2/spa/utils/hook.h:251:9: note: in expansion of macro 'spa_callbacks_call_res'
  251 |         spa_callbacks_call_res(&(iface)->cb,method_type,res,method,vers,##__VA_ARGS__)
      |         ^~~~~~~~~~~~~~~~~~~~~~
/usr/include/spa-0.2/spa/utils/hook.h:284:9: note: in expansion of macro 'spa_interface_call_res'
  284 |         spa_interface_call_res(_i, struct type ##_methods,              \
      |         ^~~~~~~~~~~~~~~~~~~~~~
/usr/include/spa-0.2/spa/node/node.h:650:16: note: in expansion of macro 'spa_api_method_r'
  650 |         return spa_api_method_r(int, -ENOTSUP, spa_node, &object->iface, add_listener, 0,
      |                ^~~~~~~~~~~~~~~~
/usr/include/spa-0.2/spa/node/node.h: In function 'int spa_node_set_callbacks(spa_node*, const spa_node_callbacks*, void*)':
/usr/include/spa-0.2/spa/utils/hook.h:281:1: warning: ISO C++ forbids braced-groups within expressions [-Wpedantic]
  281 | ({                                                                      \
      | ^
/usr/include/spa-0.2/spa/node/node.h:657:16: note: in expansion of macro 'spa_api_method_r'
  657 |         return spa_api_method_r(int, -ENOTSUP, spa_node, &object->iface, set_callbacks, 0,
      |                ^~~~~~~~~~~~~~~~
/usr/include/spa-0.2/spa/utils/hook.h:207:1: warning: ISO C++ forbids braced-groups within expressions [-Wpedantic]
  207 | ({                                                                              \
      | ^
/usr/include/spa-0.2/spa/utils/hook.h:251:9: note: in expansion of macro 'spa_callbacks_call_res'
  251 |         spa_callbacks_call_res(&(iface)->cb,method_type,res,method,vers,##__VA_ARGS__)
      |         ^~~~~~~~~~~~~~~~~~~~~~
/usr/include/spa-0.2/spa/utils/hook.h:284:9: note: in expansion of macro 'spa_interface_call_res'
  284 |         spa_interface_call_res(_i, struct type ##_methods,              \
      |         ^~~~~~~~~~~~~~~~~~~~~~
/usr/include/spa-0.2/spa/node/node.h:657:16: note: in expansion of macro 'spa_api_method_r'
  657 |         return spa_api_method_r(int, -ENOTSUP, spa_node, &object->iface, set_callbacks, 0,
      |                ^~~~~~~~~~~~~~~~
/usr/include/spa-0.2/spa/node/node.h: In function 'int spa_node_sync(spa_node*, int)':
/usr/include/spa-0.2/spa/utils/hook.h:281:1: warning: ISO C++ forbids braced-groups within expressions [-Wpedantic]
  281 | ({                                                                      \
      | ^
/usr/include/spa-0.2/spa/node/node.h:662:16: note: in expansion of macro 'spa_api_method_r'
  662 |         return spa_api_method_r(int, -ENOTSUP, spa_node, &object->iface, sync, 0,
      |                ^~~~~~~~~~~~~~~~
/usr/include/spa-0.2/spa/utils/hook.h:207:1: warning: ISO C++ forbids braced-groups within expressions [-Wpedantic]
  207 | ({                                                                              \
      | ^
/usr/include/spa-0.2/spa/utils/hook.h:251:9: note: in expansion of macro 'spa_callbacks_call_res'
  251 |         spa_callbacks_call_res(&(iface)->cb,method_type,res,method,vers,##__VA_ARGS__)
      |         ^~~~~~~~~~~~~~~~~~~~~~
/usr/include/spa-0.2/spa/utils/hook.h:284:9: note: in expansion of macro 'spa_interface_call_res'
  284 |         spa_interface_call_res(_i, struct type ##_methods,              \
      |         ^~~~~~~~~~~~~~~~~~~~~~
/usr/include/spa-0.2/spa/node/node.h:662:16: note: in expansion of macro 'spa_api_method_r'
  662 |         return spa_api_method_r(int, -ENOTSUP, spa_node, &object->iface, sync, 0,
      |                ^~~~~~~~~~~~~~~~
/usr/include/spa-0.2/spa/node/node.h: In function 'int spa_node_enum_params(spa_node*, int, uint32_t, uint32_t, uint32_t, const spa_pod*)':
/usr/include/spa-0.2/spa/utils/hook.h:281:1: warning: ISO C++ forbids braced-groups within expressions [-Wpedantic]
  281 | ({                                                                      \
      | ^
/usr/include/spa-0.2/spa/node/node.h:669:16: note: in expansion of macro 'spa_api_method_r'
  669 |         return spa_api_method_r(int, -ENOTSUP, spa_node, &object->iface, enum_params, 0,
      |                ^~~~~~~~~~~~~~~~
/usr/include/spa-0.2/spa/utils/hook.h:207:1: warning: ISO C++ forbids braced-groups within expressions [-Wpedantic]
  207 | ({                                                                              \
      | ^
/usr/include/spa-0.2/spa/utils/hook.h:251:9: note: in expansion of macro 'spa_callbacks_call_res'
  251 |         spa_callbacks_call_res(&(iface)->cb,method_type,res,method,vers,##__VA_ARGS__)
      |         ^~~~~~~~~~~~~~~~~~~~~~
/usr/include/spa-0.2/spa/utils/hook.h:284:9: note: in expansion of macro 'spa_interface_call_res'
  284 |         spa_interface_call_res(_i, struct type ##_methods,              \
      |         ^~~~~~~~~~~~~~~~~~~~~~
/usr/include/spa-0.2/spa/node/node.h:669:16: note: in expansion of macro 'spa_api_method_r'
  669 |         return spa_api_method_r(int, -ENOTSUP, spa_node, &object->iface, enum_params, 0,
      |                ^~~~~~~~~~~~~~~~
/usr/include/spa-0.2/spa/node/node.h: In function 'int spa_node_set_param(spa_node*, uint32_t, uint32_t, const spa_pod*)':
/usr/include/spa-0.2/spa/utils/hook.h:281:1: warning: ISO C++ forbids braced-groups within expressions [-Wpedantic]
  281 | ({                                                                      \
      | ^
/usr/include/spa-0.2/spa/node/node.h:676:16: note: in expansion of macro 'spa_api_method_r'
  676 |         return spa_api_method_r(int, -ENOTSUP, spa_node, &object->iface, set_param, 0,
      |                ^~~~~~~~~~~~~~~~
/usr/include/spa-0.2/spa/utils/hook.h:207:1: warning: ISO C++ forbids braced-groups within expressions [-Wpedantic]
  207 | ({                                                                              \
      | ^
/usr/include/spa-0.2/spa/utils/hook.h:251:9: note: in expansion of macro 'spa_callbacks_call_res'
  251 |         spa_callbacks_call_res(&(iface)->cb,method_type,res,method,vers,##__VA_ARGS__)
      |         ^~~~~~~~~~~~~~~~~~~~~~
/usr/include/spa-0.2/spa/utils/hook.h:284:9: note: in expansion of macro 'spa_interface_call_res'
  284 |         spa_interface_call_res(_i, struct type ##_methods,              \
      |         ^~~~~~~~~~~~~~~~~~~~~~
/usr/include/spa-0.2/spa/node/node.h:676:16: note: in expansion of macro 'spa_api_method_r'
  676 |         return spa_api_method_r(int, -ENOTSUP, spa_node, &object->iface, set_param, 0,
      |                ^~~~~~~~~~~~~~~~
/usr/include/spa-0.2/spa/node/node.h: In function 'int spa_node_set_io(spa_node*, uint32_t, void*, size_t)':
/usr/include/spa-0.2/spa/utils/hook.h:281:1: warning: ISO C++ forbids braced-groups within expressions [-Wpedantic]
  281 | ({                                                                      \
      | ^
/usr/include/spa-0.2/spa/node/node.h:682:16: note: in expansion of macro 'spa_api_method_r'
  682 |         return spa_api_method_r(int, -ENOTSUP, spa_node, &object->iface, set_io, 0,
      |                ^~~~~~~~~~~~~~~~
/usr/include/spa-0.2/spa/utils/hook.h:207:1: warning: ISO C++ forbids braced-groups within expressions [-Wpedantic]
  207 | ({                                                                              \
      | ^
/usr/include/spa-0.2/spa/utils/hook.h:251:9: note: in expansion of macro 'spa_callbacks_call_res'
  251 |         spa_callbacks_call_res(&(iface)->cb,method_type,res,method,vers,##__VA_ARGS__)
      |         ^~~~~~~~~~~~~~~~~~~~~~
/usr/include/spa-0.2/spa/utils/hook.h:284:9: note: in expansion of macro 'spa_interface_call_res'
  284 |         spa_interface_call_res(_i, struct type ##_methods,              \
      |         ^~~~~~~~~~~~~~~~~~~~~~
/usr/include/spa-0.2/spa/node/node.h:682:16: note: in expansion of macro 'spa_api_method_r'
  682 |         return spa_api_method_r(int, -ENOTSUP, spa_node, &object->iface, set_io, 0,
      |                ^~~~~~~~~~~~~~~~
/usr/include/spa-0.2/spa/node/node.h: In function 'int spa_node_send_command(spa_node*, const spa_command*)':
/usr/include/spa-0.2/spa/utils/hook.h:281:1: warning: ISO C++ forbids braced-groups within expressions [-Wpedantic]
  281 | ({                                                                      \
      | ^
/usr/include/spa-0.2/spa/node/node.h:688:16: note: in expansion of macro 'spa_api_method_r'
  688 |         return spa_api_method_r(int, -ENOTSUP, spa_node, &object->iface, send_command, 0,
      |                ^~~~~~~~~~~~~~~~
/usr/include/spa-0.2/spa/utils/hook.h:207:1: warning: ISO C++ forbids braced-groups within expressions [-Wpedantic]
  207 | ({                                                                              \
      | ^
/usr/include/spa-0.2/spa/utils/hook.h:251:9: note: in expansion of macro 'spa_callbacks_call_res'
  251 |         spa_callbacks_call_res(&(iface)->cb,method_type,res,method,vers,##__VA_ARGS__)
      |         ^~~~~~~~~~~~~~~~~~~~~~
/usr/include/spa-0.2/spa/utils/hook.h:284:9: note: in expansion of macro 'spa_interface_call_res'
  284 |         spa_interface_call_res(_i, struct type ##_methods,              \
      |         ^~~~~~~~~~~~~~~~~~~~~~
/usr/include/spa-0.2/spa/node/node.h:688:16: note: in expansion of macro 'spa_api_method_r'
  688 |         return spa_api_method_r(int, -ENOTSUP, spa_node, &object->iface, send_command, 0,
      |                ^~~~~~~~~~~~~~~~
/usr/include/spa-0.2/spa/node/node.h: In function 'int spa_node_add_port(spa_node*, spa_direction, uint32_t, const spa_dict*)':
/usr/include/spa-0.2/spa/utils/hook.h:281:1: warning: ISO C++ forbids braced-groups within expressions [-Wpedantic]
  281 | ({                                                                      \
      | ^
/usr/include/spa-0.2/spa/node/node.h:695:16: note: in expansion of macro 'spa_api_method_r'
  695 |         return spa_api_method_r(int, -ENOTSUP, spa_node, &object->iface, add_port, 0,
      |                ^~~~~~~~~~~~~~~~
/usr/include/spa-0.2/spa/utils/hook.h:207:1: warning: ISO C++ forbids braced-groups within expressions [-Wpedantic]
  207 | ({                                                                              \
      | ^
/usr/include/spa-0.2/spa/utils/hook.h:251:9: note: in expansion of macro 'spa_callbacks_call_res'
  251 |         spa_callbacks_call_res(&(iface)->cb,method_type,res,method,vers,##__VA_ARGS__)
      |         ^~~~~~~~~~~~~~~~~~~~~~
/usr/include/spa-0.2/spa/utils/hook.h:284:9: note: in expansion of macro 'spa_interface_call_res'
  284 |         spa_interface_call_res(_i, struct type ##_methods,              \
      |         ^~~~~~~~~~~~~~~~~~~~~~
/usr/include/spa-0.2/spa/node/node.h:695:16: note: in expansion of macro 'spa_api_method_r'
  695 |         return spa_api_method_r(int, -ENOTSUP, spa_node, &object->iface, add_port, 0,
      |                ^~~~~~~~~~~~~~~~
/usr/include/spa-0.2/spa/node/node.h: In function 'int spa_node_remove_port(spa_node*, spa_direction, uint32_t)':
/usr/include/spa-0.2/spa/utils/hook.h:281:1: warning: ISO C++ forbids braced-groups within expressions [-Wpedantic]
  281 | ({                                                                      \
      | ^
/usr/include/spa-0.2/spa/node/node.h:701:16: note: in expansion of macro 'spa_api_method_r'
  701 |         return spa_api_method_r(int, -ENOTSUP, spa_node, &object->iface, remove_port, 0,
      |                ^~~~~~~~~~~~~~~~
/usr/include/spa-0.2/spa/utils/hook.h:207:1: warning: ISO C++ forbids braced-groups within expressions [-Wpedantic]
  207 | ({                                                                              \
      | ^
/usr/include/spa-0.2/spa/utils/hook.h:251:9: note: in expansion of macro 'spa_callbacks_call_res'
  251 |         spa_callbacks_call_res(&(iface)->cb,method_type,res,method,vers,##__VA_ARGS__)
      |         ^~~~~~~~~~~~~~~~~~~~~~
/usr/include/spa-0.2/spa/utils/hook.h:284:9: note: in expansion of macro 'spa_interface_call_res'
  284 |         spa_interface_call_res(_i, struct type ##_methods,              \
      |         ^~~~~~~~~~~~~~~~~~~~~~
/usr/include/spa-0.2/spa/node/node.h:701:16: note: in expansion of macro 'spa_api_method_r'
  701 |         return spa_api_method_r(int, -ENOTSUP, spa_node, &object->iface, remove_port, 0,
      |                ^~~~~~~~~~~~~~~~
/usr/include/spa-0.2/spa/node/node.h: In function 'int spa_node_port_enum_params(spa_node*, int, spa_direction, uint32_t, uint32_t, uint32_t, uint32_t, const spa_pod*)':
/usr/include/spa-0.2/spa/utils/hook.h:281:1: warning: ISO C++ forbids braced-groups within expressions [-Wpedantic]
  281 | ({                                                                      \
      | ^
/usr/include/spa-0.2/spa/node/node.h:709:16: note: in expansion of macro 'spa_api_method_r'
  709 |         return spa_api_method_r(int, -ENOTSUP, spa_node, &object->iface, port_enum_params, 0,
      |                ^~~~~~~~~~~~~~~~
/usr/include/spa-0.2/spa/utils/hook.h:207:1: warning: ISO C++ forbids braced-groups within expressions [-Wpedantic]
  207 | ({                                                                              \
      | ^
/usr/include/spa-0.2/spa/utils/hook.h:251:9: note: in expansion of macro 'spa_callbacks_call_res'
  251 |         spa_callbacks_call_res(&(iface)->cb,method_type,res,method,vers,##__VA_ARGS__)
      |         ^~~~~~~~~~~~~~~~~~~~~~
/usr/include/spa-0.2/spa/utils/hook.h:284:9: note: in expansion of macro 'spa_interface_call_res'
  284 |         spa_interface_call_res(_i, struct type ##_methods,              \
      |         ^~~~~~~~~~~~~~~~~~~~~~
/usr/include/spa-0.2/spa/node/node.h:709:16: note: in expansion of macro 'spa_api_method_r'
  709 |         return spa_api_method_r(int, -ENOTSUP, spa_node, &object->iface, port_enum_params, 0,
      |                ^~~~~~~~~~~~~~~~
/usr/include/spa-0.2/spa/node/node.h: In function 'int spa_node_port_set_param(spa_node*, spa_direction, uint32_t, uint32_t, uint32_t, const spa_pod*)':
/usr/include/spa-0.2/spa/utils/hook.h:281:1: warning: ISO C++ forbids braced-groups within expressions [-Wpedantic]
  281 | ({                                                                      \
      | ^
/usr/include/spa-0.2/spa/node/node.h:718:16: note: in expansion of macro 'spa_api_method_r'
  718 |         return spa_api_method_r(int, -ENOTSUP, spa_node, &object->iface, port_set_param, 0,
      |                ^~~~~~~~~~~~~~~~
/usr/include/spa-0.2/spa/utils/hook.h:207:1: warning: ISO C++ forbids braced-groups within expressions [-Wpedantic]
  207 | ({                                                                              \
      | ^
/usr/include/spa-0.2/spa/utils/hook.h:251:9: note: in expansion of macro 'spa_callbacks_call_res'
  251 |         spa_callbacks_call_res(&(iface)->cb,method_type,res,method,vers,##__VA_ARGS__)
      |         ^~~~~~~~~~~~~~~~~~~~~~
/usr/include/spa-0.2/spa/utils/hook.h:284:9: note: in expansion of macro 'spa_interface_call_res'
  284 |         spa_interface_call_res(_i, struct type ##_methods,              \
      |         ^~~~~~~~~~~~~~~~~~~~~~
/usr/include/spa-0.2/spa/node/node.h:718:16: note: in expansion of macro 'spa_api_method_r'
  718 |         return spa_api_method_r(int, -ENOTSUP, spa_node, &object->iface, port_set_param, 0,
      |                ^~~~~~~~~~~~~~~~
/usr/include/spa-0.2/spa/node/node.h: In function 'int spa_node_port_use_buffers(spa_node*, spa_direction, uint32_t, uint32_t, spa_buffer**, uint32_t)':
/usr/include/spa-0.2/spa/utils/hook.h:281:1: warning: ISO C++ forbids braced-groups within expressions [-Wpedantic]
  281 | ({                                                                      \
      | ^
/usr/include/spa-0.2/spa/node/node.h:728:16: note: in expansion of macro 'spa_api_method_r'
  728 |         return spa_api_method_r(int, -ENOTSUP, spa_node, &object->iface, port_use_buffers, 0,
      |                ^~~~~~~~~~~~~~~~
/usr/include/spa-0.2/spa/utils/hook.h:207:1: warning: ISO C++ forbids braced-groups within expressions [-Wpedantic]
  207 | ({                                                                              \
      | ^
/usr/include/spa-0.2/spa/utils/hook.h:251:9: note: in expansion of macro 'spa_callbacks_call_res'
  251 |         spa_callbacks_call_res(&(iface)->cb,method_type,res,method,vers,##__VA_ARGS__)
      |         ^~~~~~~~~~~~~~~~~~~~~~
/usr/include/spa-0.2/spa/utils/hook.h:284:9: note: in expansion of macro 'spa_interface_call_res'
  284 |         spa_interface_call_res(_i, struct type ##_methods,              \
      |         ^~~~~~~~~~~~~~~~~~~~~~
/usr/include/spa-0.2/spa/node/node.h:728:16: note: in expansion of macro 'spa_api_method_r'
  728 |         return spa_api_method_r(int, -ENOTSUP, spa_node, &object->iface, port_use_buffers, 0,
      |                ^~~~~~~~~~~~~~~~
/usr/include/spa-0.2/spa/node/node.h: In function 'int spa_node_port_set_io(spa_node*, spa_direction, uint32_t, uint32_t, void*, size_t)':
/usr/include/spa-0.2/spa/utils/hook.h:281:1: warning: ISO C++ forbids braced-groups within expressions [-Wpedantic]
  281 | ({                                                                      \
      | ^
/usr/include/spa-0.2/spa/node/node.h:736:16: note: in expansion of macro 'spa_api_method_r'
  736 |         return spa_api_method_r(int, -ENOTSUP, spa_node, &object->iface, port_set_io, 0,
      |                ^~~~~~~~~~~~~~~~
/usr/include/spa-0.2/spa/utils/hook.h:207:1: warning: ISO C++ forbids braced-groups within expressions [-Wpedantic]
  207 | ({                                                                              \
      | ^
/usr/include/spa-0.2/spa/utils/hook.h:251:9: note: in expansion of macro 'spa_callbacks_call_res'
  251 |         spa_callbacks_call_res(&(iface)->cb,method_type,res,method,vers,##__VA_ARGS__)
      |         ^~~~~~~~~~~~~~~~~~~~~~
/usr/include/spa-0.2/spa/utils/hook.h:284:9: note: in expansion of macro 'spa_interface_call_res'
  284 |         spa_interface_call_res(_i, struct type ##_methods,              \
      |         ^~~~~~~~~~~~~~~~~~~~~~
/usr/include/spa-0.2/spa/node/node.h:736:16: note: in expansion of macro 'spa_api_method_r'
  736 |         return spa_api_method_r(int, -ENOTSUP, spa_node, &object->iface, port_set_io, 0,
      |                ^~~~~~~~~~~~~~~~
/usr/include/spa-0.2/spa/node/node.h: In function 'int spa_node_port_reuse_buffer(spa_node*, uint32_t, uint32_t)':
/usr/include/spa-0.2/spa/utils/hook.h:281:1: warning: ISO C++ forbids braced-groups within expressions [-Wpedantic]
  281 | ({                                                                      \
      | ^
/usr/include/spa-0.2/spa/node/node.h:742:16: note: in expansion of macro 'spa_api_method_r'
  742 |         return spa_api_method_r(int, -ENOTSUP, spa_node, &object->iface, port_reuse_buffer, 0,
      |                ^~~~~~~~~~~~~~~~
/usr/include/spa-0.2/spa/utils/hook.h:207:1: warning: ISO C++ forbids braced-groups within expressions [-Wpedantic]
  207 | ({                                                                              \
      | ^
/usr/include/spa-0.2/spa/utils/hook.h:251:9: note: in expansion of macro 'spa_callbacks_call_res'
  251 |         spa_callbacks_call_res(&(iface)->cb,method_type,res,method,vers,##__VA_ARGS__)
      |         ^~~~~~~~~~~~~~~~~~~~~~
/usr/include/spa-0.2/spa/utils/hook.h:284:9: note: in expansion of macro 'spa_interface_call_res'
  284 |         spa_interface_call_res(_i, struct type ##_methods,              \
      |         ^~~~~~~~~~~~~~~~~~~~~~
/usr/include/spa-0.2/spa/node/node.h:742:16: note: in expansion of macro 'spa_api_method_r'
  742 |         return spa_api_method_r(int, -ENOTSUP, spa_node, &object->iface, port_reuse_buffer, 0,
      |                ^~~~~~~~~~~~~~~~
/usr/include/spa-0.2/spa/node/node.h: In function 'int spa_node_port_reuse_buffer_fast(spa_node*, uint32_t, uint32_t)':
/usr/include/spa-0.2/spa/utils/hook.h:315:1: warning: ISO C++ forbids braced-groups within expressions [-Wpedantic]
  315 | ({                                                                      \
      | ^
/usr/include/spa-0.2/spa/node/node.h:747:16: note: in expansion of macro 'spa_api_method_fast_r'
  747 |         return spa_api_method_fast_r(int, -ENOTSUP, spa_node, &object->iface, port_reuse_buffer, 0,
      |                ^~~~~~~~~~~~~~~~~~~~~
/usr/include/spa-0.2/spa/utils/hook.h:214:1: warning: ISO C++ forbids braced-groups within expressions [-Wpedantic]
  214 | ({                                                                              \
      | ^
/usr/include/spa-0.2/spa/utils/hook.h:254:9: note: in expansion of macro 'spa_callbacks_call_fast_res'
  254 |         spa_callbacks_call_fast_res(&(iface)->cb,method_type,res,method,vers,##__VA_ARGS__)
      |         ^~~~~~~~~~~~~~~~~~~~~~~~~~~
/usr/include/spa-0.2/spa/utils/hook.h:318:9: note: in expansion of macro 'spa_interface_call_fast_res'
  318 |         spa_interface_call_fast_res(_i, struct type ##_methods,         \
      |         ^~~~~~~~~~~~~~~~~~~~~~~~~~~
/usr/include/spa-0.2/spa/node/node.h:747:16: note: in expansion of macro 'spa_api_method_fast_r'
  747 |         return spa_api_method_fast_r(int, -ENOTSUP, spa_node, &object->iface, port_reuse_buffer, 0,
      |                ^~~~~~~~~~~~~~~~~~~~~
/usr/include/spa-0.2/spa/node/node.h: In function 'int spa_node_process(spa_node*)':
/usr/include/spa-0.2/spa/utils/hook.h:281:1: warning: ISO C++ forbids braced-groups within expressions [-Wpedantic]
  281 | ({                                                                      \
      | ^
/usr/include/spa-0.2/spa/node/node.h:752:16: note: in expansion of macro 'spa_api_method_r'
  752 |         return spa_api_method_r(int, -ENOTSUP, spa_node, &object->iface, process, 0);
      |                ^~~~~~~~~~~~~~~~
/usr/include/spa-0.2/spa/utils/hook.h:207:1: warning: ISO C++ forbids braced-groups within expressions [-Wpedantic]
  207 | ({                                                                              \
      | ^
/usr/include/spa-0.2/spa/utils/hook.h:251:9: note: in expansion of macro 'spa_callbacks_call_res'
  251 |         spa_callbacks_call_res(&(iface)->cb,method_type,res,method,vers,##__VA_ARGS__)
      |         ^~~~~~~~~~~~~~~~~~~~~~
/usr/include/spa-0.2/spa/utils/hook.h:284:9: note: in expansion of macro 'spa_interface_call_res'
  284 |         spa_interface_call_res(_i, struct type ##_methods,              \
      |         ^~~~~~~~~~~~~~~~~~~~~~
/usr/include/spa-0.2/spa/node/node.h:752:16: note: in expansion of macro 'spa_api_method_r'
  752 |         return spa_api_method_r(int, -ENOTSUP, spa_node, &object->iface, process, 0);
      |                ^~~~~~~~~~~~~~~~
/usr/include/spa-0.2/spa/node/node.h: In function 'int spa_node_process_fast(spa_node*)':
/usr/include/spa-0.2/spa/utils/hook.h:315:1: warning: ISO C++ forbids braced-groups within expressions [-Wpedantic]
  315 | ({                                                                      \
      | ^
/usr/include/spa-0.2/spa/node/node.h:756:16: note: in expansion of macro 'spa_api_method_fast_r'
  756 |         return spa_api_method_fast_r(int, -ENOTSUP, spa_node, &object->iface, process, 0);
      |                ^~~~~~~~~~~~~~~~~~~~~
/usr/include/spa-0.2/spa/utils/hook.h:214:1: warning: ISO C++ forbids braced-groups within expressions [-Wpedantic]
  214 | ({                                                                              \
      | ^
/usr/include/spa-0.2/spa/utils/hook.h:254:9: note: in expansion of macro 'spa_callbacks_call_fast_res'
  254 |         spa_callbacks_call_fast_res(&(iface)->cb,method_type,res,method,vers,##__VA_ARGS__)
      |         ^~~~~~~~~~~~~~~~~~~~~~~~~~~
/usr/include/spa-0.2/spa/utils/hook.h:318:9: note: in expansion of macro 'spa_interface_call_fast_res'
  318 |         spa_interface_call_fast_res(_i, struct type ##_methods,         \
      |         ^~~~~~~~~~~~~~~~~~~~~~~~~~~
/usr/include/spa-0.2/spa/node/node.h:756:16: note: in expansion of macro 'spa_api_method_fast_r'
  756 |         return spa_api_method_fast_r(int, -ENOTSUP, spa_node, &object->iface, process, 0);
      |                ^~~~~~~~~~~~~~~~~~~~~
/usr/include/pipewire-0.3/pipewire/factory.h: In function 'int pw_factory_add_listener(pw_factory*, spa_hook*, const pw_factory_events*, void*)':
/usr/include/spa-0.2/spa/utils/hook.h:281:1: warning: ISO C++ forbids braced-groups within expressions [-Wpedantic]
  281 | ({                                                                      \
      | ^
/usr/include/pipewire-0.3/pipewire/factory.h:97:16: note: in expansion of macro 'spa_api_method_r'
   97 |         return spa_api_method_r(int, -ENOTSUP,
      |                ^~~~~~~~~~~~~~~~
/usr/include/spa-0.2/spa/utils/hook.h:207:1: warning: ISO C++ forbids braced-groups within expressions [-Wpedantic]
  207 | ({                                                                              \
      | ^
/usr/include/spa-0.2/spa/utils/hook.h:251:9: note: in expansion of macro 'spa_callbacks_call_res'
  251 |         spa_callbacks_call_res(&(iface)->cb,method_type,res,method,vers,##__VA_ARGS__)
      |         ^~~~~~~~~~~~~~~~~~~~~~
/usr/include/spa-0.2/spa/utils/hook.h:284:9: note: in expansion of macro 'spa_interface_call_res'
  284 |         spa_interface_call_res(_i, struct type ##_methods,              \
      |         ^~~~~~~~~~~~~~~~~~~~~~
/usr/include/pipewire-0.3/pipewire/factory.h:97:16: note: in expansion of macro 'spa_api_method_r'
   97 |         return spa_api_method_r(int, -ENOTSUP,
      |                ^~~~~~~~~~~~~~~~
/usr/include/spa-0.2/spa/support/log.h: In function 'void spa_log_topic_init(spa_log*, spa_log_topic*)':
/usr/include/spa-0.2/spa/utils/hook.h:165:1: warning: ISO C++ forbids braced-groups within expressions [-Wpedantic]
  165 | ({                                                                              \
      | ^
/usr/include/spa-0.2/spa/utils/hook.h:238:9: note: in expansion of macro 'spa_callbacks_call'
  238 |         spa_callbacks_call(&(iface)->cb,method_type,method,vers,##__VA_ARGS__)
      |         ^~~~~~~~~~~~~~~~~~
/usr/include/spa-0.2/spa/support/log.h:229:9: note: in expansion of macro 'spa_interface_call'
  229 |         spa_interface_call(&log->iface, struct spa_log_methods, topic_init, 1, topic);
      |         ^~~~~~~~~~~~~~~~~~
/usr/include/spa-0.2/spa/support/log.h: In function 'void spa_log_logtv(spa_log*, spa_log_level, const spa_log_topic*, const char*, int, const char*, const char*, __va_list_tag*)':
/usr/include/spa-0.2/spa/utils/hook.h:165:1: warning: ISO C++ forbids braced-groups within expressions [-Wpedantic]
  165 | ({                                                                              \
      | ^
/usr/include/spa-0.2/spa/utils/hook.h:238:9: note: in expansion of macro 'spa_callbacks_call'
  238 |         spa_callbacks_call(&(iface)->cb,method_type,method,vers,##__VA_ARGS__)
      |         ^~~~~~~~~~~~~~~~~~
/usr/include/spa-0.2/spa/support/log.h:273:22: note: in expansion of macro 'spa_interface_call'
  273 |                 if (!spa_interface_call(i,
      |                      ^~~~~~~~~~~~~~~~~~
/usr/include/spa-0.2/spa/utils/hook.h:165:1: warning: ISO C++ forbids braced-groups within expressions [-Wpedantic]
  165 | ({                                                                              \
      | ^
/usr/include/spa-0.2/spa/utils/hook.h:238:9: note: in expansion of macro 'spa_callbacks_call'
  238 |         spa_callbacks_call(&(iface)->cb,method_type,method,vers,##__VA_ARGS__)
      |         ^~~~~~~~~~~~~~~~~~
/usr/include/spa-0.2/spa/support/log.h:277:21: note: in expansion of macro 'spa_interface_call'
  277 |                     spa_interface_call(i,
      |                     ^~~~~~~~~~~~~~~~~~
/usr/include/pipewire-0.3/pipewire/link.h: In function 'int pw_link_add_listener(pw_link*, spa_hook*, const pw_link_events*, void*)':
/usr/include/spa-0.2/spa/utils/hook.h:281:1: warning: ISO C++ forbids braced-groups within expressions [-Wpedantic]
  281 | ({                                                                      \
      | ^
/usr/include/pipewire-0.3/pipewire/link.h:123:16: note: in expansion of macro 'spa_api_method_r'
  123 |         return spa_api_method_r(int, -ENOTSUP,
      |                ^~~~~~~~~~~~~~~~
/usr/include/spa-0.2/spa/utils/hook.h:207:1: warning: ISO C++ forbids braced-groups within expressions [-Wpedantic]
  207 | ({                                                                              \
      | ^
/usr/include/spa-0.2/spa/utils/hook.h:251:9: note: in expansion of macro 'spa_callbacks_call_res'
  251 |         spa_callbacks_call_res(&(iface)->cb,method_type,res,method,vers,##__VA_ARGS__)
      |         ^~~~~~~~~~~~~~~~~~~~~~
/usr/include/spa-0.2/spa/utils/hook.h:284:9: note: in expansion of macro 'spa_interface_call_res'
  284 |         spa_interface_call_res(_i, struct type ##_methods,              \
      |         ^~~~~~~~~~~~~~~~~~~~~~
/usr/include/pipewire-0.3/pipewire/link.h:123:16: note: in expansion of macro 'spa_api_method_r'
  123 |         return spa_api_method_r(int, -ENOTSUP,
      |                ^~~~~~~~~~~~~~~~
/usr/include/pipewire-0.3/pipewire/module.h: In function 'int pw_module_add_listener(pw_module*, spa_hook*, const pw_module_events*, void*)':
/usr/include/spa-0.2/spa/utils/hook.h:281:1: warning: ISO C++ forbids braced-groups within expressions [-Wpedantic]
  281 | ({                                                                      \
      | ^
/usr/include/pipewire-0.3/pipewire/module.h:95:16: note: in expansion of macro 'spa_api_method_r'
   95 |         return spa_api_method_r(int, -ENOTSUP,
      |                ^~~~~~~~~~~~~~~~
/usr/include/spa-0.2/spa/utils/hook.h:207:1: warning: ISO C++ forbids braced-groups within expressions [-Wpedantic]
  207 | ({                                                                              \
      | ^
/usr/include/spa-0.2/spa/utils/hook.h:251:9: note: in expansion of macro 'spa_callbacks_call_res'
  251 |         spa_callbacks_call_res(&(iface)->cb,method_type,res,method,vers,##__VA_ARGS__)
      |         ^~~~~~~~~~~~~~~~~~~~~~
/usr/include/spa-0.2/spa/utils/hook.h:284:9: note: in expansion of macro 'spa_interface_call_res'
  284 |         spa_interface_call_res(_i, struct type ##_methods,              \
      |         ^~~~~~~~~~~~~~~~~~~~~~
/usr/include/pipewire-0.3/pipewire/module.h:95:16: note: in expansion of macro 'spa_api_method_r'
   95 |         return spa_api_method_r(int, -ENOTSUP,
      |                ^~~~~~~~~~~~~~~~
/usr/include/pipewire-0.3/pipewire/node.h: In function 'int pw_node_add_listener(pw_node*, spa_hook*, const pw_node_events*, void*)':
/usr/include/spa-0.2/spa/utils/hook.h:281:1: warning: ISO C++ forbids braced-groups within expressions [-Wpedantic]
  281 | ({                                                                      \
      | ^
/usr/include/pipewire-0.3/pipewire/node.h:194:16: note: in expansion of macro 'spa_api_method_r'
  194 |         return spa_api_method_r(int, -ENOTSUP,
      |                ^~~~~~~~~~~~~~~~
/usr/include/spa-0.2/spa/utils/hook.h:207:1: warning: ISO C++ forbids braced-groups within expressions [-Wpedantic]
  207 | ({                                                                              \
      | ^
/usr/include/spa-0.2/spa/utils/hook.h:251:9: note: in expansion of macro 'spa_callbacks_call_res'
  251 |         spa_callbacks_call_res(&(iface)->cb,method_type,res,method,vers,##__VA_ARGS__)
      |         ^~~~~~~~~~~~~~~~~~~~~~
/usr/include/spa-0.2/spa/utils/hook.h:284:9: note: in expansion of macro 'spa_interface_call_res'
  284 |         spa_interface_call_res(_i, struct type ##_methods,              \
      |         ^~~~~~~~~~~~~~~~~~~~~~
/usr/include/pipewire-0.3/pipewire/node.h:194:16: note: in expansion of macro 'spa_api_method_r'
  194 |         return spa_api_method_r(int, -ENOTSUP,
      |                ^~~~~~~~~~~~~~~~
/usr/include/pipewire-0.3/pipewire/node.h: In function 'int pw_node_subscribe_params(pw_node*, uint32_t*, uint32_t)':
/usr/include/spa-0.2/spa/utils/hook.h:281:1: warning: ISO C++ forbids braced-groups within expressions [-Wpedantic]
  281 | ({                                                                      \
      | ^
/usr/include/pipewire-0.3/pipewire/node.h:202:16: note: in expansion of macro 'spa_api_method_r'
  202 |         return spa_api_method_r(int, -ENOTSUP,
      |                ^~~~~~~~~~~~~~~~
/usr/include/spa-0.2/spa/utils/hook.h:207:1: warning: ISO C++ forbids braced-groups within expressions [-Wpedantic]
  207 | ({                                                                              \
      | ^
/usr/include/spa-0.2/spa/utils/hook.h:251:9: note: in expansion of macro 'spa_callbacks_call_res'
  251 |         spa_callbacks_call_res(&(iface)->cb,method_type,res,method,vers,##__VA_ARGS__)
      |         ^~~~~~~~~~~~~~~~~~~~~~
/usr/include/spa-0.2/spa/utils/hook.h:284:9: note: in expansion of macro 'spa_interface_call_res'
  284 |         spa_interface_call_res(_i, struct type ##_methods,              \
      |         ^~~~~~~~~~~~~~~~~~~~~~
/usr/include/pipewire-0.3/pipewire/node.h:202:16: note: in expansion of macro 'spa_api_method_r'
  202 |         return spa_api_method_r(int, -ENOTSUP,
      |                ^~~~~~~~~~~~~~~~
/usr/include/pipewire-0.3/pipewire/node.h: In function 'int pw_node_enum_params(pw_node*, int, uint32_t, uint32_t, uint32_t, const spa_pod*)':
/usr/include/spa-0.2/spa/utils/hook.h:281:1: warning: ISO C++ forbids braced-groups within expressions [-Wpedantic]
  281 | ({                                                                      \
      | ^
/usr/include/pipewire-0.3/pipewire/node.h:212:16: note: in expansion of macro 'spa_api_method_r'
  212 |         return spa_api_method_r(int, -ENOTSUP,
      |                ^~~~~~~~~~~~~~~~
/usr/include/spa-0.2/spa/utils/hook.h:207:1: warning: ISO C++ forbids braced-groups within expressions [-Wpedantic]
  207 | ({                                                                              \
      | ^
/usr/include/spa-0.2/spa/utils/hook.h:251:9: note: in expansion of macro 'spa_callbacks_call_res'
  251 |         spa_callbacks_call_res(&(iface)->cb,method_type,res,method,vers,##__VA_ARGS__)
      |         ^~~~~~~~~~~~~~~~~~~~~~
/usr/include/spa-0.2/spa/utils/hook.h:284:9: note: in expansion of macro 'spa_interface_call_res'
  284 |         spa_interface_call_res(_i, struct type ##_methods,              \
      |         ^~~~~~~~~~~~~~~~~~~~~~
/usr/include/pipewire-0.3/pipewire/node.h:212:16: note: in expansion of macro 'spa_api_method_r'
  212 |         return spa_api_method_r(int, -ENOTSUP,
      |                ^~~~~~~~~~~~~~~~
/usr/include/pipewire-0.3/pipewire/node.h: In function 'int pw_node_set_param(pw_node*, uint32_t, uint32_t, const spa_pod*)':
/usr/include/spa-0.2/spa/utils/hook.h:281:1: warning: ISO C++ forbids braced-groups within expressions [-Wpedantic]
  281 | ({                                                                      \
      | ^
/usr/include/pipewire-0.3/pipewire/node.h:221:16: note: in expansion of macro 'spa_api_method_r'
  221 |         return spa_api_method_r(int, -ENOTSUP,
      |                ^~~~~~~~~~~~~~~~
/usr/include/spa-0.2/spa/utils/hook.h:207:1: warning: ISO C++ forbids braced-groups within expressions [-Wpedantic]
  207 | ({                                                                              \
      | ^
/usr/include/spa-0.2/spa/utils/hook.h:251:9: note: in expansion of macro 'spa_callbacks_call_res'
  251 |         spa_callbacks_call_res(&(iface)->cb,method_type,res,method,vers,##__VA_ARGS__)
      |         ^~~~~~~~~~~~~~~~~~~~~~
/usr/include/spa-0.2/spa/utils/hook.h:284:9: note: in expansion of macro 'spa_interface_call_res'
  284 |         spa_interface_call_res(_i, struct type ##_methods,              \
      |         ^~~~~~~~~~~~~~~~~~~~~~
/usr/include/pipewire-0.3/pipewire/node.h:221:16: note: in expansion of macro 'spa_api_method_r'
  221 |         return spa_api_method_r(int, -ENOTSUP,
      |                ^~~~~~~~~~~~~~~~
/usr/include/pipewire-0.3/pipewire/node.h: In function 'int pw_node_send_command(pw_node*, const spa_command*)':
/usr/include/spa-0.2/spa/utils/hook.h:281:1: warning: ISO C++ forbids braced-groups within expressions [-Wpedantic]
  281 | ({                                                                      \
      | ^
/usr/include/pipewire-0.3/pipewire/node.h:229:16: note: in expansion of macro 'spa_api_method_r'
  229 |         return spa_api_method_r(int, -ENOTSUP,
      |                ^~~~~~~~~~~~~~~~
/usr/include/spa-0.2/spa/utils/hook.h:207:1: warning: ISO C++ forbids braced-groups within expressions [-Wpedantic]
  207 | ({                                                                              \
      | ^
/usr/include/spa-0.2/spa/utils/hook.h:251:9: note: in expansion of macro 'spa_callbacks_call_res'
  251 |         spa_callbacks_call_res(&(iface)->cb,method_type,res,method,vers,##__VA_ARGS__)
      |         ^~~~~~~~~~~~~~~~~~~~~~
/usr/include/spa-0.2/spa/utils/hook.h:284:9: note: in expansion of macro 'spa_interface_call_res'
  284 |         spa_interface_call_res(_i, struct type ##_methods,              \
      |         ^~~~~~~~~~~~~~~~~~~~~~
/usr/include/pipewire-0.3/pipewire/node.h:229:16: note: in expansion of macro 'spa_api_method_r'
  229 |         return spa_api_method_r(int, -ENOTSUP,
      |                ^~~~~~~~~~~~~~~~
/usr/include/pipewire-0.3/pipewire/port.h: In function 'int pw_port_add_listener(pw_port*, spa_hook*, const pw_port_events*, void*)':
/usr/include/spa-0.2/spa/utils/hook.h:281:1: warning: ISO C++ forbids braced-groups within expressions [-Wpedantic]
  281 | ({                                                                      \
      | ^
/usr/include/pipewire-0.3/pipewire/port.h:155:16: note: in expansion of macro 'spa_api_method_r'
  155 |         return spa_api_method_r(int, -ENOTSUP,
      |                ^~~~~~~~~~~~~~~~
/usr/include/spa-0.2/spa/utils/hook.h:207:1: warning: ISO C++ forbids braced-groups within expressions [-Wpedantic]
  207 | ({                                                                              \
      | ^
/usr/include/spa-0.2/spa/utils/hook.h:251:9: note: in expansion of macro 'spa_callbacks_call_res'
  251 |         spa_callbacks_call_res(&(iface)->cb,method_type,res,method,vers,##__VA_ARGS__)
      |         ^~~~~~~~~~~~~~~~~~~~~~
/usr/include/spa-0.2/spa/utils/hook.h:284:9: note: in expansion of macro 'spa_interface_call_res'
  284 |         spa_interface_call_res(_i, struct type ##_methods,              \
      |         ^~~~~~~~~~~~~~~~~~~~~~
/usr/include/pipewire-0.3/pipewire/port.h:155:16: note: in expansion of macro 'spa_api_method_r'
  155 |         return spa_api_method_r(int, -ENOTSUP,
      |                ^~~~~~~~~~~~~~~~
/usr/include/pipewire-0.3/pipewire/port.h: In function 'int pw_port_subscribe_params(pw_port*, uint32_t*, uint32_t)':
/usr/include/spa-0.2/spa/utils/hook.h:281:1: warning: ISO C++ forbids braced-groups within expressions [-Wpedantic]
  281 | ({                                                                      \
      | ^
/usr/include/pipewire-0.3/pipewire/port.h:163:16: note: in expansion of macro 'spa_api_method_r'
  163 |         return spa_api_method_r(int, -ENOTSUP,
      |                ^~~~~~~~~~~~~~~~
/usr/include/spa-0.2/spa/utils/hook.h:207:1: warning: ISO C++ forbids braced-groups within expressions [-Wpedantic]
  207 | ({                                                                              \
      | ^
/usr/include/spa-0.2/spa/utils/hook.h:251:9: note: in expansion of macro 'spa_callbacks_call_res'
  251 |         spa_callbacks_call_res(&(iface)->cb,method_type,res,method,vers,##__VA_ARGS__)
      |         ^~~~~~~~~~~~~~~~~~~~~~
/usr/include/spa-0.2/spa/utils/hook.h:284:9: note: in expansion of macro 'spa_interface_call_res'
  284 |         spa_interface_call_res(_i, struct type ##_methods,              \
      |         ^~~~~~~~~~~~~~~~~~~~~~
/usr/include/pipewire-0.3/pipewire/port.h:163:16: note: in expansion of macro 'spa_api_method_r'
  163 |         return spa_api_method_r(int, -ENOTSUP,
      |                ^~~~~~~~~~~~~~~~
/usr/include/pipewire-0.3/pipewire/port.h: In function 'int pw_port_enum_params(pw_port*, int, uint32_t, uint32_t, uint32_t, const spa_pod*)':
/usr/include/spa-0.2/spa/utils/hook.h:281:1: warning: ISO C++ forbids braced-groups within expressions [-Wpedantic]
  281 | ({                                                                      \
      | ^
/usr/include/pipewire-0.3/pipewire/port.h:173:16: note: in expansion of macro 'spa_api_method_r'
  173 |         return spa_api_method_r(int, -ENOTSUP,
      |                ^~~~~~~~~~~~~~~~
/usr/include/spa-0.2/spa/utils/hook.h:207:1: warning: ISO C++ forbids braced-groups within expressions [-Wpedantic]
  207 | ({                                                                              \
      | ^
/usr/include/spa-0.2/spa/utils/hook.h:251:9: note: in expansion of macro 'spa_callbacks_call_res'
  251 |         spa_callbacks_call_res(&(iface)->cb,method_type,res,method,vers,##__VA_ARGS__)
      |         ^~~~~~~~~~~~~~~~~~~~~~
/usr/include/spa-0.2/spa/utils/hook.h:284:9: note: in expansion of macro 'spa_interface_call_res'
  284 |         spa_interface_call_res(_i, struct type ##_methods,              \
      |         ^~~~~~~~~~~~~~~~~~~~~~
/usr/include/pipewire-0.3/pipewire/port.h:173:16: note: in expansion of macro 'spa_api_method_r'
  173 |         return spa_api_method_r(int, -ENOTSUP,
      |                ^~~~~~~~~~~~~~~~
/usr/include/spa-0.2/spa/support/thread.h: In function 'spa_thread* spa_thread_utils_create(spa_thread_utils*, const spa_dict*, void* (*)(void*), void*)':
/usr/include/spa-0.2/spa/utils/hook.h:281:1: warning: ISO C++ forbids braced-groups within expressions [-Wpedantic]
  281 | ({                                                                      \
      | ^
/usr/include/spa-0.2/spa/support/thread.h:72:16: note: in expansion of macro 'spa_api_method_r'
   72 |         return spa_api_method_r(struct spa_thread *, NULL,
      |                ^~~~~~~~~~~~~~~~
/usr/include/spa-0.2/spa/utils/hook.h:207:1: warning: ISO C++ forbids braced-groups within expressions [-Wpedantic]
  207 | ({                                                                              \
      | ^
/usr/include/spa-0.2/spa/utils/hook.h:251:9: note: in expansion of macro 'spa_callbacks_call_res'
  251 |         spa_callbacks_call_res(&(iface)->cb,method_type,res,method,vers,##__VA_ARGS__)
      |         ^~~~~~~~~~~~~~~~~~~~~~
/usr/include/spa-0.2/spa/utils/hook.h:284:9: note: in expansion of macro 'spa_interface_call_res'
  284 |         spa_interface_call_res(_i, struct type ##_methods,              \
      |         ^~~~~~~~~~~~~~~~~~~~~~
/usr/include/spa-0.2/spa/support/thread.h:72:16: note: in expansion of macro 'spa_api_method_r'
   72 |         return spa_api_method_r(struct spa_thread *, NULL,
      |                ^~~~~~~~~~~~~~~~
/usr/include/spa-0.2/spa/support/thread.h: In function 'int spa_thread_utils_join(spa_thread_utils*, spa_thread*, void**)':
/usr/include/spa-0.2/spa/utils/hook.h:281:1: warning: ISO C++ forbids braced-groups within expressions [-Wpedantic]
  281 | ({                                                                      \
      | ^
/usr/include/spa-0.2/spa/support/thread.h:82:16: note: in expansion of macro 'spa_api_method_r'
   82 |         return spa_api_method_r(int, -ENOTSUP,
      |                ^~~~~~~~~~~~~~~~
/usr/include/spa-0.2/spa/utils/hook.h:207:1: warning: ISO C++ forbids braced-groups within expressions [-Wpedantic]
  207 | ({                                                                              \
      | ^
/usr/include/spa-0.2/spa/utils/hook.h:251:9: note: in expansion of macro 'spa_callbacks_call_res'
  251 |         spa_callbacks_call_res(&(iface)->cb,method_type,res,method,vers,##__VA_ARGS__)
      |         ^~~~~~~~~~~~~~~~~~~~~~
/usr/include/spa-0.2/spa/utils/hook.h:284:9: note: in expansion of macro 'spa_interface_call_res'
  284 |         spa_interface_call_res(_i, struct type ##_methods,              \
      |         ^~~~~~~~~~~~~~~~~~~~~~
/usr/include/spa-0.2/spa/support/thread.h:82:16: note: in expansion of macro 'spa_api_method_r'
   82 |         return spa_api_method_r(int, -ENOTSUP,
      |                ^~~~~~~~~~~~~~~~
/usr/include/spa-0.2/spa/support/thread.h: In function 'int spa_thread_utils_get_rt_range(spa_thread_utils*, const spa_dict*, int*, int*)':
/usr/include/spa-0.2/spa/utils/hook.h:281:1: warning: ISO C++ forbids braced-groups within expressions [-Wpedantic]
  281 | ({                                                                      \
      | ^
/usr/include/spa-0.2/spa/support/thread.h:92:16: note: in expansion of macro 'spa_api_method_r'
   92 |         return spa_api_method_r(int, -ENOTSUP,
      |                ^~~~~~~~~~~~~~~~
/usr/include/spa-0.2/spa/utils/hook.h:207:1: warning: ISO C++ forbids braced-groups within expressions [-Wpedantic]
  207 | ({                                                                              \
      | ^
/usr/include/spa-0.2/spa/utils/hook.h:251:9: note: in expansion of macro 'spa_callbacks_call_res'
  251 |         spa_callbacks_call_res(&(iface)->cb,method_type,res,method,vers,##__VA_ARGS__)
      |         ^~~~~~~~~~~~~~~~~~~~~~
/usr/include/spa-0.2/spa/utils/hook.h:284:9: note: in expansion of macro 'spa_interface_call_res'
  284 |         spa_interface_call_res(_i, struct type ##_methods,              \
      |         ^~~~~~~~~~~~~~~~~~~~~~
/usr/include/spa-0.2/spa/support/thread.h:92:16: note: in expansion of macro 'spa_api_method_r'
   92 |         return spa_api_method_r(int, -ENOTSUP,
      |                ^~~~~~~~~~~~~~~~
/usr/include/spa-0.2/spa/support/thread.h: In function 'int spa_thread_utils_acquire_rt(spa_thread_utils*, spa_thread*, int)':
/usr/include/spa-0.2/spa/utils/hook.h:281:1: warning: ISO C++ forbids braced-groups within expressions [-Wpedantic]
  281 | ({                                                                      \
      | ^
/usr/include/spa-0.2/spa/support/thread.h:102:16: note: in expansion of macro 'spa_api_method_r'
  102 |         return spa_api_method_r(int, -ENOTSUP,
      |                ^~~~~~~~~~~~~~~~
/usr/include/spa-0.2/spa/utils/hook.h:207:1: warning: ISO C++ forbids braced-groups within expressions [-Wpedantic]
  207 | ({                                                                              \
      | ^
/usr/include/spa-0.2/spa/utils/hook.h:251:9: note: in expansion of macro 'spa_callbacks_call_res'
  251 |         spa_callbacks_call_res(&(iface)->cb,method_type,res,method,vers,##__VA_ARGS__)
      |         ^~~~~~~~~~~~~~~~~~~~~~
/usr/include/spa-0.2/spa/utils/hook.h:284:9: note: in expansion of macro 'spa_interface_call_res'
  284 |         spa_interface_call_res(_i, struct type ##_methods,              \
      |         ^~~~~~~~~~~~~~~~~~~~~~
/usr/include/spa-0.2/spa/support/thread.h:102:16: note: in expansion of macro 'spa_api_method_r'
  102 |         return spa_api_method_r(int, -ENOTSUP,
      |                ^~~~~~~~~~~~~~~~
/usr/include/spa-0.2/spa/support/thread.h: In function 'int spa_thread_utils_drop_rt(spa_thread_utils*, spa_thread*)':
/usr/include/spa-0.2/spa/utils/hook.h:281:1: warning: ISO C++ forbids braced-groups within expressions [-Wpedantic]
  281 | ({                                                                      \
      | ^
/usr/include/spa-0.2/spa/support/thread.h:112:16: note: in expansion of macro 'spa_api_method_r'
  112 |         return spa_api_method_r(int, -ENOTSUP,
      |                ^~~~~~~~~~~~~~~~
/usr/include/spa-0.2/spa/utils/hook.h:207:1: warning: ISO C++ forbids braced-groups within expressions [-Wpedantic]
  207 | ({                                                                              \
      | ^
/usr/include/spa-0.2/spa/utils/hook.h:251:9: note: in expansion of macro 'spa_callbacks_call_res'
  251 |         spa_callbacks_call_res(&(iface)->cb,method_type,res,method,vers,##__VA_ARGS__)
      |         ^~~~~~~~~~~~~~~~~~~~~~
/usr/include/spa-0.2/spa/utils/hook.h:284:9: note: in expansion of macro 'spa_interface_call_res'
  284 |         spa_interface_call_res(_i, struct type ##_methods,              \
      |         ^~~~~~~~~~~~~~~~~~~~~~
/usr/include/spa-0.2/spa/support/thread.h:112:16: note: in expansion of macro 'spa_api_method_r'
  112 |         return spa_api_method_r(int, -ENOTSUP,
      |                ^~~~~~~~~~~~~~~~
[754/1220] Building CXX object CMakeFiles/aethercore.dir/src/core/aprs/AprsPacket.cpp.o
[755/1220] Building CXX object CMakeFiles/aethercore.dir/src/models/Nr2SettingsModel.cpp.o
[756/1220] Building CXX object CMakeFiles/aethercore.dir/src/core/aprs/AprsMessenger.cpp.o
[757/1220] Building CXX object CMakeFiles/aethercore.dir/src/core/TciServer.cpp.o
[758/1220] Building CXX object CMakeFiles/aethercore.dir/src/models/Rn2SettingsModel.cpp.o
[759/1220] Building CXX object CMakeFiles/aethercore.dir/src/core/tnc/Ax25Connection.cpp.o
[760/1220] Building CXX object CMakeFiles/aethercore.dir/aethercore_autogen/mocs_compilation.cpp.o
In file included from /home/jeremy/agent-worktrees/460f1777/wt-pr5146/build/aethercore_autogen/PRMOGMWJPH/moc_RadioConnection.cpp:9,
                 from /home/jeremy/agent-worktrees/460f1777/wt-pr5146/build/aethercore_autogen/mocs_compilation.cpp:51:
/home/jeremy/agent-worktrees/460f1777/wt-pr5146/build/aethercore_autogen/PRMOGMWJPH/../../../src/core/RadioConnection.h:27:7: warning: defining 'AetherSDR::RadioConnection', which previously failed to be complete in a SFINAE context [-Wsfinae-incomplete=]
   27 | class RadioConnection : public QObject {
      |       ^~~~~~~~~~~~~~~
In file included from /usr/include/qt6/QtCore/qobject.h:19,
                 from /usr/include/qt6/QtCore/QObject:1,
                 from /home/jeremy/agent-worktrees/460f1777/wt-pr5146/build/aethercore_autogen/PRMOGMWJPH/../../../src/core/AcomConnection.h:4,
                 from /home/jeremy/agent-worktrees/460f1777/wt-pr5146/build/aethercore_autogen/PRMOGMWJPH/moc_AcomConnection.cpp:9,
                 from /home/jeremy/agent-worktrees/460f1777/wt-pr5146/build/aethercore_autogen/mocs_compilation.cpp:2:
/usr/include/qt6/QtCore/qmetatype.h:344:64: note: here.  Use '-Wsfinae-incomplete=2' for a diagnostic at that point
  344 |         static auto check(U *) -> std::integral_constant<bool, sizeof(U) != 0>;
      |                                                                ^~~~~~~~~
In file included from /home/jeremy/agent-worktrees/460f1777/wt-pr5146/build/aethercore_autogen/PRMOGMWJPH/moc_SmartCatSession.cpp:9,
                 from /home/jeremy/agent-worktrees/460f1777/wt-pr5146/build/aethercore_autogen/mocs_compilation.cpp:56:
/home/jeremy/agent-worktrees/460f1777/wt-pr5146/build/aethercore_autogen/PRMOGMWJPH/../../../src/core/SmartCatSession.h:21:7: warning: defining 'AetherSDR::SmartCatSession', which previously failed to be complete in a SFINAE context [-Wsfinae-incomplete=]
   21 | class SmartCatSession : public QObject {
      |       ^~~~~~~~~~~~~~~
/usr/include/qt6/QtCore/qmetatype.h:344:64: note: here.  Use '-Wsfinae-incomplete=2' for a diagnostic at that point
  344 |         static auto check(U *) -> std::integral_constant<bool, sizeof(U) != 0>;
      |                                                                ^~~~~~~~~
In file included from /home/jeremy/agent-worktrees/460f1777/wt-pr5146/build/aethercore_autogen/M4YTXQ7V2H/../../../src/models/RadioModel.h:22,
                 from /home/jeremy/agent-worktrees/460f1777/wt-pr5146/build/aethercore_autogen/M4YTXQ7V2H/moc_RadioModel.cpp:9,
                 from /home/jeremy/agent-worktrees/460f1777/wt-pr5146/build/aethercore_autogen/mocs_compilation.cpp:116:
/home/jeremy/agent-worktrees/460f1777/wt-pr5146/build/aethercore_autogen/M4YTXQ7V2H/../../../src/models/SliceModel.h:15:7: warning: defining 'AetherSDR::SliceModel', which previously failed to be complete in a SFINAE context [-Wsfinae-incomplete=]
   15 | class SliceModel : public QObject {
      |       ^~~~~~~~~~
/usr/include/qt6/QtCore/qmetatype.h:344:64: note: here.  Use '-Wsfinae-incomplete=2' for a diagnostic at that point
  344 |         static auto check(U *) -> std::integral_constant<bool, sizeof(U) != 0>;
      |                                                                ^~~~~~~~~
[761/1220] Building CXX object CMakeFiles/aethercore.dir/src/core/PipeWireAudioBridge.cpp.o
In file included from /usr/include/spa-0.2/spa/utils/hook.h:9,
                 from /home/jeremy/agent-worktrees/460f1777/wt-pr5146/src/core/PipeWireNativeRxSource.h:3,
                 from /home/jeremy/agent-worktrees/460f1777/wt-pr5146/src/core/PipeWireAudioBridge.cpp:5:
/usr/include/spa-0.2/spa/utils/list.h: In function 'void spa_list_init(spa_list*)':
/usr/include/spa-0.2/spa/utils/list.h:37:64: warning: ISO C++ forbids compound-literals [-Wpedantic]
   37 | #define SPA_LIST_INIT(list) ((struct spa_list){ (list), (list) })
      |                                                                ^
/usr/include/spa-0.2/spa/utils/list.h:41:17: note: in expansion of macro 'SPA_LIST_INIT'
   41 |         *list = SPA_LIST_INIT(list);
      |                 ^~~~~~~~~~~~~
/usr/include/spa-0.2/spa/utils/hook.h: In function 'void spa_hook_list_append(spa_hook_list*, spa_hook*, const void*, void*)':
/usr/include/spa-0.2/spa/utils/hook.h:133:86: warning: ISO C++ forbids compound-literals [-Wpedantic]
  133 | #define SPA_CALLBACKS_INIT(_funcs,_data) ((struct spa_callbacks){ (_funcs), (_data), })
      |                                                                                      ^
/usr/include/spa-0.2/spa/utils/hook.h:442:20: note: in expansion of macro 'SPA_CALLBACKS_INIT'
  442 |         hook->cb = SPA_CALLBACKS_INIT(funcs, data);
      |                    ^~~~~~~~~~~~~~~~~~
/usr/include/spa-0.2/spa/utils/hook.h: In function 'void spa_hook_list_prepend(spa_hook_list*, spa_hook*, const void*, void*)':
/usr/include/spa-0.2/spa/utils/hook.h:133:86: warning: ISO C++ forbids compound-literals [-Wpedantic]
  133 | #define SPA_CALLBACKS_INIT(_funcs,_data) ((struct spa_callbacks){ (_funcs), (_data), })
      |                                                                                      ^
/usr/include/spa-0.2/spa/utils/hook.h:452:20: note: in expansion of macro 'SPA_CALLBACKS_INIT'
  452 |         hook->cb = SPA_CALLBACKS_INIT(funcs, data);
      |                    ^~~~~~~~~~~~~~~~~~
[762/1220] Building CXX object CMakeFiles/aethercore.dir/src/core/tnc/HeardList.cpp.o
[763/1220] Building CXX object CMakeFiles/aethercore.dir/src/models/RadioSession.cpp.o
[764/1220] Building CXX object CMakeFiles/aethercore.dir/src/models/AmpModel.cpp.o
[765/1220] Building CXX object CMakeFiles/aethercore.dir/src/models/AntennaAliasStore.cpp.o
[766/1220] Building CXX object CMakeFiles/aethercore.dir/src/core/tnc/TncTerminal.cpp.o
[767/1220] Building CXX object CMakeFiles/aethercore.dir/src/core/PipeWireNativeRxSource.cpp.o
In file included from /usr/include/spa-0.2/spa/utils/hook.h:9,
                 from /home/jeremy/agent-worktrees/460f1777/wt-pr5146/src/core/PipeWireNativeRxSource.h:3,
                 from /home/jeremy/agent-worktrees/460f1777/wt-pr5146/src/core/PipeWireNativeRxSource.cpp:1:
/usr/include/spa-0.2/spa/utils/list.h: In function 'void spa_list_init(spa_list*)':
/usr/include/spa-0.2/spa/utils/list.h:37:64: warning: ISO C++ forbids compound-literals [-Wpedantic]
   37 | #define SPA_LIST_INIT(list) ((struct spa_list){ (list), (list) })
      |                                                                ^
/usr/include/spa-0.2/spa/utils/list.h:41:17: note: in expansion of macro 'SPA_LIST_INIT'
   41 |         *list = SPA_LIST_INIT(list);
      |                 ^~~~~~~~~~~~~
/usr/include/spa-0.2/spa/utils/hook.h: In function 'void spa_hook_list_append(spa_hook_list*, spa_hook*, const void*, void*)':
/usr/include/spa-0.2/spa/utils/hook.h:133:86: warning: ISO C++ forbids compound-literals [-Wpedantic]
  133 | #define SPA_CALLBACKS_INIT(_funcs,_data) ((struct spa_callbacks){ (_funcs), (_data), })
      |                                                                                      ^
/usr/include/spa-0.2/spa/utils/hook.h:442:20: note: in expansion of macro 'SPA_CALLBACKS_INIT'
  442 |         hook->cb = SPA_CALLBACKS_INIT(funcs, data);
      |                    ^~~~~~~~~~~~~~~~~~
/usr/include/spa-0.2/spa/utils/hook.h: In function 'void spa_hook_list_prepend(spa_hook_list*, spa_hook*, const void*, void*)':
/usr/include/spa-0.2/spa/utils/hook.h:133:86: warning: ISO C++ forbids compound-literals [-Wpedantic]
  133 | #define SPA_CALLBACKS_INIT(_funcs,_data) ((struct spa_callbacks){ (_funcs), (_data), })
      |                                                                                      ^
/usr/include/spa-0.2/spa/utils/hook.h:452:20: note: in expansion of macro 'SPA_CALLBACKS_INIT'
  452 |         hook->cb = SPA_CALLBACKS_INIT(funcs, data);
      |                    ^~~~~~~~~~~~~~~~~~
In file included from /usr/include/spa-0.2/spa/support/plugin.h:12,
                 from /usr/include/pipewire-0.3/pipewire/pipewire.h:8,
                 from /home/jeremy/agent-worktrees/460f1777/wt-pr5146/src/core/PipeWireNativeRxSource.cpp:5:
/usr/include/spa-0.2/spa/utils/dict.h: In function 'const spa_dict_item* spa_dict_lookup_item(const spa_dict*, const char*)':
/usr/include/spa-0.2/spa/utils/dict.h:39:75: warning: ISO C++ forbids compound-literals [-Wpedantic]
   39 | #define SPA_DICT_ITEM(key,value) ((struct spa_dict_item) { (key), (value) })
      |                                                                           ^
/usr/include/spa-0.2/spa/utils/dict.h:40:39: note: in expansion of macro 'SPA_DICT_ITEM'
   40 | #define SPA_DICT_ITEM_INIT(key,value) SPA_DICT_ITEM(key,value)
      |                                       ^~~~~~~~~~~~~
/usr/include/spa-0.2/spa/utils/dict.h:83:42: note: in expansion of macro 'SPA_DICT_ITEM_INIT'
   83 |                 struct spa_dict_item k = SPA_DICT_ITEM_INIT(key, NULL);
      |                                          ^~~~~~~~~~~~~~~~~~
/usr/include/spa-0.2/spa/support/plugin.h: In function 'int spa_handle_get_interface(spa_handle*, const char*, void**)':
/usr/include/spa-0.2/spa/utils/hook.h:263:1: warning: ISO C++ forbids braced-groups within expressions [-Wpedantic]
  263 | ({                                                                      \
      | ^
/usr/include/spa-0.2/spa/support/plugin.h:69:16: note: in expansion of macro 'spa_api_func_r'
   69 |         return spa_api_func_r(int, -ENOTSUP, object, get_interface, 0, type, iface);
      |                ^~~~~~~~~~~~~~
/usr/include/spa-0.2/spa/support/plugin.h: In function 'int spa_handle_clear(spa_handle*)':
/usr/include/spa-0.2/spa/utils/hook.h:263:1: warning: ISO C++ forbids braced-groups within expressions [-Wpedantic]
  263 | ({                                                                      \
      | ^
/usr/include/spa-0.2/spa/support/plugin.h:74:16: note: in expansion of macro 'spa_api_func_r'
   74 |         return spa_api_func_r(int, -ENOTSUP, object, clear, 0);
      |                ^~~~~~~~~~~~~~
/usr/include/spa-0.2/spa/support/plugin.h: In function 'size_t spa_handle_factory_get_size(const spa_handle_factory*, const spa_dict*)':
/usr/include/spa-0.2/spa/utils/hook.h:263:1: warning: ISO C++ forbids braced-groups within expressions [-Wpedantic]
  263 | ({                                                                      \
      | ^
/usr/include/spa-0.2/spa/support/plugin.h:185:16: note: in expansion of macro 'spa_api_func_r'
  185 |         return spa_api_func_r(size_t, 0, object, get_size, 1, params);
      |                ^~~~~~~~~~~~~~
/usr/include/spa-0.2/spa/support/plugin.h: In function 'int spa_handle_factory_init(const spa_handle_factory*, spa_handle*, const spa_dict*, const spa_support*, uint32_t)':
/usr/include/spa-0.2/spa/utils/hook.h:263:1: warning: ISO C++ forbids braced-groups within expressions [-Wpedantic]
  263 | ({                                                                      \
      | ^
/usr/include/spa-0.2/spa/support/plugin.h:192:16: note: in expansion of macro 'spa_api_func_r'
  192 |         return spa_api_func_r(int, -ENOTSUP, object, init, 1, handle, info,
      |                ^~~~~~~~~~~~~~
/usr/include/spa-0.2/spa/support/plugin.h: In function 'int spa_handle_factory_enum_interface_info(const spa_handle_factory*, const spa_interface_info**, uint32_t*)':
/usr/include/spa-0.2/spa/utils/hook.h:263:1: warning: ISO C++ forbids braced-groups within expressions [-Wpedantic]
  263 | ({                                                                      \
      | ^
/usr/include/spa-0.2/spa/support/plugin.h:199:16: note: in expansion of macro 'spa_api_func_r'
  199 |         return spa_api_func_r(int, -ENOTSUP, object, enum_interface_info, 1,
      |                ^~~~~~~~~~~~~~
In file included from /usr/include/spa-0.2/spa/utils/hook.h:8:
/usr/include/pipewire-0.3/pipewire/array.h: In function 'int pw_array_ensure_size(pw_array*, size_t)':
/usr/include/spa-0.2/spa/utils/defs.h:287:1: warning: ISO C++ forbids braced-groups within expressions [-Wpedantic]
  287 | ({                                              \
      | ^
/usr/include/pipewire-0.3/pipewire/array.h:120:25: note: in expansion of macro 'SPA_ROUND_UP'
  120 |                 alloc = SPA_ROUND_UP(need, arr->extend);
      |                         ^~~~~~~~~~~~
/usr/include/spa-0.2/spa/utils/string.h: In function 'int spa_strbuf_append(spa_strbuf*, const char*, ...)':
/usr/include/spa-0.2/spa/utils/defs.h:147:1: warning: ISO C++ forbids braced-groups within expressions [-Wpedantic]
  147 | ({                                                      \
      | ^
/usr/include/spa-0.2/spa/utils/string.h:393:29: note: in expansion of macro 'SPA_MIN'
  393 |                 buf->pos += SPA_MIN(remain, (size_t)written);
      |                             ^~~~~~~
/usr/include/pipewire-0.3/pipewire/core.h: In function 'int pw_core_add_listener(pw_core*, spa_hook*, const pw_core_events*, void*)':
/usr/include/spa-0.2/spa/utils/hook.h:281:1: warning: ISO C++ forbids braced-groups within expressions [-Wpedantic]
  281 | ({                                                                      \
      | ^
/usr/include/pipewire-0.3/pipewire/core.h:354:16: note: in expansion of macro 'spa_api_method_r'
  354 |         return spa_api_method_r(int, -ENOTSUP,
      |                ^~~~~~~~~~~~~~~~
/usr/include/spa-0.2/spa/utils/hook.h:207:1: warning: ISO C++ forbids braced-groups within expressions [-Wpedantic]
  207 | ({                                                                              \
      | ^
/usr/include/spa-0.2/spa/utils/hook.h:251:9: note: in expansion of macro 'spa_callbacks_call_res'
  251 |         spa_callbacks_call_res(&(iface)->cb,method_type,res,method,vers,##__VA_ARGS__)
      |         ^~~~~~~~~~~~~~~~~~~~~~
/usr/include/spa-0.2/spa/utils/hook.h:284:9: note: in expansion of macro 'spa_interface_call_res'
  284 |         spa_interface_call_res(_i, struct type ##_methods,              \
      |         ^~~~~~~~~~~~~~~~~~~~~~
/usr/include/pipewire-0.3/pipewire/core.h:354:16: note: in expansion of macro 'spa_api_method_r'
  354 |         return spa_api_method_r(int, -ENOTSUP,
      |                ^~~~~~~~~~~~~~~~
/usr/include/pipewire-0.3/pipewire/core.h: In function 'int pw_core_hello(pw_core*, uint32_t)':
/usr/include/spa-0.2/spa/utils/hook.h:281:1: warning: ISO C++ forbids braced-groups within expressions [-Wpedantic]
  281 | ({                                                                      \
      | ^
/usr/include/pipewire-0.3/pipewire/core.h:362:16: note: in expansion of macro 'spa_api_method_r'
  362 |         return spa_api_method_r(int, -ENOTSUP,
      |                ^~~~~~~~~~~~~~~~
/usr/include/spa-0.2/spa/utils/hook.h:207:1: warning: ISO C++ forbids braced-groups within expressions [-Wpedantic]
  207 | ({                                                                              \
      | ^
/usr/include/spa-0.2/spa/utils/hook.h:251:9: note: in expansion of macro 'spa_callbacks_call_res'
  251 |         spa_callbacks_call_res(&(iface)->cb,method_type,res,method,vers,##__VA_ARGS__)
      |         ^~~~~~~~~~~~~~~~~~~~~~
/usr/include/spa-0.2/spa/utils/hook.h:284:9: note: in expansion of macro 'spa_interface_call_res'
  284 |         spa_interface_call_res(_i, struct type ##_methods,              \
      |         ^~~~~~~~~~~~~~~~~~~~~~
/usr/include/pipewire-0.3/pipewire/core.h:362:16: note: in expansion of macro 'spa_api_method_r'
  362 |         return spa_api_method_r(int, -ENOTSUP,
      |                ^~~~~~~~~~~~~~~~
/usr/include/pipewire-0.3/pipewire/core.h: In function 'int pw_core_sync(pw_core*, uint32_t, int)':
/usr/include/spa-0.2/spa/utils/hook.h:281:1: warning: ISO C++ forbids braced-groups within expressions [-Wpedantic]
  281 | ({                                                                      \
      | ^
/usr/include/pipewire-0.3/pipewire/core.h:370:16: note: in expansion of macro 'spa_api_method_r'
  370 |         return spa_api_method_r(int, -ENOTSUP,
      |                ^~~~~~~~~~~~~~~~
/usr/include/spa-0.2/spa/utils/hook.h:207:1: warning: ISO C++ forbids braced-groups within expressions [-Wpedantic]
  207 | ({                                                                              \
      | ^
/usr/include/spa-0.2/spa/utils/hook.h:251:9: note: in expansion of macro 'spa_callbacks_call_res'
  251 |         spa_callbacks_call_res(&(iface)->cb,method_type,res,method,vers,##__VA_ARGS__)
      |         ^~~~~~~~~~~~~~~~~~~~~~
/usr/include/spa-0.2/spa/utils/hook.h:284:9: note: in expansion of macro 'spa_interface_call_res'
  284 |         spa_interface_call_res(_i, struct type ##_methods,              \
      |         ^~~~~~~~~~~~~~~~~~~~~~
/usr/include/pipewire-0.3/pipewire/core.h:370:16: note: in expansion of macro 'spa_api_method_r'
  370 |         return spa_api_method_r(int, -ENOTSUP,
      |                ^~~~~~~~~~~~~~~~
/usr/include/pipewire-0.3/pipewire/core.h: In function 'int pw_core_pong(pw_core*, uint32_t, int)':
/usr/include/spa-0.2/spa/utils/hook.h:281:1: warning: ISO C++ forbids braced-groups within expressions [-Wpedantic]
  281 | ({                                                                      \
      | ^
/usr/include/pipewire-0.3/pipewire/core.h:378:16: note: in expansion of macro 'spa_api_method_r'
  378 |         return spa_api_method_r(int, -ENOTSUP,
      |                ^~~~~~~~~~~~~~~~
/usr/include/spa-0.2/spa/utils/hook.h:207:1: warning: ISO C++ forbids braced-groups within expressions [-Wpedantic]
  207 | ({                                                                              \
      | ^
/usr/include/spa-0.2/spa/utils/hook.h:251:9: note: in expansion of macro 'spa_callbacks_call_res'
  251 |         spa_callbacks_call_res(&(iface)->cb,method_type,res,method,vers,##__VA_ARGS__)
      |         ^~~~~~~~~~~~~~~~~~~~~~
/usr/include/spa-0.2/spa/utils/hook.h:284:9: note: in expansion of macro 'spa_interface_call_res'
  284 |         spa_interface_call_res(_i, struct type ##_methods,              \
      |         ^~~~~~~~~~~~~~~~~~~~~~
/usr/include/pipewire-0.3/pipewire/core.h:378:16: note: in expansion of macro 'spa_api_method_r'
  378 |         return spa_api_method_r(int, -ENOTSUP,
      |                ^~~~~~~~~~~~~~~~
/usr/include/pipewire-0.3/pipewire/core.h: In function 'int pw_core_error(pw_core*, uint32_t, int, int, const char*)':
/usr/include/spa-0.2/spa/utils/hook.h:281:1: warning: ISO C++ forbids braced-groups within expressions [-Wpedantic]
  281 | ({                                                                      \
      | ^
/usr/include/pipewire-0.3/pipewire/core.h:386:16: note: in expansion of macro 'spa_api_method_r'
  386 |         return spa_api_method_r(int, -ENOTSUP,
      |                ^~~~~~~~~~~~~~~~
/usr/include/spa-0.2/spa/utils/hook.h:207:1: warning: ISO C++ forbids braced-groups within expressions [-Wpedantic]
  207 | ({                                                                              \
      | ^
/usr/include/spa-0.2/spa/utils/hook.h:251:9: note: in expansion of macro 'spa_callbacks_call_res'
  251 |         spa_callbacks_call_res(&(iface)->cb,method_type,res,method,vers,##__VA_ARGS__)
      |         ^~~~~~~~~~~~~~~~~~~~~~
/usr/include/spa-0.2/spa/utils/hook.h:284:9: note: in expansion of macro 'spa_interface_call_res'
  284 |         spa_interface_call_res(_i, struct type ##_methods,              \
      |         ^~~~~~~~~~~~~~~~~~~~~~
/usr/include/pipewire-0.3/pipewire/core.h:386:16: note: in expansion of macro 'spa_api_method_r'
  386 |         return spa_api_method_r(int, -ENOTSUP,
      |                ^~~~~~~~~~~~~~~~
/usr/include/pipewire-0.3/pipewire/core.h: In function 'pw_registry* pw_core_get_registry(pw_core*, uint32_t, size_t)':
/usr/include/spa-0.2/spa/utils/hook.h:281:1: warning: ISO C++ forbids braced-groups within expressions [-Wpedantic]
  281 | ({                                                                      \
      | ^
/usr/include/pipewire-0.3/pipewire/core.h:419:16: note: in expansion of macro 'spa_api_method_r'
  419 |         return spa_api_method_r(struct pw_registry*, NULL,
      |                ^~~~~~~~~~~~~~~~
/usr/include/spa-0.2/spa/utils/hook.h:207:1: warning: ISO C++ forbids braced-groups within expressions [-Wpedantic]
  207 | ({                                                                              \
      | ^
/usr/include/spa-0.2/spa/utils/hook.h:251:9: note: in expansion of macro 'spa_callbacks_call_res'
  251 |         spa_callbacks_call_res(&(iface)->cb,method_type,res,method,vers,##__VA_ARGS__)
      |         ^~~~~~~~~~~~~~~~~~~~~~
/usr/include/spa-0.2/spa/utils/hook.h:284:9: note: in expansion of macro 'spa_interface_call_res'
  284 |         spa_interface_call_res(_i, struct type ##_methods,              \
      |         ^~~~~~~~~~~~~~~~~~~~~~
/usr/include/pipewire-0.3/pipewire/core.h:419:16: note: in expansion of macro 'spa_api_method_r'
  419 |         return spa_api_method_r(struct pw_registry*, NULL,
      |                ^~~~~~~~~~~~~~~~
/usr/include/pipewire-0.3/pipewire/core.h: In function 'void* pw_core_create_object(pw_core*, const char*, const char*, uint32_t, const spa_dict*, size_t)':
/usr/include/spa-0.2/spa/utils/hook.h:281:1: warning: ISO C++ forbids braced-groups within expressions [-Wpedantic]
  281 | ({                                                                      \
      | ^
/usr/include/pipewire-0.3/pipewire/core.h:433:16: note: in expansion of macro 'spa_api_method_r'
  433 |         return spa_api_method_r(void*, NULL,
      |                ^~~~~~~~~~~~~~~~
/usr/include/spa-0.2/spa/utils/hook.h:207:1: warning: ISO C++ forbids braced-groups within expressions [-Wpedantic]
  207 | ({                                                                              \
      | ^
/usr/include/spa-0.2/spa/utils/hook.h:251:9: note: in expansion of macro 'spa_callbacks_call_res'
  251 |         spa_callbacks_call_res(&(iface)->cb,method_type,res,method,vers,##__VA_ARGS__)
      |         ^~~~~~~~~~~~~~~~~~~~~~
/usr/include/spa-0.2/spa/utils/hook.h:284:9: note: in expansion of macro 'spa_interface_call_res'
  284 |         spa_interface_call_res(_i, struct type ##_methods,              \
      |         ^~~~~~~~~~~~~~~~~~~~~~
/usr/include/pipewire-0.3/pipewire/core.h:433:16: note: in expansion of macro 'spa_api_method_r'
  433 |         return spa_api_method_r(void*, NULL,
      |                ^~~~~~~~~~~~~~~~
/usr/include/pipewire-0.3/pipewire/core.h: In function 'void pw_core_destroy(pw_core*, void*)':
/usr/include/spa-0.2/spa/utils/hook.h:275:1: warning: ISO C++ forbids braced-groups within expressions [-Wpedantic]
  275 | ({                                                                      \
      | ^
/usr/include/pipewire-0.3/pipewire/core.h:442:9: note: in expansion of macro 'spa_api_method_v'
  442 |         spa_api_method_v(pw_core, (struct spa_interface*)core, destroy, 0,
      |         ^~~~~~~~~~~~~~~~
/usr/include/spa-0.2/spa/utils/hook.h:165:1: warning: ISO C++ forbids braced-groups within expressions [-Wpedantic]
  165 | ({                                                                              \
      | ^
/usr/include/spa-0.2/spa/utils/hook.h:238:9: note: in expansion of macro 'spa_callbacks_call'
  238 |         spa_callbacks_call(&(iface)->cb,method_type,method,vers,##__VA_ARGS__)
      |         ^~~~~~~~~~~~~~~~~~
/usr/include/spa-0.2/spa/utils/hook.h:277:9: note: in expansion of macro 'spa_interface_call'
  277 |         spa_interface_call(_i, struct type ##_methods,                  \
      |         ^~~~~~~~~~~~~~~~~~
/usr/include/pipewire-0.3/pipewire/core.h:442:9: note: in expansion of macro 'spa_api_method_v'
  442 |         spa_api_method_v(pw_core, (struct spa_interface*)core, destroy, 0,
      |         ^~~~~~~~~~~~~~~~
/usr/include/pipewire-0.3/pipewire/core.h: In function 'int pw_registry_add_listener(pw_registry*, spa_hook*, const pw_registry_events*, void*)':
/usr/include/spa-0.2/spa/utils/hook.h:281:1: warning: ISO C++ forbids braced-groups within expressions [-Wpedantic]
  281 | ({                                                                      \
      | ^
/usr/include/pipewire-0.3/pipewire/core.h:569:16: note: in expansion of macro 'spa_api_method_r'
  569 |         return spa_api_method_r(int, -ENOTSUP,
      |                ^~~~~~~~~~~~~~~~
/usr/include/spa-0.2/spa/utils/hook.h:207:1: warning: ISO C++ forbids braced-groups within expressions [-Wpedantic]
  207 | ({                                                                              \
      | ^
/usr/include/spa-0.2/spa/utils/hook.h:251:9: note: in expansion of macro 'spa_callbacks_call_res'
  251 |         spa_callbacks_call_res(&(iface)->cb,method_type,res,method,vers,##__VA_ARGS__)
      |         ^~~~~~~~~~~~~~~~~~~~~~
/usr/include/spa-0.2/spa/utils/hook.h:284:9: note: in expansion of macro 'spa_interface_call_res'
  284 |         spa_interface_call_res(_i, struct type ##_methods,              \
      |         ^~~~~~~~~~~~~~~~~~~~~~
/usr/include/pipewire-0.3/pipewire/core.h:569:16: note: in expansion of macro 'spa_api_method_r'
  569 |         return spa_api_method_r(int, -ENOTSUP,
      |                ^~~~~~~~~~~~~~~~
/usr/include/pipewire-0.3/pipewire/core.h: In function 'void* pw_registry_bind(pw_registry*, uint32_t, const char*, uint32_t, size_t)':
/usr/include/spa-0.2/spa/utils/hook.h:281:1: warning: ISO C++ forbids braced-groups within expressions [-Wpedantic]
  281 | ({                                                                      \
      | ^
/usr/include/pipewire-0.3/pipewire/core.h:580:16: note: in expansion of macro 'spa_api_method_r'
  580 |         return spa_api_method_r(void*, NULL,
      |                ^~~~~~~~~~~~~~~~
/usr/include/spa-0.2/spa/utils/hook.h:207:1: warning: ISO C++ forbids braced-groups within expressions [-Wpedantic]
  207 | ({                                                                              \
      | ^
/usr/include/spa-0.2/spa/utils/hook.h:251:9: note: in expansion of macro 'spa_callbacks_call_res'
  251 |         spa_callbacks_call_res(&(iface)->cb,method_type,res,method,vers,##__VA_ARGS__)
      |         ^~~~~~~~~~~~~~~~~~~~~~
/usr/include/spa-0.2/spa/utils/hook.h:284:9: note: in expansion of macro 'spa_interface_call_res'
  284 |         spa_interface_call_res(_i, struct type ##_methods,              \
      |         ^~~~~~~~~~~~~~~~~~~~~~
/usr/include/pipewire-0.3/pipewire/core.h:580:16: note: in expansion of macro 'spa_api_method_r'
  580 |         return spa_api_method_r(void*, NULL,
      |                ^~~~~~~~~~~~~~~~
/usr/include/pipewire-0.3/pipewire/core.h: In function 'int pw_registry_destroy(pw_registry*, uint32_t)':
/usr/include/spa-0.2/spa/utils/hook.h:281:1: warning: ISO C++ forbids braced-groups within expressions [-Wpedantic]
  281 | ({                                                                      \
      | ^
/usr/include/pipewire-0.3/pipewire/core.h:589:16: note: in expansion of macro 'spa_api_method_r'
  589 |         return spa_api_method_r(int, -ENOTSUP,
      |                ^~~~~~~~~~~~~~~~
/usr/include/spa-0.2/spa/utils/hook.h:207:1: warning: ISO C++ forbids braced-groups within expressions [-Wpedantic]
  207 | ({                                                                              \
      | ^
/usr/include/spa-0.2/spa/utils/hook.h:251:9: note: in expansion of macro 'spa_callbacks_call_res'
  251 |         spa_callbacks_call_res(&(iface)->cb,method_type,res,method,vers,##__VA_ARGS__)
      |         ^~~~~~~~~~~~~~~~~~~~~~
/usr/include/spa-0.2/spa/utils/hook.h:284:9: note: in expansion of macro 'spa_interface_call_res'
  284 |         spa_interface_call_res(_i, struct type ##_methods,              \
      |         ^~~~~~~~~~~~~~~~~~~~~~
/usr/include/pipewire-0.3/pipewire/core.h:589:16: note: in expansion of macro 'spa_api_method_r'
  589 |         return spa_api_method_r(int, -ENOTSUP,
      |                ^~~~~~~~~~~~~~~~
/usr/include/spa-0.2/spa/support/system.h: In function 'ssize_t spa_system_read(spa_system*, int, void*, size_t)':
/usr/include/spa-0.2/spa/utils/hook.h:315:1: warning: ISO C++ forbids braced-groups within expressions [-Wpedantic]
  315 | ({                                                                      \
      | ^
/usr/include/spa-0.2/spa/support/system.h:111:16: note: in expansion of macro 'spa_api_method_fast_r'
  111 |         return spa_api_method_fast_r(ssize_t, -ENOTSUP, spa_system, &object->iface, read, 0, fd, buf, count);
      |                ^~~~~~~~~~~~~~~~~~~~~
/usr/include/spa-0.2/spa/utils/hook.h:214:1: warning: ISO C++ forbids braced-groups within expressions [-Wpedantic]
  214 | ({                                                                              \
      | ^
/usr/include/spa-0.2/spa/utils/hook.h:254:9: note: in expansion of macro 'spa_callbacks_call_fast_res'
  254 |         spa_callbacks_call_fast_res(&(iface)->cb,method_type,res,method,vers,##__VA_ARGS__)
      |         ^~~~~~~~~~~~~~~~~~~~~~~~~~~
/usr/include/spa-0.2/spa/utils/hook.h:318:9: note: in expansion of macro 'spa_interface_call_fast_res'
  318 |         spa_interface_call_fast_res(_i, struct type ##_methods,         \
      |         ^~~~~~~~~~~~~~~~~~~~~~~~~~~
/usr/include/spa-0.2/spa/support/system.h:111:16: note: in expansion of macro 'spa_api_method_fast_r'
  111 |         return spa_api_method_fast_r(ssize_t, -ENOTSUP, spa_system, &object->iface, read, 0, fd, buf, count);
      |                ^~~~~~~~~~~~~~~~~~~~~
/usr/include/spa-0.2/spa/support/system.h: In function 'ssize_t spa_system_write(spa_system*, int, const void*, size_t)':
/usr/include/spa-0.2/spa/utils/hook.h:315:1: warning: ISO C++ forbids braced-groups within expressions [-Wpedantic]
  315 | ({                                                                      \
      | ^
/usr/include/spa-0.2/spa/support/system.h:115:16: note: in expansion of macro 'spa_api_method_fast_r'
  115 |         return spa_api_method_fast_r(ssize_t, -ENOTSUP, spa_system, &object->iface, write, 0, fd, buf, count);
      |                ^~~~~~~~~~~~~~~~~~~~~
/usr/include/spa-0.2/spa/utils/hook.h:214:1: warning: ISO C++ forbids braced-groups within expressions [-Wpedantic]
  214 | ({                                                                              \
      | ^
/usr/include/spa-0.2/spa/utils/hook.h:254:9: note: in expansion of macro 'spa_callbacks_call_fast_res'
  254 |         spa_callbacks_call_fast_res(&(iface)->cb,method_type,res,method,vers,##__VA_ARGS__)
      |         ^~~~~~~~~~~~~~~~~~~~~~~~~~~
/usr/include/spa-0.2/spa/utils/hook.h:318:9: note: in expansion of macro 'spa_interface_call_fast_res'
  318 |         spa_interface_call_fast_res(_i, struct type ##_methods,         \
      |         ^~~~~~~~~~~~~~~~~~~~~~~~~~~
/usr/include/spa-0.2/spa/support/system.h:115:16: note: in expansion of macro 'spa_api_method_fast_r'
  115 |         return spa_api_method_fast_r(ssize_t, -ENOTSUP, spa_system, &object->iface, write, 0, fd, buf, count);
      |                ^~~~~~~~~~~~~~~~~~~~~
/usr/include/spa-0.2/spa/support/system.h: In function 'int spa_system_close(spa_system*, int)':
/usr/include/spa-0.2/spa/utils/hook.h:315:1: warning: ISO C++ forbids braced-groups within expressions [-Wpedantic]
  315 | ({                                                                      \
      | ^
/usr/include/spa-0.2/spa/support/system.h:122:16: note: in expansion of macro 'spa_api_method_fast_r'
  122 |         return spa_api_method_fast_r(int, -ENOTSUP, spa_system, &object->iface, close, 0, fd);
      |                ^~~~~~~~~~~~~~~~~~~~~
/usr/include/spa-0.2/spa/utils/hook.h:214:1: warning: ISO C++ forbids braced-groups within expressions [-Wpedantic]
  214 | ({                                                                              \
      | ^
/usr/include/spa-0.2/spa/utils/hook.h:254:9: note: in expansion of macro 'spa_callbacks_call_fast_res'
  254 |         spa_callbacks_call_fast_res(&(iface)->cb,method_type,res,method,vers,##__VA_ARGS__)
      |         ^~~~~~~~~~~~~~~~~~~~~~~~~~~
/usr/include/spa-0.2/spa/utils/hook.h:318:9: note: in expansion of macro 'spa_interface_call_fast_res'
  318 |         spa_interface_call_fast_res(_i, struct type ##_methods,         \
      |         ^~~~~~~~~~~~~~~~~~~~~~~~~~~
/usr/include/spa-0.2/spa/support/system.h:122:16: note: in expansion of macro 'spa_api_method_fast_r'
  122 |         return spa_api_method_fast_r(int, -ENOTSUP, spa_system, &object->iface, close, 0, fd);
      |                ^~~~~~~~~~~~~~~~~~~~~
/usr/include/spa-0.2/spa/support/system.h: In function 'int spa_system_clock_gettime(spa_system*, int, timespec*)':
/usr/include/spa-0.2/spa/utils/hook.h:315:1: warning: ISO C++ forbids braced-groups within expressions [-Wpedantic]
  315 | ({                                                                      \
      | ^
/usr/include/spa-0.2/spa/support/system.h:127:16: note: in expansion of macro 'spa_api_method_fast_r'
  127 |         return spa_api_method_fast_r(int, -ENOTSUP, spa_system, &object->iface, clock_gettime, 0, clockid, value);
      |                ^~~~~~~~~~~~~~~~~~~~~
/usr/include/spa-0.2/spa/utils/hook.h:214:1: warning: ISO C++ forbids braced-groups within expressions [-Wpedantic]
  214 | ({                                                                              \
      | ^
/usr/include/spa-0.2/spa/utils/hook.h:254:9: note: in expansion of macro 'spa_callbacks_call_fast_res'
  254 |         spa_callbacks_call_fast_res(&(iface)->cb,method_type,res,method,vers,##__VA_ARGS__)
      |         ^~~~~~~~~~~~~~~~~~~~~~~~~~~
/usr/include/spa-0.2/spa/utils/hook.h:318:9: note: in expansion of macro 'spa_interface_call_fast_res'
  318 |         spa_interface_call_fast_res(_i, struct type ##_methods,         \
      |         ^~~~~~~~~~~~~~~~~~~~~~~~~~~
/usr/include/spa-0.2/spa/support/system.h:127:16: note: in expansion of macro 'spa_api_method_fast_r'
  127 |         return spa_api_method_fast_r(int, -ENOTSUP, spa_system, &object->iface, clock_gettime, 0, clockid, value);
      |                ^~~~~~~~~~~~~~~~~~~~~
/usr/include/spa-0.2/spa/support/system.h: In function 'int spa_system_clock_getres(spa_system*, int, timespec*)':
/usr/include/spa-0.2/spa/utils/hook.h:315:1: warning: ISO C++ forbids braced-groups within expressions [-Wpedantic]
  315 | ({                                                                      \
      | ^
/usr/include/spa-0.2/spa/support/system.h:132:16: note: in expansion of macro 'spa_api_method_fast_r'
  132 |         return spa_api_method_fast_r(int, -ENOTSUP, spa_system, &object->iface, clock_getres, 0, clockid, res);
      |                ^~~~~~~~~~~~~~~~~~~~~
/usr/include/spa-0.2/spa/utils/hook.h:214:1: warning: ISO C++ forbids braced-groups within expressions [-Wpedantic]
  214 | ({                                                                              \
      | ^
/usr/include/spa-0.2/spa/utils/hook.h:254:9: note: in expansion of macro 'spa_callbacks_call_fast_res'
  254 |         spa_callbacks_call_fast_res(&(iface)->cb,method_type,res,method,vers,##__VA_ARGS__)
      |         ^~~~~~~~~~~~~~~~~~~~~~~~~~~
/usr/include/spa-0.2/spa/utils/hook.h:318:9: note: in expansion of macro 'spa_interface_call_fast_res'
  318 |         spa_interface_call_fast_res(_i, struct type ##_methods,         \
      |         ^~~~~~~~~~~~~~~~~~~~~~~~~~~
/usr/include/spa-0.2/spa/support/system.h:132:16: note: in expansion of macro 'spa_api_method_fast_r'
  132 |         return spa_api_method_fast_r(int, -ENOTSUP, spa_system, &object->iface, clock_getres, 0, clockid, res);
      |                ^~~~~~~~~~~~~~~~~~~~~
/usr/include/spa-0.2/spa/support/system.h: In function 'int spa_system_pollfd_create(spa_system*, int)':
/usr/include/spa-0.2/spa/utils/hook.h:315:1: warning: ISO C++ forbids braced-groups within expressions [-Wpedantic]
  315 | ({                                                                      \
      | ^
/usr/include/spa-0.2/spa/support/system.h:137:16: note: in expansion of macro 'spa_api_method_fast_r'
  137 |         return spa_api_method_fast_r(int, -ENOTSUP, spa_system, &object->iface, pollfd_create, 0, flags);
      |                ^~~~~~~~~~~~~~~~~~~~~
/usr/include/spa-0.2/spa/utils/hook.h:214:1: warning: ISO C++ forbids braced-groups within expressions [-Wpedantic]
  214 | ({                                                                              \
      | ^
/usr/include/spa-0.2/spa/utils/hook.h:254:9: note: in expansion of macro 'spa_callbacks_call_fast_res'
  254 |         spa_callbacks_call_fast_res(&(iface)->cb,method_type,res,method,vers,##__VA_ARGS__)
      |         ^~~~~~~~~~~~~~~~~~~~~~~~~~~
/usr/include/spa-0.2/spa/utils/hook.h:318:9: note: in expansion of macro 'spa_interface_call_fast_res'
  318 |         spa_interface_call_fast_res(_i, struct type ##_methods,         \
      |         ^~~~~~~~~~~~~~~~~~~~~~~~~~~
/usr/include/spa-0.2/spa/support/system.h:137:16: note: in expansion of macro 'spa_api_method_fast_r'
  137 |         return spa_api_method_fast_r(int, -ENOTSUP, spa_system, &object->iface, pollfd_create, 0, flags);
      |                ^~~~~~~~~~~~~~~~~~~~~
/usr/include/spa-0.2/spa/support/system.h: In function 'int spa_system_pollfd_add(spa_system*, int, int, uint32_t, void*)':
/usr/include/spa-0.2/spa/utils/hook.h:315:1: warning: ISO C++ forbids braced-groups within expressions [-Wpedantic]
  315 | ({                                                                      \
      | ^
/usr/include/spa-0.2/spa/support/system.h:141:16: note: in expansion of macro 'spa_api_method_fast_r'
  141 |         return spa_api_method_fast_r(int, -ENOTSUP, spa_system, &object->iface, pollfd_add, 0, pfd, fd, events, data);
      |                ^~~~~~~~~~~~~~~~~~~~~
/usr/include/spa-0.2/spa/utils/hook.h:214:1: warning: ISO C++ forbids braced-groups within expressions [-Wpedantic]
  214 | ({                                                                              \
      | ^
/usr/include/spa-0.2/spa/utils/hook.h:254:9: note: in expansion of macro 'spa_callbacks_call_fast_res'
  254 |         spa_callbacks_call_fast_res(&(iface)->cb,method_type,res,method,vers,##__VA_ARGS__)
      |         ^~~~~~~~~~~~~~~~~~~~~~~~~~~
/usr/include/spa-0.2/spa/utils/hook.h:318:9: note: in expansion of macro 'spa_interface_call_fast_res'
  318 |         spa_interface_call_fast_res(_i, struct type ##_methods,         \
      |         ^~~~~~~~~~~~~~~~~~~~~~~~~~~
/usr/include/spa-0.2/spa/support/system.h:141:16: note: in expansion of macro 'spa_api_method_fast_r'
  141 |         return spa_api_method_fast_r(int, -ENOTSUP, spa_system, &object->iface, pollfd_add, 0, pfd, fd, events, data);
      |                ^~~~~~~~~~~~~~~~~~~~~
/usr/include/spa-0.2/spa/support/system.h: In function 'int spa_system_pollfd_mod(spa_system*, int, int, uint32_t, void*)':
/usr/include/spa-0.2/spa/utils/hook.h:315:1: warning: ISO C++ forbids braced-groups within expressions [-Wpedantic]
  315 | ({                                                                      \
      | ^
/usr/include/spa-0.2/spa/support/system.h:145:16: note: in expansion of macro 'spa_api_method_fast_r'
  145 |         return spa_api_method_fast_r(int, -ENOTSUP, spa_system, &object->iface, pollfd_mod, 0, pfd, fd, events, data);
      |                ^~~~~~~~~~~~~~~~~~~~~
/usr/include/spa-0.2/spa/utils/hook.h:214:1: warning: ISO C++ forbids braced-groups within expressions [-Wpedantic]
  214 | ({                                                                              \
      | ^
/usr/include/spa-0.2/spa/utils/hook.h:254:9: note: in expansion of macro 'spa_callbacks_call_fast_res'
  254 |         spa_callbacks_call_fast_res(&(iface)->cb,method_type,res,method,vers,##__VA_ARGS__)
      |         ^~~~~~~~~~~~~~~~~~~~~~~~~~~
/usr/include/spa-0.2/spa/utils/hook.h:318:9: note: in expansion of macro 'spa_interface_call_fast_res'
  318 |         spa_interface_call_fast_res(_i, struct type ##_methods,         \
      |         ^~~~~~~~~~~~~~~~~~~~~~~~~~~
/usr/include/spa-0.2/spa/support/system.h:145:16: note: in expansion of macro 'spa_api_method_fast_r'
  145 |         return spa_api_method_fast_r(int, -ENOTSUP, spa_system, &object->iface, pollfd_mod, 0, pfd, fd, events, data);
      |                ^~~~~~~~~~~~~~~~~~~~~
/usr/include/spa-0.2/spa/support/system.h: In function 'int spa_system_pollfd_del(spa_system*, int, int)':
/usr/include/spa-0.2/spa/utils/hook.h:315:1: warning: ISO C++ forbids braced-groups within expressions [-Wpedantic]
  315 | ({                                                                      \
      | ^
/usr/include/spa-0.2/spa/support/system.h:149:16: note: in expansion of macro 'spa_api_method_fast_r'
  149 |         return spa_api_method_fast_r(int, -ENOTSUP, spa_system, &object->iface, pollfd_del, 0, pfd, fd);
      |                ^~~~~~~~~~~~~~~~~~~~~
/usr/include/spa-0.2/spa/utils/hook.h:214:1: warning: ISO C++ forbids braced-groups within expressions [-Wpedantic]
  214 | ({                                                                              \
      | ^
/usr/include/spa-0.2/spa/utils/hook.h:254:9: note: in expansion of macro 'spa_callbacks_call_fast_res'
  254 |         spa_callbacks_call_fast_res(&(iface)->cb,method_type,res,method,vers,##__VA_ARGS__)
      |         ^~~~~~~~~~~~~~~~~~~~~~~~~~~
/usr/include/spa-0.2/spa/utils/hook.h:318:9: note: in expansion of macro 'spa_interface_call_fast_res'
  318 |         spa_interface_call_fast_res(_i, struct type ##_methods,         \
      |         ^~~~~~~~~~~~~~~~~~~~~~~~~~~
/usr/include/spa-0.2/spa/support/system.h:149:16: note: in expansion of macro 'spa_api_method_fast_r'
  149 |         return spa_api_method_fast_r(int, -ENOTSUP, spa_system, &object->iface, pollfd_del, 0, pfd, fd);
      |                ^~~~~~~~~~~~~~~~~~~~~
/usr/include/spa-0.2/spa/support/system.h: In function 'int spa_system_pollfd_wait(spa_system*, int, spa_poll_event*, int, int)':
/usr/include/spa-0.2/spa/utils/hook.h:315:1: warning: ISO C++ forbids braced-groups within expressions [-Wpedantic]
  315 | ({                                                                      \
      | ^
/usr/include/spa-0.2/spa/support/system.h:154:16: note: in expansion of macro 'spa_api_method_fast_r'
  154 |         return spa_api_method_fast_r(int, -ENOTSUP, spa_system, &object->iface, pollfd_wait, 0, pfd, ev, n_ev, timeout);
      |                ^~~~~~~~~~~~~~~~~~~~~
/usr/include/spa-0.2/spa/utils/hook.h:214:1: warning: ISO C++ forbids braced-groups within expressions [-Wpedantic]
  214 | ({                                                                              \
      | ^
/usr/include/spa-0.2/spa/utils/hook.h:254:9: note: in expansion of macro 'spa_callbacks_call_fast_res'
  254 |         spa_callbacks_call_fast_res(&(iface)->cb,method_type,res,method,vers,##__VA_ARGS__)
      |         ^~~~~~~~~~~~~~~~~~~~~~~~~~~
/usr/include/spa-0.2/spa/utils/hook.h:318:9: note: in expansion of macro 'spa_interface_call_fast_res'
  318 |         spa_interface_call_fast_res(_i, struct type ##_methods,         \
      |         ^~~~~~~~~~~~~~~~~~~~~~~~~~~
/usr/include/spa-0.2/spa/support/system.h:154:16: note: in expansion of macro 'spa_api_method_fast_r'
  154 |         return spa_api_method_fast_r(int, -ENOTSUP, spa_system, &object->iface, pollfd_wait, 0, pfd, ev, n_ev, timeout);
      |                ^~~~~~~~~~~~~~~~~~~~~
/usr/include/spa-0.2/spa/support/system.h: In function 'int spa_system_timerfd_create(spa_system*, int, int)':
/usr/include/spa-0.2/spa/utils/hook.h:315:1: warning: ISO C++ forbids braced-groups within expressions [-Wpedantic]
  315 | ({                                                                      \
      | ^
/usr/include/spa-0.2/spa/support/system.h:159:16: note: in expansion of macro 'spa_api_method_fast_r'
  159 |         return spa_api_method_fast_r(int, -ENOTSUP, spa_system, &object->iface, timerfd_create, 0, clockid, flags);
      |                ^~~~~~~~~~~~~~~~~~~~~
/usr/include/spa-0.2/spa/utils/hook.h:214:1: warning: ISO C++ forbids braced-groups within expressions [-Wpedantic]
  214 | ({                                                                              \
      | ^
/usr/include/spa-0.2/spa/utils/hook.h:254:9: note: in expansion of macro 'spa_callbacks_call_fast_res'
  254 |         spa_callbacks_call_fast_res(&(iface)->cb,method_type,res,method,vers,##__VA_ARGS__)
      |         ^~~~~~~~~~~~~~~~~~~~~~~~~~~
/usr/include/spa-0.2/spa/utils/hook.h:318:9: note: in expansion of macro 'spa_interface_call_fast_res'
  318 |         spa_interface_call_fast_res(_i, struct type ##_methods,         \
      |         ^~~~~~~~~~~~~~~~~~~~~~~~~~~
/usr/include/spa-0.2/spa/support/system.h:159:16: note: in expansion of macro 'spa_api_method_fast_r'
  159 |         return spa_api_method_fast_r(int, -ENOTSUP, spa_system, &object->iface, timerfd_create, 0, clockid, flags);
      |                ^~~~~~~~~~~~~~~~~~~~~
/usr/include/spa-0.2/spa/support/system.h: In function 'int spa_system_timerfd_settime(spa_system*, int, int, const itimerspec*, itimerspec*)':
/usr/include/spa-0.2/spa/utils/hook.h:315:1: warning: ISO C++ forbids braced-groups within expressions [-Wpedantic]
  315 | ({                                                                      \
      | ^
/usr/include/spa-0.2/spa/support/system.h:167:16: note: in expansion of macro 'spa_api_method_fast_r'
  167 |         return spa_api_method_fast_r(int, -ENOTSUP, spa_system, &object->iface, timerfd_settime, 0,
      |                ^~~~~~~~~~~~~~~~~~~~~
/usr/include/spa-0.2/spa/utils/hook.h:214:1: warning: ISO C++ forbids braced-groups within expressions [-Wpedantic]
  214 | ({                                                                              \
      | ^
/usr/include/spa-0.2/spa/utils/hook.h:254:9: note: in expansion of macro 'spa_callbacks_call_fast_res'
  254 |         spa_callbacks_call_fast_res(&(iface)->cb,method_type,res,method,vers,##__VA_ARGS__)
      |         ^~~~~~~~~~~~~~~~~~~~~~~~~~~
/usr/include/spa-0.2/spa/utils/hook.h:318:9: note: in expansion of macro 'spa_interface_call_fast_res'
  318 |         spa_interface_call_fast_res(_i, struct type ##_methods,         \
      |         ^~~~~~~~~~~~~~~~~~~~~~~~~~~
/usr/include/spa-0.2/spa/support/system.h:167:16: note: in expansion of macro 'spa_api_method_fast_r'
  167 |         return spa_api_method_fast_r(int, -ENOTSUP, spa_system, &object->iface, timerfd_settime, 0,
      |                ^~~~~~~~~~~~~~~~~~~~~
/usr/include/spa-0.2/spa/support/system.h: In function 'int spa_system_timerfd_gettime(spa_system*, int, itimerspec*)':
/usr/include/spa-0.2/spa/utils/hook.h:315:1: warning: ISO C++ forbids braced-groups within expressions [-Wpedantic]
  315 | ({                                                                      \
      | ^
/usr/include/spa-0.2/spa/support/system.h:174:16: note: in expansion of macro 'spa_api_method_fast_r'
  174 |         return spa_api_method_fast_r(int, -ENOTSUP, spa_system, &object->iface, timerfd_gettime, 0,
      |                ^~~~~~~~~~~~~~~~~~~~~
/usr/include/spa-0.2/spa/utils/hook.h:214:1: warning: ISO C++ forbids braced-groups within expressions [-Wpedantic]
  214 | ({                                                                              \
      | ^
/usr/include/spa-0.2/spa/utils/hook.h:254:9: note: in expansion of macro 'spa_callbacks_call_fast_res'
  254 |         spa_callbacks_call_fast_res(&(iface)->cb,method_type,res,method,vers,##__VA_ARGS__)
      |         ^~~~~~~~~~~~~~~~~~~~~~~~~~~
/usr/include/spa-0.2/spa/utils/hook.h:318:9: note: in expansion of macro 'spa_interface_call_fast_res'
  318 |         spa_interface_call_fast_res(_i, struct type ##_methods,         \
      |         ^~~~~~~~~~~~~~~~~~~~~~~~~~~
/usr/include/spa-0.2/spa/support/system.h:174:16: note: in expansion of macro 'spa_api_method_fast_r'
  174 |         return spa_api_method_fast_r(int, -ENOTSUP, spa_system, &object->iface, timerfd_gettime, 0,
      |                ^~~~~~~~~~~~~~~~~~~~~
/usr/include/spa-0.2/spa/support/system.h: In function 'int spa_system_timerfd_read(spa_system*, int, uint64_t*)':
/usr/include/spa-0.2/spa/utils/hook.h:315:1: warning: ISO C++ forbids braced-groups within expressions [-Wpedantic]
  315 | ({                                                                      \
      | ^
/usr/include/spa-0.2/spa/support/system.h:179:16: note: in expansion of macro 'spa_api_method_fast_r'
  179 |         return spa_api_method_fast_r(int, -ENOTSUP, spa_system, &object->iface, timerfd_read, 0,
      |                ^~~~~~~~~~~~~~~~~~~~~
/usr/include/spa-0.2/spa/utils/hook.h:214:1: warning: ISO C++ forbids braced-groups within expressions [-Wpedantic]
  214 | ({                                                                              \
      | ^
/usr/include/spa-0.2/spa/utils/hook.h:254:9: note: in expansion of macro 'spa_callbacks_call_fast_res'
  254 |         spa_callbacks_call_fast_res(&(iface)->cb,method_type,res,method,vers,##__VA_ARGS__)
      |         ^~~~~~~~~~~~~~~~~~~~~~~~~~~
/usr/include/spa-0.2/spa/utils/hook.h:318:9: note: in expansion of macro 'spa_interface_call_fast_res'
  318 |         spa_interface_call_fast_res(_i, struct type ##_methods,         \
      |         ^~~~~~~~~~~~~~~~~~~~~~~~~~~
/usr/include/spa-0.2/spa/support/system.h:179:16: note: in expansion of macro 'spa_api_method_fast_r'
  179 |         return spa_api_method_fast_r(int, -ENOTSUP, spa_system, &object->iface, timerfd_read, 0,
      |                ^~~~~~~~~~~~~~~~~~~~~
/usr/include/spa-0.2/spa/support/system.h: In function 'int spa_system_eventfd_create(spa_system*, int)':
/usr/include/spa-0.2/spa/utils/hook.h:315:1: warning: ISO C++ forbids braced-groups within expressions [-Wpedantic]
  315 | ({                                                                      \
      | ^
/usr/include/spa-0.2/spa/support/system.h:185:16: note: in expansion of macro 'spa_api_method_fast_r'
  185 |         return spa_api_method_fast_r(int, -ENOTSUP, spa_system, &object->iface, eventfd_create, 0, flags);
      |                ^~~~~~~~~~~~~~~~~~~~~
/usr/include/spa-0.2/spa/utils/hook.h:214:1: warning: ISO C++ forbids braced-groups within expressions [-Wpedantic]
  214 | ({                                                                              \
      | ^
/usr/include/spa-0.2/spa/utils/hook.h:254:9: note: in expansion of macro 'spa_callbacks_call_fast_res'
  254 |         spa_callbacks_call_fast_res(&(iface)->cb,method_type,res,method,vers,##__VA_ARGS__)
      |         ^~~~~~~~~~~~~~~~~~~~~~~~~~~
/usr/include/spa-0.2/spa/utils/hook.h:318:9: note: in expansion of macro 'spa_interface_call_fast_res'
  318 |         spa_interface_call_fast_res(_i, struct type ##_methods,         \
      |         ^~~~~~~~~~~~~~~~~~~~~~~~~~~
/usr/include/spa-0.2/spa/support/system.h:185:16: note: in expansion of macro 'spa_api_method_fast_r'
  185 |         return spa_api_method_fast_r(int, -ENOTSUP, spa_system, &object->iface, eventfd_create, 0, flags);
      |                ^~~~~~~~~~~~~~~~~~~~~
/usr/include/spa-0.2/spa/support/system.h: In function 'int spa_system_eventfd_write(spa_system*, int, uint64_t)':
/usr/include/spa-0.2/spa/utils/hook.h:315:1: warning: ISO C++ forbids braced-groups within expressions [-Wpedantic]
  315 | ({                                                                      \
      | ^
/usr/include/spa-0.2/spa/support/system.h:189:16: note: in expansion of macro 'spa_api_method_fast_r'
  189 |         return spa_api_method_fast_r(int, -ENOTSUP, spa_system, &object->iface, eventfd_write, 0,
      |                ^~~~~~~~~~~~~~~~~~~~~
/usr/include/spa-0.2/spa/utils/hook.h:214:1: warning: ISO C++ forbids braced-groups within expressions [-Wpedantic]
  214 | ({                                                                              \
      | ^
/usr/include/spa-0.2/spa/utils/hook.h:254:9: note: in expansion of macro 'spa_callbacks_call_fast_res'
  254 |         spa_callbacks_call_fast_res(&(iface)->cb,method_type,res,method,vers,##__VA_ARGS__)
      |         ^~~~~~~~~~~~~~~~~~~~~~~~~~~
/usr/include/spa-0.2/spa/utils/hook.h:318:9: note: in expansion of macro 'spa_interface_call_fast_res'
  318 |         spa_interface_call_fast_res(_i, struct type ##_methods,         \
      |         ^~~~~~~~~~~~~~~~~~~~~~~~~~~
/usr/include/spa-0.2/spa/support/system.h:189:16: note: in expansion of macro 'spa_api_method_fast_r'
  189 |         return spa_api_method_fast_r(int, -ENOTSUP, spa_system, &object->iface, eventfd_write, 0,
      |                ^~~~~~~~~~~~~~~~~~~~~
/usr/include/spa-0.2/spa/support/system.h: In function 'int spa_system_eventfd_read(spa_system*, int, uint64_t*)':
/usr/include/spa-0.2/spa/utils/hook.h:315:1: warning: ISO C++ forbids braced-groups within expressions [-Wpedantic]
  315 | ({                                                                      \
      | ^
/usr/include/spa-0.2/spa/support/system.h:194:16: note: in expansion of macro 'spa_api_method_fast_r'
  194 |         return spa_api_method_fast_r(int, -ENOTSUP, spa_system, &object->iface, eventfd_read, 0,
      |                ^~~~~~~~~~~~~~~~~~~~~
/usr/include/spa-0.2/spa/utils/hook.h:214:1: warning: ISO C++ forbids braced-groups within expressions [-Wpedantic]
  214 | ({                                                                              \
      | ^
/usr/include/spa-0.2/spa/utils/hook.h:254:9: note: in expansion of macro 'spa_callbacks_call_fast_res'
  254 |         spa_callbacks_call_fast_res(&(iface)->cb,method_type,res,method,vers,##__VA_ARGS__)
      |         ^~~~~~~~~~~~~~~~~~~~~~~~~~~
/usr/include/spa-0.2/spa/utils/hook.h:318:9: note: in expansion of macro 'spa_interface_call_fast_res'
  318 |         spa_interface_call_fast_res(_i, struct type ##_methods,         \
      |         ^~~~~~~~~~~~~~~~~~~~~~~~~~~
/usr/include/spa-0.2/spa/support/system.h:194:16: note: in expansion of macro 'spa_api_method_fast_r'
  194 |         return spa_api_method_fast_r(int, -ENOTSUP, spa_system, &object->iface, eventfd_read, 0,
      |                ^~~~~~~~~~~~~~~~~~~~~
/usr/include/spa-0.2/spa/support/system.h: In function 'int spa_system_signalfd_create(spa_system*, int, int)':
/usr/include/spa-0.2/spa/utils/hook.h:315:1: warning: ISO C++ forbids braced-groups within expressions [-Wpedantic]
  315 | ({                                                                      \
      | ^
/usr/include/spa-0.2/spa/support/system.h:200:16: note: in expansion of macro 'spa_api_method_fast_r'
  200 |         return spa_api_method_fast_r(int, -ENOTSUP, spa_system, &object->iface, signalfd_create, 0,
      |                ^~~~~~~~~~~~~~~~~~~~~
/usr/include/spa-0.2/spa/utils/hook.h:214:1: warning: ISO C++ forbids braced-groups within expressions [-Wpedantic]
  214 | ({                                                                              \
      | ^
/usr/include/spa-0.2/spa/utils/hook.h:254:9: note: in expansion of macro 'spa_callbacks_call_fast_res'
  254 |         spa_callbacks_call_fast_res(&(iface)->cb,method_type,res,method,vers,##__VA_ARGS__)
      |         ^~~~~~~~~~~~~~~~~~~~~~~~~~~
/usr/include/spa-0.2/spa/utils/hook.h:318:9: note: in expansion of macro 'spa_interface_call_fast_res'
  318 |         spa_interface_call_fast_res(_i, struct type ##_methods,         \
      |         ^~~~~~~~~~~~~~~~~~~~~~~~~~~
/usr/include/spa-0.2/spa/support/system.h:200:16: note: in expansion of macro 'spa_api_method_fast_r'
  200 |         return spa_api_method_fast_r(int, -ENOTSUP, spa_system, &object->iface, signalfd_create, 0,
      |                ^~~~~~~~~~~~~~~~~~~~~
/usr/include/spa-0.2/spa/support/system.h: In function 'int spa_system_signalfd_read(spa_system*, int, int*)':
/usr/include/spa-0.2/spa/utils/hook.h:315:1: warning: ISO C++ forbids braced-groups within expressions [-Wpedantic]
  315 | ({                                                                      \
      | ^
/usr/include/spa-0.2/spa/support/system.h:206:16: note: in expansion of macro 'spa_api_method_fast_r'
  206 |         return spa_api_method_fast_r(int, -ENOTSUP, spa_system, &object->iface, signalfd_read, 0,
      |                ^~~~~~~~~~~~~~~~~~~~~
/usr/include/spa-0.2/spa/utils/hook.h:214:1: warning: ISO C++ forbids braced-groups within expressions [-Wpedantic]
  214 | ({                                                                              \
      | ^
/usr/include/spa-0.2/spa/utils/hook.h:254:9: note: in expansion of macro 'spa_callbacks_call_fast_res'
  254 |         spa_callbacks_call_fast_res(&(iface)->cb,method_type,res,method,vers,##__VA_ARGS__)
      |         ^~~~~~~~~~~~~~~~~~~~~~~~~~~
/usr/include/spa-0.2/spa/utils/hook.h:318:9: note: in expansion of macro 'spa_interface_call_fast_res'
  318 |         spa_interface_call_fast_res(_i, struct type ##_methods,         \
      |         ^~~~~~~~~~~~~~~~~~~~~~~~~~~
/usr/include/spa-0.2/spa/support/system.h:206:16: note: in expansion of macro 'spa_api_method_fast_r'
  206 |         return spa_api_method_fast_r(int, -ENOTSUP, spa_system, &object->iface, signalfd_read, 0,
      |                ^~~~~~~~~~~~~~~~~~~~~
/usr/include/spa-0.2/spa/support/loop.h: In function 'int spa_loop_add_source(spa_loop*, spa_source*)':
/usr/include/spa-0.2/spa/utils/hook.h:281:1: warning: ISO C++ forbids braced-groups within expressions [-Wpedantic]
  281 | ({                                                                      \
      | ^
/usr/include/spa-0.2/spa/support/loop.h:162:16: note: in expansion of macro 'spa_api_method_r'
  162 |         return spa_api_method_r(int, -ENOTSUP,
      |                ^~~~~~~~~~~~~~~~
/usr/include/spa-0.2/spa/utils/hook.h:207:1: warning: ISO C++ forbids braced-groups within expressions [-Wpedantic]
  207 | ({                                                                              \
      | ^
/usr/include/spa-0.2/spa/utils/hook.h:251:9: note: in expansion of macro 'spa_callbacks_call_res'
  251 |         spa_callbacks_call_res(&(iface)->cb,method_type,res,method,vers,##__VA_ARGS__)
      |         ^~~~~~~~~~~~~~~~~~~~~~
/usr/include/spa-0.2/spa/utils/hook.h:284:9: note: in expansion of macro 'spa_interface_call_res'
  284 |         spa_interface_call_res(_i, struct type ##_methods,              \
      |         ^~~~~~~~~~~~~~~~~~~~~~
/usr/include/spa-0.2/spa/support/loop.h:162:16: note: in expansion of macro 'spa_api_method_r'
  162 |         return spa_api_method_r(int, -ENOTSUP,
      |                ^~~~~~~~~~~~~~~~
/usr/include/spa-0.2/spa/support/loop.h: In function 'int spa_loop_update_source(spa_loop*, spa_source*)':
/usr/include/spa-0.2/spa/utils/hook.h:281:1: warning: ISO C++ forbids braced-groups within expressions [-Wpedantic]
  281 | ({                                                                      \
      | ^
/usr/include/spa-0.2/spa/support/loop.h:167:16: note: in expansion of macro 'spa_api_method_r'
  167 |         return spa_api_method_r(int, -ENOTSUP,
      |                ^~~~~~~~~~~~~~~~
/usr/include/spa-0.2/spa/utils/hook.h:207:1: warning: ISO C++ forbids braced-groups within expressions [-Wpedantic]
  207 | ({                                                                              \
      | ^
/usr/include/spa-0.2/spa/utils/hook.h:251:9: note: in expansion of macro 'spa_callbacks_call_res'
  251 |         spa_callbacks_call_res(&(iface)->cb,method_type,res,method,vers,##__VA_ARGS__)
      |         ^~~~~~~~~~~~~~~~~~~~~~
/usr/include/spa-0.2/spa/utils/hook.h:284:9: note: in expansion of macro 'spa_interface_call_res'
  284 |         spa_interface_call_res(_i, struct type ##_methods,              \
      |         ^~~~~~~~~~~~~~~~~~~~~~
/usr/include/spa-0.2/spa/support/loop.h:167:16: note: in expansion of macro 'spa_api_method_r'
  167 |         return spa_api_method_r(int, -ENOTSUP,
      |                ^~~~~~~~~~~~~~~~
/usr/include/spa-0.2/spa/support/loop.h: In function 'int spa_loop_remove_source(spa_loop*, spa_source*)':
/usr/include/spa-0.2/spa/utils/hook.h:281:1: warning: ISO C++ forbids braced-groups within expressions [-Wpedantic]
  281 | ({                                                                      \
      | ^
/usr/include/spa-0.2/spa/support/loop.h:172:16: note: in expansion of macro 'spa_api_method_r'
  172 |         return spa_api_method_r(int, -ENOTSUP,
      |                ^~~~~~~~~~~~~~~~
/usr/include/spa-0.2/spa/utils/hook.h:207:1: warning: ISO C++ forbids braced-groups within expressions [-Wpedantic]
  207 | ({                                                                              \
      | ^
/usr/include/spa-0.2/spa/utils/hook.h:251:9: note: in expansion of macro 'spa_callbacks_call_res'
  251 |         spa_callbacks_call_res(&(iface)->cb,method_type,res,method,vers,##__VA_ARGS__)
      |         ^~~~~~~~~~~~~~~~~~~~~~
/usr/include/spa-0.2/spa/utils/hook.h:284:9: note: in expansion of macro 'spa_interface_call_res'
  284 |         spa_interface_call_res(_i, struct type ##_methods,              \
      |         ^~~~~~~~~~~~~~~~~~~~~~
/usr/include/spa-0.2/spa/support/loop.h:172:16: note: in expansion of macro 'spa_api_method_r'
  172 |         return spa_api_method_r(int, -ENOTSUP,
      |                ^~~~~~~~~~~~~~~~
/usr/include/spa-0.2/spa/support/loop.h: In function 'int spa_loop_invoke(spa_loop*, spa_invoke_func_t, uint32_t, const void*, size_t, bool, void*)':
/usr/include/spa-0.2/spa/utils/hook.h:281:1: warning: ISO C++ forbids braced-groups within expressions [-Wpedantic]
  281 | ({                                                                      \
      | ^
/usr/include/spa-0.2/spa/support/loop.h:179:16: note: in expansion of macro 'spa_api_method_r'
  179 |         return spa_api_method_r(int, -ENOTSUP,
      |                ^~~~~~~~~~~~~~~~
/usr/include/spa-0.2/spa/utils/hook.h:207:1: warning: ISO C++ forbids braced-groups within expressions [-Wpedantic]
  207 | ({                                                                              \
      | ^
/usr/include/spa-0.2/spa/utils/hook.h:251:9: note: in expansion of macro 'spa_callbacks_call_res'
  251 |         spa_callbacks_call_res(&(iface)->cb,method_type,res,method,vers,##__VA_ARGS__)
      |         ^~~~~~~~~~~~~~~~~~~~~~
/usr/include/spa-0.2/spa/utils/hook.h:284:9: note: in expansion of macro 'spa_interface_call_res'
  284 |         spa_interface_call_res(_i, struct type ##_methods,              \
      |         ^~~~~~~~~~~~~~~~~~~~~~
/usr/include/spa-0.2/spa/support/loop.h:179:16: note: in expansion of macro 'spa_api_method_r'
  179 |         return spa_api_method_r(int, -ENOTSUP,
      |                ^~~~~~~~~~~~~~~~
/usr/include/spa-0.2/spa/support/loop.h: In function 'int spa_loop_locked(spa_loop*, spa_invoke_func_t, uint32_t, const void*, size_t, void*)':
/usr/include/spa-0.2/spa/utils/hook.h:281:1: warning: ISO C++ forbids braced-groups within expressions [-Wpedantic]
  281 | ({                                                                      \
      | ^
/usr/include/spa-0.2/spa/support/loop.h:187:16: note: in expansion of macro 'spa_api_method_r'
  187 |         return spa_api_method_r(int, -ENOTSUP,
      |                ^~~~~~~~~~~~~~~~
/usr/include/spa-0.2/spa/utils/hook.h:207:1: warning: ISO C++ forbids braced-groups within expressions [-Wpedantic]
  207 | ({                                                                              \
      | ^
/usr/include/spa-0.2/spa/utils/hook.h:251:9: note: in expansion of macro 'spa_callbacks_call_res'
  251 |         spa_callbacks_call_res(&(iface)->cb,method_type,res,method,vers,##__VA_ARGS__)
      |         ^~~~~~~~~~~~~~~~~~~~~~
/usr/include/spa-0.2/spa/utils/hook.h:284:9: note: in expansion of macro 'spa_interface_call_res'
  284 |         spa_interface_call_res(_i, struct type ##_methods,              \
      |         ^~~~~~~~~~~~~~~~~~~~~~
/usr/include/spa-0.2/spa/support/loop.h:187:16: note: in expansion of macro 'spa_api_method_r'
  187 |         return spa_api_method_r(int, -ENOTSUP,
      |                ^~~~~~~~~~~~~~~~
/usr/include/spa-0.2/spa/support/loop.h: In function 'void spa_loop_control_hook_before(spa_hook_list*)':
/usr/include/spa-0.2/spa/utils/hook.h:174:1: warning: ISO C++ forbids braced-groups within expressions [-Wpedantic]
  174 | ({                                                                              \
      | ^
/usr/include/spa-0.2/spa/support/loop.h:211:17: note: in expansion of macro 'spa_callbacks_call_fast'
  211 |                 spa_callbacks_call_fast(&h->cb, struct spa_loop_control_hooks, before, 0);
      |                 ^~~~~~~~~~~~~~~~~~~~~~~
/usr/include/spa-0.2/spa/support/loop.h: In function 'void spa_loop_control_hook_after(spa_hook_list*)':
/usr/include/spa-0.2/spa/utils/hook.h:174:1: warning: ISO C++ forbids braced-groups within expressions [-Wpedantic]
  174 | ({                                                                              \
      | ^
/usr/include/spa-0.2/spa/support/loop.h:218:17: note: in expansion of macro 'spa_callbacks_call_fast'
  218 |                 spa_callbacks_call_fast(&h->cb, struct spa_loop_control_hooks, after, 0);
      |                 ^~~~~~~~~~~~~~~~~~~~~~~
/usr/include/spa-0.2/spa/support/loop.h: In function 'int spa_loop_control_get_fd(spa_loop_control*)':
/usr/include/spa-0.2/spa/utils/hook.h:281:1: warning: ISO C++ forbids braced-groups within expressions [-Wpedantic]
  281 | ({                                                                      \
      | ^
/usr/include/spa-0.2/spa/support/loop.h:381:16: note: in expansion of macro 'spa_api_method_r'
  381 |         return spa_api_method_r(int, -ENOTSUP,
      |                ^~~~~~~~~~~~~~~~
/usr/include/spa-0.2/spa/utils/hook.h:207:1: warning: ISO C++ forbids braced-groups within expressions [-Wpedantic]
  207 | ({                                                                              \
      | ^
/usr/include/spa-0.2/spa/utils/hook.h:251:9: note: in expansion of macro 'spa_callbacks_call_res'
  251 |         spa_callbacks_call_res(&(iface)->cb,method_type,res,method,vers,##__VA_ARGS__)
      |         ^~~~~~~~~~~~~~~~~~~~~~
/usr/include/spa-0.2/spa/utils/hook.h:284:9: note: in expansion of macro 'spa_interface_call_res'
  284 |         spa_interface_call_res(_i, struct type ##_methods,              \
      |         ^~~~~~~~~~~~~~~~~~~~~~
/usr/include/spa-0.2/spa/support/loop.h:381:16: note: in expansion of macro 'spa_api_method_r'
  381 |         return spa_api_method_r(int, -ENOTSUP,
      |                ^~~~~~~~~~~~~~~~
/usr/include/spa-0.2/spa/support/loop.h: In function 'void spa_loop_control_add_hook(spa_loop_control*, spa_hook*, const spa_loop_control_hooks*, void*)':
/usr/include/spa-0.2/spa/utils/hook.h:275:1: warning: ISO C++ forbids braced-groups within expressions [-Wpedantic]
  275 | ({                                                                      \
      | ^
/usr/include/spa-0.2/spa/support/loop.h:388:9: note: in expansion of macro 'spa_api_method_v'
  388 |         spa_api_method_v(spa_loop_control, &object->iface, add_hook, 0,
      |         ^~~~~~~~~~~~~~~~
/usr/include/spa-0.2/spa/utils/hook.h:165:1: warning: ISO C++ forbids braced-groups within expressions [-Wpedantic]
  165 | ({                                                                              \
      | ^
/usr/include/spa-0.2/spa/utils/hook.h:238:9: note: in expansion of macro 'spa_callbacks_call'
  238 |         spa_callbacks_call(&(iface)->cb,method_type,method,vers,##__VA_ARGS__)
      |         ^~~~~~~~~~~~~~~~~~
/usr/include/spa-0.2/spa/utils/hook.h:277:9: note: in expansion of macro 'spa_interface_call'
  277 |         spa_interface_call(_i, struct type ##_methods,                  \
      |         ^~~~~~~~~~~~~~~~~~
/usr/include/spa-0.2/spa/support/loop.h:388:9: note: in expansion of macro 'spa_api_method_v'
  388 |         spa_api_method_v(spa_loop_control, &object->iface, add_hook, 0,
      |         ^~~~~~~~~~~~~~~~
/usr/include/spa-0.2/spa/support/loop.h: In function 'void spa_loop_control_enter(spa_loop_control*)':
/usr/include/spa-0.2/spa/utils/hook.h:275:1: warning: ISO C++ forbids braced-groups within expressions [-Wpedantic]
  275 | ({                                                                      \
      | ^
/usr/include/spa-0.2/spa/support/loop.h:393:9: note: in expansion of macro 'spa_api_method_v'
  393 |         spa_api_method_v(spa_loop_control, &object->iface, enter, 0);
      |         ^~~~~~~~~~~~~~~~
/usr/include/spa-0.2/spa/utils/hook.h:165:1: warning: ISO C++ forbids braced-groups within expressions [-Wpedantic]
  165 | ({                                                                              \
      | ^
/usr/include/spa-0.2/spa/utils/hook.h:238:9: note: in expansion of macro 'spa_callbacks_call'
  238 |         spa_callbacks_call(&(iface)->cb,method_type,method,vers,##__VA_ARGS__)
      |         ^~~~~~~~~~~~~~~~~~
/usr/include/spa-0.2/spa/utils/hook.h:277:9: note: in expansion of macro 'spa_interface_call'
  277 |         spa_interface_call(_i, struct type ##_methods,                  \
      |         ^~~~~~~~~~~~~~~~~~
/usr/include/spa-0.2/spa/support/loop.h:393:9: note: in expansion of macro 'spa_api_method_v'
  393 |         spa_api_method_v(spa_loop_control, &object->iface, enter, 0);
      |         ^~~~~~~~~~~~~~~~
/usr/include/spa-0.2/spa/support/loop.h: In function 'void spa_loop_control_leave(spa_loop_control*)':
/usr/include/spa-0.2/spa/utils/hook.h:275:1: warning: ISO C++ forbids braced-groups within expressions [-Wpedantic]
  275 | ({                                                                      \
      | ^
/usr/include/spa-0.2/spa/support/loop.h:397:9: note: in expansion of macro 'spa_api_method_v'
  397 |         spa_api_method_v(spa_loop_control, &object->iface, leave, 0);
      |         ^~~~~~~~~~~~~~~~
/usr/include/spa-0.2/spa/utils/hook.h:165:1: warning: ISO C++ forbids braced-groups within expressions [-Wpedantic]
  165 | ({                                                                              \
      | ^
/usr/include/spa-0.2/spa/utils/hook.h:238:9: note: in expansion of macro 'spa_callbacks_call'
  238 |         spa_callbacks_call(&(iface)->cb,method_type,method,vers,##__VA_ARGS__)
      |         ^~~~~~~~~~~~~~~~~~
/usr/include/spa-0.2/spa/utils/hook.h:277:9: note: in expansion of macro 'spa_interface_call'
  277 |         spa_interface_call(_i, struct type ##_methods,                  \
      |         ^~~~~~~~~~~~~~~~~~
/usr/include/spa-0.2/spa/support/loop.h:397:9: note: in expansion of macro 'spa_api_method_v'
  397 |         spa_api_method_v(spa_loop_control, &object->iface, leave, 0);
      |         ^~~~~~~~~~~~~~~~
/usr/include/spa-0.2/spa/support/loop.h: In function 'int spa_loop_control_iterate(spa_loop_control*, int)':
/usr/include/spa-0.2/spa/utils/hook.h:281:1: warning: ISO C++ forbids braced-groups within expressions [-Wpedantic]
  281 | ({                                                                      \
      | ^
/usr/include/spa-0.2/spa/support/loop.h:402:16: note: in expansion of macro 'spa_api_method_r'
  402 |         return spa_api_method_r(int, -ENOTSUP,
      |                ^~~~~~~~~~~~~~~~
/usr/include/spa-0.2/spa/utils/hook.h:207:1: warning: ISO C++ forbids braced-groups within expressions [-Wpedantic]
  207 | ({                                                                              \
      | ^
/usr/include/spa-0.2/spa/utils/hook.h:251:9: note: in expansion of macro 'spa_callbacks_call_res'
  251 |         spa_callbacks_call_res(&(iface)->cb,method_type,res,method,vers,##__VA_ARGS__)
      |         ^~~~~~~~~~~~~~~~~~~~~~
/usr/include/spa-0.2/spa/utils/hook.h:284:9: note: in expansion of macro 'spa_interface_call_res'
  284 |         spa_interface_call_res(_i, struct type ##_methods,              \
      |         ^~~~~~~~~~~~~~~~~~~~~~
/usr/include/spa-0.2/spa/support/loop.h:402:16: note: in expansion of macro 'spa_api_method_r'
  402 |         return spa_api_method_r(int, -ENOTSUP,
      |                ^~~~~~~~~~~~~~~~
/usr/include/spa-0.2/spa/support/loop.h: In function 'int spa_loop_control_iterate_fast(spa_loop_control*, int)':
/usr/include/spa-0.2/spa/utils/hook.h:315:1: warning: ISO C++ forbids braced-groups within expressions [-Wpedantic]
  315 | ({                                                                      \
      | ^
/usr/include/spa-0.2/spa/support/loop.h:408:16: note: in expansion of macro 'spa_api_method_fast_r'
  408 |         return spa_api_method_fast_r(int, -ENOTSUP,
      |                ^~~~~~~~~~~~~~~~~~~~~
/usr/include/spa-0.2/spa/utils/hook.h:214:1: warning: ISO C++ forbids braced-groups within expressions [-Wpedantic]
  214 | ({                                                                              \
      | ^
/usr/include/spa-0.2/spa/utils/hook.h:254:9: note: in expansion of macro 'spa_callbacks_call_fast_res'
  254 |         spa_callbacks_call_fast_res(&(iface)->cb,method_type,res,method,vers,##__VA_ARGS__)
      |         ^~~~~~~~~~~~~~~~~~~~~~~~~~~
/usr/include/spa-0.2/spa/utils/hook.h:318:9: note: in expansion of macro 'spa_interface_call_fast_res'
  318 |         spa_interface_call_fast_res(_i, struct type ##_methods,         \
      |         ^~~~~~~~~~~~~~~~~~~~~~~~~~~
/usr/include/spa-0.2/spa/support/loop.h:408:16: note: in expansion of macro 'spa_api_method_fast_r'
  408 |         return spa_api_method_fast_r(int, -ENOTSUP,
      |                ^~~~~~~~~~~~~~~~~~~~~
/usr/include/spa-0.2/spa/support/loop.h: In function 'int spa_loop_control_check(spa_loop_control*)':
/usr/include/spa-0.2/spa/utils/hook.h:281:1: warning: ISO C++ forbids braced-groups within expressions [-Wpedantic]
  281 | ({                                                                      \
      | ^
/usr/include/spa-0.2/spa/support/loop.h:413:16: note: in expansion of macro 'spa_api_method_r'
  413 |         return spa_api_method_r(int, -ENOTSUP,
      |                ^~~~~~~~~~~~~~~~
/usr/include/spa-0.2/spa/utils/hook.h:207:1: warning: ISO C++ forbids braced-groups within expressions [-Wpedantic]
  207 | ({                                                                              \
      | ^
/usr/include/spa-0.2/spa/utils/hook.h:251:9: note: in expansion of macro 'spa_callbacks_call_res'
  251 |         spa_callbacks_call_res(&(iface)->cb,method_type,res,method,vers,##__VA_ARGS__)
      |         ^~~~~~~~~~~~~~~~~~~~~~
/usr/include/spa-0.2/spa/utils/hook.h:284:9: note: in expansion of macro 'spa_interface_call_res'
  284 |         spa_interface_call_res(_i, struct type ##_methods,              \
      |         ^~~~~~~~~~~~~~~~~~~~~~
/usr/include/spa-0.2/spa/support/loop.h:413:16: note: in expansion of macro 'spa_api_method_r'
  413 |         return spa_api_method_r(int, -ENOTSUP,
      |                ^~~~~~~~~~~~~~~~
/usr/include/spa-0.2/spa/support/loop.h: In function 'int spa_loop_control_lock(spa_loop_control*)':
/usr/include/spa-0.2/spa/utils/hook.h:281:1: warning: ISO C++ forbids braced-groups within expressions [-Wpedantic]
  281 | ({                                                                      \
      | ^
/usr/include/spa-0.2/spa/support/loop.h:418:16: note: in expansion of macro 'spa_api_method_r'
  418 |         return spa_api_method_r(int, -ENOTSUP,
      |                ^~~~~~~~~~~~~~~~
/usr/include/spa-0.2/spa/utils/hook.h:207:1: warning: ISO C++ forbids braced-groups within expressions [-Wpedantic]
  207 | ({                                                                              \
      | ^
/usr/include/spa-0.2/spa/utils/hook.h:251:9: note: in expansion of macro 'spa_callbacks_call_res'
  251 |         spa_callbacks_call_res(&(iface)->cb,method_type,res,method,vers,##__VA_ARGS__)
      |         ^~~~~~~~~~~~~~~~~~~~~~
/usr/include/spa-0.2/spa/utils/hook.h:284:9: note: in expansion of macro 'spa_interface_call_res'
  284 |         spa_interface_call_res(_i, struct type ##_methods,              \
      |         ^~~~~~~~~~~~~~~~~~~~~~
/usr/include/spa-0.2/spa/support/loop.h:418:16: note: in expansion of macro 'spa_api_method_r'
  418 |         return spa_api_method_r(int, -ENOTSUP,
      |                ^~~~~~~~~~~~~~~~
/usr/include/spa-0.2/spa/support/loop.h: In function 'int spa_loop_control_unlock(spa_loop_control*)':
/usr/include/spa-0.2/spa/utils/hook.h:281:1: warning: ISO C++ forbids braced-groups within expressions [-Wpedantic]
  281 | ({                                                                      \
      | ^
/usr/include/spa-0.2/spa/support/loop.h:423:16: note: in expansion of macro 'spa_api_method_r'
  423 |         return spa_api_method_r(int, -ENOTSUP,
      |                ^~~~~~~~~~~~~~~~
/usr/include/spa-0.2/spa/utils/hook.h:207:1: warning: ISO C++ forbids braced-groups within expressions [-Wpedantic]
  207 | ({                                                                              \
      | ^
/usr/include/spa-0.2/spa/utils/hook.h:251:9: note: in expansion of macro 'spa_callbacks_call_res'
  251 |         spa_callbacks_call_res(&(iface)->cb,method_type,res,method,vers,##__VA_ARGS__)
      |         ^~~~~~~~~~~~~~~~~~~~~~
/usr/include/spa-0.2/spa/utils/hook.h:284:9: note: in expansion of macro 'spa_interface_call_res'
  284 |         spa_interface_call_res(_i, struct type ##_methods,              \
      |         ^~~~~~~~~~~~~~~~~~~~~~
/usr/include/spa-0.2/spa/support/loop.h:423:16: note: in expansion of macro 'spa_api_method_r'
  423 |         return spa_api_method_r(int, -ENOTSUP,
      |                ^~~~~~~~~~~~~~~~
/usr/include/spa-0.2/spa/support/loop.h: In function 'int spa_loop_control_get_time(spa_loop_control*, timespec*, int64_t)':
/usr/include/spa-0.2/spa/utils/hook.h:281:1: warning: ISO C++ forbids braced-groups within expressions [-Wpedantic]
  281 | ({                                                                      \
      | ^
/usr/include/spa-0.2/spa/support/loop.h:429:16: note: in expansion of macro 'spa_api_method_r'
  429 |         return spa_api_method_r(int, -ENOTSUP,
      |                ^~~~~~~~~~~~~~~~
/usr/include/spa-0.2/spa/utils/hook.h:207:1: warning: ISO C++ forbids braced-groups within expressions [-Wpedantic]
  207 | ({                                                                              \
      | ^
/usr/include/spa-0.2/spa/utils/hook.h:251:9: note: in expansion of macro 'spa_callbacks_call_res'
  251 |         spa_callbacks_call_res(&(iface)->cb,method_type,res,method,vers,##__VA_ARGS__)
      |         ^~~~~~~~~~~~~~~~~~~~~~
/usr/include/spa-0.2/spa/utils/hook.h:284:9: note: in expansion of macro 'spa_interface_call_res'
  284 |         spa_interface_call_res(_i, struct type ##_methods,              \
      |         ^~~~~~~~~~~~~~~~~~~~~~
/usr/include/spa-0.2/spa/support/loop.h:429:16: note: in expansion of macro 'spa_api_method_r'
  429 |         return spa_api_method_r(int, -ENOTSUP,
      |                ^~~~~~~~~~~~~~~~
/usr/include/spa-0.2/spa/support/loop.h: In function 'int spa_loop_control_wait(spa_loop_control*, const timespec*)':
/usr/include/spa-0.2/spa/utils/hook.h:281:1: warning: ISO C++ forbids braced-groups within expressions [-Wpedantic]
  281 | ({                                                                      \
      | ^
/usr/include/spa-0.2/spa/support/loop.h:435:16: note: in expansion of macro 'spa_api_method_r'
  435 |         return spa_api_method_r(int, -ENOTSUP,
      |                ^~~~~~~~~~~~~~~~
/usr/include/spa-0.2/spa/utils/hook.h:207:1: warning: ISO C++ forbids braced-groups within expressions [-Wpedantic]
  207 | ({                                                                              \
      | ^
/usr/include/spa-0.2/spa/utils/hook.h:251:9: note: in expansion of macro 'spa_callbacks_call_res'
  251 |         spa_callbacks_call_res(&(iface)->cb,method_type,res,method,vers,##__VA_ARGS__)
      |         ^~~~~~~~~~~~~~~~~~~~~~
/usr/include/spa-0.2/spa/utils/hook.h:284:9: note: in expansion of macro 'spa_interface_call_res'
  284 |         spa_interface_call_res(_i, struct type ##_methods,              \
      |         ^~~~~~~~~~~~~~~~~~~~~~
/usr/include/spa-0.2/spa/support/loop.h:435:16: note: in expansion of macro 'spa_api_method_r'
  435 |         return spa_api_method_r(int, -ENOTSUP,
      |                ^~~~~~~~~~~~~~~~
/usr/include/spa-0.2/spa/support/loop.h: In function 'int spa_loop_control_signal(spa_loop_control*, bool)':
/usr/include/spa-0.2/spa/utils/hook.h:281:1: warning: ISO C++ forbids braced-groups within expressions [-Wpedantic]
  281 | ({                                                                      \
      | ^
/usr/include/spa-0.2/spa/support/loop.h:440:16: note: in expansion of macro 'spa_api_method_r'
  440 |         return spa_api_method_r(int, -ENOTSUP,
      |                ^~~~~~~~~~~~~~~~
/usr/include/spa-0.2/spa/utils/hook.h:207:1: warning: ISO C++ forbids braced-groups within expressions [-Wpedantic]
  207 | ({                                                                              \
      | ^
/usr/include/spa-0.2/spa/utils/hook.h:251:9: note: in expansion of macro 'spa_callbacks_call_res'
  251 |         spa_callbacks_call_res(&(iface)->cb,method_type,res,method,vers,##__VA_ARGS__)
      |         ^~~~~~~~~~~~~~~~~~~~~~
/usr/include/spa-0.2/spa/utils/hook.h:284:9: note: in expansion of macro 'spa_interface_call_res'
  284 |         spa_interface_call_res(_i, struct type ##_methods,              \
      |         ^~~~~~~~~~~~~~~~~~~~~~
/usr/include/spa-0.2/spa/support/loop.h:440:16: note: in expansion of macro 'spa_api_method_r'
  440 |         return spa_api_method_r(int, -ENOTSUP,
      |                ^~~~~~~~~~~~~~~~
/usr/include/spa-0.2/spa/support/loop.h: In function 'int spa_loop_control_accept(spa_loop_control*)':
/usr/include/spa-0.2/spa/utils/hook.h:281:1: warning: ISO C++ forbids braced-groups within expressions [-Wpedantic]
  281 | ({                                                                      \
      | ^
/usr/include/spa-0.2/spa/support/loop.h:445:16: note: in expansion of macro 'spa_api_method_r'
  445 |         return spa_api_method_r(int, -ENOTSUP,
      |                ^~~~~~~~~~~~~~~~
/usr/include/spa-0.2/spa/utils/hook.h:207:1: warning: ISO C++ forbids braced-groups within expressions [-Wpedantic]
  207 | ({                                                                              \
      | ^
/usr/include/spa-0.2/spa/utils/hook.h:251:9: note: in expansion of macro 'spa_callbacks_call_res'
  251 |         spa_callbacks_call_res(&(iface)->cb,method_type,res,method,vers,##__VA_ARGS__)
      |         ^~~~~~~~~~~~~~~~~~~~~~
/usr/include/spa-0.2/spa/utils/hook.h:284:9: note: in expansion of macro 'spa_interface_call_res'
  284 |         spa_interface_call_res(_i, struct type ##_methods,              \
      |         ^~~~~~~~~~~~~~~~~~~~~~
/usr/include/spa-0.2/spa/support/loop.h:445:16: note: in expansion of macro 'spa_api_method_r'
  445 |         return spa_api_method_r(int, -ENOTSUP,
      |                ^~~~~~~~~~~~~~~~
/usr/include/spa-0.2/spa/support/loop.h: In function 'spa_source* spa_loop_utils_add_io(spa_loop_utils*, int, uint32_t, bool, spa_source_io_func_t, void*)':
/usr/include/spa-0.2/spa/utils/hook.h:281:1: warning: ISO C++ forbids braced-groups within expressions [-Wpedantic]
  281 | ({                                                                      \
      | ^
/usr/include/spa-0.2/spa/support/loop.h:502:16: note: in expansion of macro 'spa_api_method_r'
  502 |         return spa_api_method_r(struct spa_source *, NULL,
      |                ^~~~~~~~~~~~~~~~
/usr/include/spa-0.2/spa/utils/hook.h:207:1: warning: ISO C++ forbids braced-groups within expressions [-Wpedantic]
  207 | ({                                                                              \
      | ^
/usr/include/spa-0.2/spa/utils/hook.h:251:9: note: in expansion of macro 'spa_callbacks_call_res'
  251 |         spa_callbacks_call_res(&(iface)->cb,method_type,res,method,vers,##__VA_ARGS__)
      |         ^~~~~~~~~~~~~~~~~~~~~~
/usr/include/spa-0.2/spa/utils/hook.h:284:9: note: in expansion of macro 'spa_interface_call_res'
  284 |         spa_interface_call_res(_i, struct type ##_methods,              \
      |         ^~~~~~~~~~~~~~~~~~~~~~
/usr/include/spa-0.2/spa/support/loop.h:502:16: note: in expansion of macro 'spa_api_method_r'
  502 |         return spa_api_method_r(struct spa_source *, NULL,
      |                ^~~~~~~~~~~~~~~~
/usr/include/spa-0.2/spa/support/loop.h: In function 'int spa_loop_utils_update_io(spa_loop_utils*, spa_source*, uint32_t)':
/usr/include/spa-0.2/spa/utils/hook.h:281:1: warning: ISO C++ forbids braced-groups within expressions [-Wpedantic]
  281 | ({                                                                      \
      | ^
/usr/include/spa-0.2/spa/support/loop.h:508:16: note: in expansion of macro 'spa_api_method_r'
  508 |         return spa_api_method_r(int, -ENOTSUP,
      |                ^~~~~~~~~~~~~~~~
/usr/include/spa-0.2/spa/utils/hook.h:207:1: warning: ISO C++ forbids braced-groups within expressions [-Wpedantic]
  207 | ({                                                                              \
      | ^
/usr/include/spa-0.2/spa/utils/hook.h:251:9: note: in expansion of macro 'spa_callbacks_call_res'
  251 |         spa_callbacks_call_res(&(iface)->cb,method_type,res,method,vers,##__VA_ARGS__)
      |         ^~~~~~~~~~~~~~~~~~~~~~
/usr/include/spa-0.2/spa/utils/hook.h:284:9: note: in expansion of macro 'spa_interface_call_res'
  284 |         spa_interface_call_res(_i, struct type ##_methods,              \
      |         ^~~~~~~~~~~~~~~~~~~~~~
/usr/include/spa-0.2/spa/support/loop.h:508:16: note: in expansion of macro 'spa_api_method_r'
  508 |         return spa_api_method_r(int, -ENOTSUP,
      |                ^~~~~~~~~~~~~~~~
/usr/include/spa-0.2/spa/support/loop.h: In function 'spa_source* spa_loop_utils_add_idle(spa_loop_utils*, bool, spa_source_idle_func_t, void*)':
/usr/include/spa-0.2/spa/utils/hook.h:281:1: warning: ISO C++ forbids braced-groups within expressions [-Wpedantic]
  281 | ({                                                                      \
      | ^
/usr/include/spa-0.2/spa/support/loop.h:515:16: note: in expansion of macro 'spa_api_method_r'
  515 |         return spa_api_method_r(struct spa_source *, NULL,
      |                ^~~~~~~~~~~~~~~~
/usr/include/spa-0.2/spa/utils/hook.h:207:1: warning: ISO C++ forbids braced-groups within expressions [-Wpedantic]
  207 | ({                                                                              \
      | ^
/usr/include/spa-0.2/spa/utils/hook.h:251:9: note: in expansion of macro 'spa_callbacks_call_res'
  251 |         spa_callbacks_call_res(&(iface)->cb,method_type,res,method,vers,##__VA_ARGS__)
      |         ^~~~~~~~~~~~~~~~~~~~~~
/usr/include/spa-0.2/spa/utils/hook.h:284:9: note: in expansion of macro 'spa_interface_call_res'
  284 |         spa_interface_call_res(_i, struct type ##_methods,              \
      |         ^~~~~~~~~~~~~~~~~~~~~~
/usr/include/spa-0.2/spa/support/loop.h:515:16: note: in expansion of macro 'spa_api_method_r'
  515 |         return spa_api_method_r(struct spa_source *, NULL,
      |                ^~~~~~~~~~~~~~~~
/usr/include/spa-0.2/spa/support/loop.h: In function 'int spa_loop_utils_enable_idle(spa_loop_utils*, spa_source*, bool)':
/usr/include/spa-0.2/spa/utils/hook.h:281:1: warning: ISO C++ forbids braced-groups within expressions [-Wpedantic]
  281 | ({                                                                      \
      | ^
/usr/include/spa-0.2/spa/support/loop.h:521:16: note: in expansion of macro 'spa_api_method_r'
  521 |         return spa_api_method_r(int, -ENOTSUP,
      |                ^~~~~~~~~~~~~~~~
/usr/include/spa-0.2/spa/utils/hook.h:207:1: warning: ISO C++ forbids braced-groups within expressions [-Wpedantic]
  207 | ({                                                                              \
      | ^
/usr/include/spa-0.2/spa/utils/hook.h:251:9: note: in expansion of macro 'spa_callbacks_call_res'
  251 |         spa_callbacks_call_res(&(iface)->cb,method_type,res,method,vers,##__VA_ARGS__)
      |         ^~~~~~~~~~~~~~~~~~~~~~
/usr/include/spa-0.2/spa/utils/hook.h:284:9: note: in expansion of macro 'spa_interface_call_res'
  284 |         spa_interface_call_res(_i, struct type ##_methods,              \
      |         ^~~~~~~~~~~~~~~~~~~~~~
/usr/include/spa-0.2/spa/support/loop.h:521:16: note: in expansion of macro 'spa_api_method_r'
  521 |         return spa_api_method_r(int, -ENOTSUP,
      |                ^~~~~~~~~~~~~~~~
/usr/include/spa-0.2/spa/support/loop.h: In function 'spa_source* spa_loop_utils_add_event(spa_loop_utils*, spa_source_event_func_t, void*)':
/usr/include/spa-0.2/spa/utils/hook.h:281:1: warning: ISO C++ forbids braced-groups within expressions [-Wpedantic]
  281 | ({                                                                      \
      | ^
/usr/include/spa-0.2/spa/support/loop.h:527:16: note: in expansion of macro 'spa_api_method_r'
  527 |         return spa_api_method_r(struct spa_source *, NULL,
      |                ^~~~~~~~~~~~~~~~
/usr/include/spa-0.2/spa/utils/hook.h:207:1: warning: ISO C++ forbids braced-groups within expressions [-Wpedantic]
  207 | ({                                                                              \
      | ^
/usr/include/spa-0.2/spa/utils/hook.h:251:9: note: in expansion of macro 'spa_callbacks_call_res'
  251 |         spa_callbacks_call_res(&(iface)->cb,method_type,res,method,vers,##__VA_ARGS__)
      |         ^~~~~~~~~~~~~~~~~~~~~~
/usr/include/spa-0.2/spa/utils/hook.h:284:9: note: in expansion of macro 'spa_interface_call_res'
  284 |         spa_interface_call_res(_i, struct type ##_methods,              \
      |         ^~~~~~~~~~~~~~~~~~~~~~
/usr/include/spa-0.2/spa/support/loop.h:527:16: note: in expansion of macro 'spa_api_method_r'
  527 |         return spa_api_method_r(struct spa_source *, NULL,
      |                ^~~~~~~~~~~~~~~~
/usr/include/spa-0.2/spa/support/loop.h: In function 'int spa_loop_utils_signal_event(spa_loop_utils*, spa_source*)':
/usr/include/spa-0.2/spa/utils/hook.h:281:1: warning: ISO C++ forbids braced-groups within expressions [-Wpedantic]
  281 | ({                                                                      \
      | ^
/usr/include/spa-0.2/spa/support/loop.h:533:16: note: in expansion of macro 'spa_api_method_r'
  533 |         return spa_api_method_r(int, -ENOTSUP,
      |                ^~~~~~~~~~~~~~~~
/usr/include/spa-0.2/spa/utils/hook.h:207:1: warning: ISO C++ forbids braced-groups within expressions [-Wpedantic]
  207 | ({                                                                              \
      | ^
/usr/include/spa-0.2/spa/utils/hook.h:251:9: note: in expansion of macro 'spa_callbacks_call_res'
  251 |         spa_callbacks_call_res(&(iface)->cb,method_type,res,method,vers,##__VA_ARGS__)
      |         ^~~~~~~~~~~~~~~~~~~~~~
/usr/include/spa-0.2/spa/utils/hook.h:284:9: note: in expansion of macro 'spa_interface_call_res'
  284 |         spa_interface_call_res(_i, struct type ##_methods,              \
      |         ^~~~~~~~~~~~~~~~~~~~~~
/usr/include/spa-0.2/spa/support/loop.h:533:16: note: in expansion of macro 'spa_api_method_r'
  533 |         return spa_api_method_r(int, -ENOTSUP,
      |                ^~~~~~~~~~~~~~~~
/usr/include/spa-0.2/spa/support/loop.h: In function 'spa_source* spa_loop_utils_add_timer(spa_loop_utils*, spa_source_timer_func_t, void*)':
/usr/include/spa-0.2/spa/utils/hook.h:281:1: warning: ISO C++ forbids braced-groups within expressions [-Wpedantic]
  281 | ({                                                                      \
      | ^
/usr/include/spa-0.2/spa/support/loop.h:539:16: note: in expansion of macro 'spa_api_method_r'
  539 |         return spa_api_method_r(struct spa_source *, NULL,
      |                ^~~~~~~~~~~~~~~~
/usr/include/spa-0.2/spa/utils/hook.h:207:1: warning: ISO C++ forbids braced-groups within expressions [-Wpedantic]
  207 | ({                                                                              \
      | ^
/usr/include/spa-0.2/spa/utils/hook.h:251:9: note: in expansion of macro 'spa_callbacks_call_res'
  251 |         spa_callbacks_call_res(&(iface)->cb,method_type,res,method,vers,##__VA_ARGS__)
      |         ^~~~~~~~~~~~~~~~~~~~~~
/usr/include/spa-0.2/spa/utils/hook.h:284:9: note: in expansion of macro 'spa_interface_call_res'
  284 |         spa_interface_call_res(_i, struct type ##_methods,              \
      |         ^~~~~~~~~~~~~~~~~~~~~~
/usr/include/spa-0.2/spa/support/loop.h:539:16: note: in expansion of macro 'spa_api_method_r'
  539 |         return spa_api_method_r(struct spa_source *, NULL,
      |                ^~~~~~~~~~~~~~~~
/usr/include/spa-0.2/spa/support/loop.h: In function 'int spa_loop_utils_update_timer(spa_loop_utils*, spa_source*, timespec*, timespec*, bool)':
/usr/include/spa-0.2/spa/utils/hook.h:281:1: warning: ISO C++ forbids braced-groups within expressions [-Wpedantic]
  281 | ({                                                                      \
      | ^
/usr/include/spa-0.2/spa/support/loop.h:546:16: note: in expansion of macro 'spa_api_method_r'
  546 |         return spa_api_method_r(int, -ENOTSUP,
      |                ^~~~~~~~~~~~~~~~
/usr/include/spa-0.2/spa/utils/hook.h:207:1: warning: ISO C++ forbids braced-groups within expressions [-Wpedantic]
  207 | ({                                                                              \
      | ^
/usr/include/spa-0.2/spa/utils/hook.h:251:9: note: in expansion of macro 'spa_callbacks_call_res'
  251 |         spa_callbacks_call_res(&(iface)->cb,method_type,res,method,vers,##__VA_ARGS__)
      |         ^~~~~~~~~~~~~~~~~~~~~~
/usr/include/spa-0.2/spa/utils/hook.h:284:9: note: in expansion of macro 'spa_interface_call_res'
  284 |         spa_interface_call_res(_i, struct type ##_methods,              \
      |         ^~~~~~~~~~~~~~~~~~~~~~
/usr/include/spa-0.2/spa/support/loop.h:546:16: note: in expansion of macro 'spa_api_method_r'
  546 |         return spa_api_method_r(int, -ENOTSUP,
      |                ^~~~~~~~~~~~~~~~
/usr/include/spa-0.2/spa/support/loop.h: In function 'spa_source* spa_loop_utils_add_signal(spa_loop_utils*, int, spa_source_signal_func_t, void*)':
/usr/include/spa-0.2/spa/utils/hook.h:281:1: warning: ISO C++ forbids braced-groups within expressions [-Wpedantic]
  281 | ({                                                                      \
      | ^
/usr/include/spa-0.2/spa/support/loop.h:554:16: note: in expansion of macro 'spa_api_method_r'
  554 |         return spa_api_method_r(struct spa_source *, NULL,
      |                ^~~~~~~~~~~~~~~~
/usr/include/spa-0.2/spa/utils/hook.h:207:1: warning: ISO C++ forbids braced-groups within expressions [-Wpedantic]
  207 | ({                                                                              \
      | ^
/usr/include/spa-0.2/spa/utils/hook.h:251:9: note: in expansion of macro 'spa_callbacks_call_res'
  251 |         spa_callbacks_call_res(&(iface)->cb,method_type,res,method,vers,##__VA_ARGS__)
      |         ^~~~~~~~~~~~~~~~~~~~~~
/usr/include/spa-0.2/spa/utils/hook.h:284:9: note: in expansion of macro 'spa_interface_call_res'
  284 |         spa_interface_call_res(_i, struct type ##_methods,              \
      |         ^~~~~~~~~~~~~~~~~~~~~~
/usr/include/spa-0.2/spa/support/loop.h:554:16: note: in expansion of macro 'spa_api_method_r'
  554 |         return spa_api_method_r(struct spa_source *, NULL,
      |                ^~~~~~~~~~~~~~~~
/usr/include/spa-0.2/spa/support/loop.h: In function 'void spa_loop_utils_destroy_source(spa_loop_utils*, spa_source*)':
/usr/include/spa-0.2/spa/utils/hook.h:275:1: warning: ISO C++ forbids braced-groups within expressions [-Wpedantic]
  275 | ({                                                                      \
      | ^
/usr/include/spa-0.2/spa/support/loop.h:561:9: note: in expansion of macro 'spa_api_method_v'
  561 |         spa_api_method_v(spa_loop_utils, &object->iface, destroy_source, 0, source);
      |         ^~~~~~~~~~~~~~~~
/usr/include/spa-0.2/spa/utils/hook.h:165:1: warning: ISO C++ forbids braced-groups within expressions [-Wpedantic]
  165 | ({                                                                              \
      | ^
/usr/include/spa-0.2/spa/utils/hook.h:238:9: note: in expansion of macro 'spa_callbacks_call'
  238 |         spa_callbacks_call(&(iface)->cb,method_type,method,vers,##__VA_ARGS__)
      |         ^~~~~~~~~~~~~~~~~~
/usr/include/spa-0.2/spa/utils/hook.h:277:9: note: in expansion of macro 'spa_interface_call'
  277 |         spa_interface_call(_i, struct type ##_methods,                  \
      |         ^~~~~~~~~~~~~~~~~~
/usr/include/spa-0.2/spa/support/loop.h:561:9: note: in expansion of macro 'spa_api_method_v'
  561 |         spa_api_method_v(spa_loop_utils, &object->iface, destroy_source, 0, source);
      |         ^~~~~~~~~~~~~~~~
/usr/include/pipewire-0.3/pipewire/client.h: In function 'int pw_client_add_listener(pw_client*, spa_hook*, const pw_client_events*, void*)':
/usr/include/spa-0.2/spa/utils/hook.h:281:1: warning: ISO C++ forbids braced-groups within expressions [-Wpedantic]
  281 | ({                                                                      \
      | ^
/usr/include/pipewire-0.3/pipewire/client.h:165:16: note: in expansion of macro 'spa_api_method_r'
  165 |         return spa_api_method_r(int, -ENOTSUP, pw_client, (struct spa_interface*)object, add_listener, 0,
      |                ^~~~~~~~~~~~~~~~
/usr/include/spa-0.2/spa/utils/hook.h:207:1: warning: ISO C++ forbids braced-groups within expressions [-Wpedantic]
  207 | ({                                                                              \
      | ^
/usr/include/spa-0.2/spa/utils/hook.h:251:9: note: in expansion of macro 'spa_callbacks_call_res'
  251 |         spa_callbacks_call_res(&(iface)->cb,method_type,res,method,vers,##__VA_ARGS__)
      |         ^~~~~~~~~~~~~~~~~~~~~~
/usr/include/spa-0.2/spa/utils/hook.h:284:9: note: in expansion of macro 'spa_interface_call_res'
  284 |         spa_interface_call_res(_i, struct type ##_methods,              \
      |         ^~~~~~~~~~~~~~~~~~~~~~
/usr/include/pipewire-0.3/pipewire/client.h:165:16: note: in expansion of macro 'spa_api_method_r'
  165 |         return spa_api_method_r(int, -ENOTSUP, pw_client, (struct spa_interface*)object, add_listener, 0,
      |                ^~~~~~~~~~~~~~~~
/usr/include/pipewire-0.3/pipewire/client.h: In function 'int pw_client_error(pw_client*, uint32_t, int, const char*)':
/usr/include/spa-0.2/spa/utils/hook.h:281:1: warning: ISO C++ forbids braced-groups within expressions [-Wpedantic]
  281 | ({                                                                      \
      | ^
/usr/include/pipewire-0.3/pipewire/client.h:172:16: note: in expansion of macro 'spa_api_method_r'
  172 |         return spa_api_method_r(int, -ENOTSUP, pw_client, (struct spa_interface*)object, error, 0,
      |                ^~~~~~~~~~~~~~~~
/usr/include/spa-0.2/spa/utils/hook.h:207:1: warning: ISO C++ forbids braced-groups within expressions [-Wpedantic]
  207 | ({                                                                              \
      | ^
/usr/include/spa-0.2/spa/utils/hook.h:251:9: note: in expansion of macro 'spa_callbacks_call_res'
  251 |         spa_callbacks_call_res(&(iface)->cb,method_type,res,method,vers,##__VA_ARGS__)
      |         ^~~~~~~~~~~~~~~~~~~~~~
/usr/include/spa-0.2/spa/utils/hook.h:284:9: note: in expansion of macro 'spa_interface_call_res'
  284 |         spa_interface_call_res(_i, struct type ##_methods,              \
      |         ^~~~~~~~~~~~~~~~~~~~~~
/usr/include/pipewire-0.3/pipewire/client.h:172:16: note: in expansion of macro 'spa_api_method_r'
  172 |         return spa_api_method_r(int, -ENOTSUP, pw_client, (struct spa_interface*)object, error, 0,
      |                ^~~~~~~~~~~~~~~~
/usr/include/pipewire-0.3/pipewire/client.h: In function 'int pw_client_update_properties(pw_client*, const spa_dict*)':
/usr/include/spa-0.2/spa/utils/hook.h:281:1: warning: ISO C++ forbids braced-groups within expressions [-Wpedantic]
  281 | ({                                                                      \
      | ^
/usr/include/pipewire-0.3/pipewire/client.h:179:16: note: in expansion of macro 'spa_api_method_r'
  179 |         return spa_api_method_r(int, -ENOTSUP, pw_client, (struct spa_interface*)object, update_properties, 0,
      |                ^~~~~~~~~~~~~~~~
/usr/include/spa-0.2/spa/utils/hook.h:207:1: warning: ISO C++ forbids braced-groups within expressions [-Wpedantic]
  207 | ({                                                                              \
      | ^
/usr/include/spa-0.2/spa/utils/hook.h:251:9: note: in expansion of macro 'spa_callbacks_call_res'
  251 |         spa_callbacks_call_res(&(iface)->cb,method_type,res,method,vers,##__VA_ARGS__)
      |         ^~~~~~~~~~~~~~~~~~~~~~
/usr/include/spa-0.2/spa/utils/hook.h:284:9: note: in expansion of macro 'spa_interface_call_res'
  284 |         spa_interface_call_res(_i, struct type ##_methods,              \
      |         ^~~~~~~~~~~~~~~~~~~~~~
/usr/include/pipewire-0.3/pipewire/client.h:179:16: note: in expansion of macro 'spa_api_method_r'
  179 |         return spa_api_method_r(int, -ENOTSUP, pw_client, (struct spa_interface*)object, update_properties, 0,
      |                ^~~~~~~~~~~~~~~~
/usr/include/pipewire-0.3/pipewire/client.h: In function 'int pw_client_get_permissions(pw_client*, uint32_t, uint32_t)':
/usr/include/spa-0.2/spa/utils/hook.h:281:1: warning: ISO C++ forbids braced-groups within expressions [-Wpedantic]
  281 | ({                                                                      \
      | ^
/usr/include/pipewire-0.3/pipewire/client.h:186:16: note: in expansion of macro 'spa_api_method_r'
  186 |         return spa_api_method_r(int, -ENOTSUP, pw_client, (struct spa_interface*)object, get_permissions, 0,
      |                ^~~~~~~~~~~~~~~~
/usr/include/spa-0.2/spa/utils/hook.h:207:1: warning: ISO C++ forbids braced-groups within expressions [-Wpedantic]
  207 | ({                                                                              \
      | ^
/usr/include/spa-0.2/spa/utils/hook.h:251:9: note: in expansion of macro 'spa_callbacks_call_res'
  251 |         spa_callbacks_call_res(&(iface)->cb,method_type,res,method,vers,##__VA_ARGS__)
      |         ^~~~~~~~~~~~~~~~~~~~~~
/usr/include/spa-0.2/spa/utils/hook.h:284:9: note: in expansion of macro 'spa_interface_call_res'
  284 |         spa_interface_call_res(_i, struct type ##_methods,              \
      |         ^~~~~~~~~~~~~~~~~~~~~~
/usr/include/pipewire-0.3/pipewire/client.h:186:16: note: in expansion of macro 'spa_api_method_r'
  186 |         return spa_api_method_r(int, -ENOTSUP, pw_client, (struct spa_interface*)object, get_permissions, 0,
      |                ^~~~~~~~~~~~~~~~
/usr/include/pipewire-0.3/pipewire/client.h: In function 'int pw_client_update_permissions(pw_client*, uint32_t, const pw_permission*)':
/usr/include/spa-0.2/spa/utils/hook.h:281:1: warning: ISO C++ forbids braced-groups within expressions [-Wpedantic]
  281 | ({                                                                      \
      | ^
/usr/include/pipewire-0.3/pipewire/client.h:194:16: note: in expansion of macro 'spa_api_method_r'
  194 |         return spa_api_method_r(int, -ENOTSUP, pw_client, (struct spa_interface*)object, update_permissions, 0,
      |                ^~~~~~~~~~~~~~~~
/usr/include/spa-0.2/spa/utils/hook.h:207:1: warning: ISO C++ forbids braced-groups within expressions [-Wpedantic]
  207 | ({                                                                              \
      | ^
/usr/include/spa-0.2/spa/utils/hook.h:251:9: note: in expansion of macro 'spa_callbacks_call_res'
  251 |         spa_callbacks_call_res(&(iface)->cb,method_type,res,method,vers,##__VA_ARGS__)
      |         ^~~~~~~~~~~~~~~~~~~~~~
/usr/include/spa-0.2/spa/utils/hook.h:284:9: note: in expansion of macro 'spa_interface_call_res'
  284 |         spa_interface_call_res(_i, struct type ##_methods,              \
      |         ^~~~~~~~~~~~~~~~~~~~~~
/usr/include/pipewire-0.3/pipewire/client.h:194:16: note: in expansion of macro 'spa_api_method_r'
  194 |         return spa_api_method_r(int, -ENOTSUP, pw_client, (struct spa_interface*)object, update_permissions, 0,
      |                ^~~~~~~~~~~~~~~~
In file included from /usr/include/pipewire-0.3/pipewire/conf.h:8,
                 from /usr/include/pipewire-0.3/pipewire/pipewire.h:13:
/usr/include/spa-0.2/spa/utils/json-core.h: In function 'void spa_json_init(spa_json*, const char*, size_t)':
/usr/include/spa-0.2/spa/utils/json-core.h:51:89: warning: ISO C++ forbids compound-literals [-Wpedantic]
   51 | #define SPA_JSON_INIT(data,size) ((struct spa_json) { (data), (data)+(size), NULL, 0, 0 })
      |                                                                                         ^
/usr/include/spa-0.2/spa/utils/json-core.h:55:18: note: in expansion of macro 'SPA_JSON_INIT'
   55 |         *iter =  SPA_JSON_INIT(data, size);
      |                  ^~~~~~~~~~~~~
/usr/include/spa-0.2/spa/utils/json-core.h: In function 'void spa_json_init_relax(spa_json*, char, const char*, size_t)':
/usr/include/spa-0.2/spa/utils/json-core.h:59:101: warning: ISO C++ forbids compound-literals [-Wpedantic]
   59 |         ((struct spa_json) { (data), (data)+(size), NULL, (uint32_t)((type) == '[' ? 0x10 : 0x0), 0 })
      |                                                                                                     ^
/usr/include/spa-0.2/spa/utils/json-core.h:63:18: note: in expansion of macro 'SPA_JSON_INIT_RELAX'
   63 |         *iter =  SPA_JSON_INIT_RELAX(type, data, size);
      |                  ^~~~~~~~~~~~~~~~~~~
/usr/include/spa-0.2/spa/utils/json-core.h: In function 'void spa_json_enter(spa_json*, spa_json*)':
/usr/include/spa-0.2/spa/utils/json-core.h:66:110: warning: ISO C++ forbids compound-literals [-Wpedantic]
   66 | #define SPA_JSON_ENTER(iter) ((struct spa_json) { (iter)->cur, (iter)->end, (iter), (iter)->state & 0xff0, 0 })
      |                                                                                                              ^
/usr/include/spa-0.2/spa/utils/json-core.h:70:16: note: in expansion of macro 'SPA_JSON_ENTER'
   70 |         *sub = SPA_JSON_ENTER(iter);
      |                ^~~~~~~~~~~~~~
/usr/include/spa-0.2/spa/utils/json-core.h: In function 'void spa_json_save(spa_json*, spa_json*)':
/usr/include/spa-0.2/spa/utils/json-core.h:73:99: warning: ISO C++ forbids compound-literals [-Wpedantic]
   73 | #define SPA_JSON_SAVE(iter) ((struct spa_json) { (iter)->cur, (iter)->end, NULL, (iter)->state, 0 })
      |                                                                                                   ^
/usr/include/spa-0.2/spa/utils/json-core.h:77:17: note: in expansion of macro 'SPA_JSON_SAVE'
   77 |         *save = SPA_JSON_SAVE(iter);
      |                 ^~~~~~~~~~~~~
/usr/include/spa-0.2/spa/utils/json-core.h: In function 'void spa_json_start(spa_json*, spa_json*, const char*)':
/usr/include/spa-0.2/spa/utils/json-core.h:80:82: warning: ISO C++ forbids compound-literals [-Wpedantic]
   80 | #define SPA_JSON_START(iter,p) ((struct spa_json) { (p), (iter)->end, NULL, 0, 0 })
      |                                                                                  ^
/usr/include/spa-0.2/spa/utils/json-core.h:84:16: note: in expansion of macro 'SPA_JSON_START'
   84 |         *sub = SPA_JSON_START(iter,pos);
      |                ^~~~~~~~~~~~~~
/usr/include/spa-0.2/spa/utils/json-core.h: In function 'int spa_json_next(spa_json*, const char**)':
/usr/include/spa-0.2/spa/utils/defs.h:83:1: warning: ISO C++ forbids braced-groups within expressions [-Wpedantic]
   83 | ({                                                                      \
      | ^
/usr/include/spa-0.2/spa/utils/defs.h:91:81: note: in expansion of macro 'SPA_FLAG_CLEAR'
   91 | #define SPA_FLAG_UPDATE(field,flag,val) ((val) ? SPA_FLAG_SET((field),(flag)) : SPA_FLAG_CLEAR((field),(flag)))
      |                                                                                 ^~~~~~~~~~~~~~
/usr/include/spa-0.2/spa/utils/json-core.h:151:41: note: in expansion of macro 'SPA_FLAG_UPDATE'
  151 |                                         SPA_FLAG_UPDATE(flag, __KEY_FLAG, !(flag & __KEY_FLAG));
      |                                         ^~~~~~~~~~~~~~~
/usr/include/spa-0.2/spa/utils/defs.h:83:1: warning: ISO C++ forbids braced-groups within expressions [-Wpedantic]
   83 | ({                                                                      \
      | ^
/usr/include/spa-0.2/spa/utils/json-core.h:163:41: note: in expansion of macro 'SPA_FLAG_CLEAR'
  163 |                                         SPA_FLAG_CLEAR(flag, __KEY_FLAG);
      |                                         ^~~~~~~~~~~~~~
/usr/include/spa-0.2/spa/utils/defs.h:83:1: warning: ISO C++ forbids braced-groups within expressions [-Wpedantic]
   83 | ({                                                                      \
      | ^
/usr/include/spa-0.2/spa/utils/defs.h:91:81: note: in expansion of macro 'SPA_FLAG_CLEAR'
   91 | #define SPA_FLAG_UPDATE(field,flag,val) ((val) ? SPA_FLAG_SET((field),(flag)) : SPA_FLAG_CLEAR((field),(flag)))
      |                                                                                 ^~~~~~~~~~~~~~
/usr/include/spa-0.2/spa/utils/json-core.h:166:33: note: in expansion of macro 'SPA_FLAG_UPDATE'
  166 |                                 SPA_FLAG_UPDATE(iter->state, __ARRAY_FLAG, cur == '[');
      |                                 ^~~~~~~~~~~~~~~
/usr/include/spa-0.2/spa/utils/defs.h:83:1: warning: ISO C++ forbids braced-groups within expressions [-Wpedantic]
   83 | ({                                                                      \
      | ^
/usr/include/spa-0.2/spa/utils/defs.h:91:81: note: in expansion of macro 'SPA_FLAG_CLEAR'
   91 | #define SPA_FLAG_UPDATE(field,flag,val) ((val) ? SPA_FLAG_SET((field),(flag)) : SPA_FLAG_CLEAR((field),(flag)))
      |                                                                                 ^~~~~~~~~~~~~~
/usr/include/spa-0.2/spa/utils/json-core.h:173:41: note: in expansion of macro 'SPA_FLAG_UPDATE'
  173 |                                         SPA_FLAG_UPDATE(iter->state, __PREV_ARRAY_FLAG, flag & __ARRAY_FLAG);
      |                                         ^~~~~~~~~~~~~~~
/usr/include/spa-0.2/spa/utils/defs.h:83:1: warning: ISO C++ forbids braced-groups within expressions [-Wpedantic]
   83 | ({                                                                      \
      | ^
/usr/include/spa-0.2/spa/utils/defs.h:91:81: note: in expansion of macro 'SPA_FLAG_CLEAR'
   91 | #define SPA_FLAG_UPDATE(field,flag,val) ((val) ? SPA_FLAG_SET((field),(flag)) : SPA_FLAG_CLEAR((field),(flag)))
      |                                                                                 ^~~~~~~~~~~~~~
/usr/include/spa-0.2/spa/utils/json-core.h:176:41: note: in expansion of macro 'SPA_FLAG_UPDATE'
  176 |                                         SPA_FLAG_UPDATE(array_stack[(iter->depth-1) >> 6], mask, flag & __ARRAY_FLAG);
      |                                         ^~~~~~~~~~~~~~~
/usr/include/spa-0.2/spa/utils/defs.h:83:1: warning: ISO C++ forbids braced-groups within expressions [-Wpedantic]
   83 | ({                                                                      \
      | ^
/usr/include/spa-0.2/spa/utils/defs.h:91:81: note: in expansion of macro 'SPA_FLAG_CLEAR'
   91 | #define SPA_FLAG_UPDATE(field,flag,val) ((val) ? SPA_FLAG_SET((field),(flag)) : SPA_FLAG_CLEAR((field),(flag)))
      |                                                                                 ^~~~~~~~~~~~~~
/usr/include/spa-0.2/spa/utils/json-core.h:206:41: note: in expansion of macro 'SPA_FLAG_UPDATE'
  206 |                                         SPA_FLAG_UPDATE(iter->state, __ARRAY_FLAG, flag & __PREV_ARRAY_FLAG);
      |                                         ^~~~~~~~~~~~~~~
/usr/include/spa-0.2/spa/utils/defs.h:83:1: warning: ISO C++ forbids braced-groups within expressions [-Wpedantic]
   83 | ({                                                                      \
      | ^
/usr/include/spa-0.2/spa/utils/defs.h:91:81: note: in expansion of macro 'SPA_FLAG_CLEAR'
   91 | #define SPA_FLAG_UPDATE(field,flag,val) ((val) ? SPA_FLAG_SET((field),(flag)) : SPA_FLAG_CLEAR((field),(flag)))
      |                                                                                 ^~~~~~~~~~~~~~
/usr/include/spa-0.2/spa/utils/json-core.h:209:41: note: in expansion of macro 'SPA_FLAG_UPDATE'
  209 |                                         SPA_FLAG_UPDATE(iter->state, __ARRAY_FLAG,
      |                                         ^~~~~~~~~~~~~~~
/usr/include/spa-0.2/spa/utils/defs.h:83:1: warning: ISO C++ forbids braced-groups within expressions [-Wpedantic]
   83 | ({                                                                      \
      | ^
/usr/include/spa-0.2/spa/utils/defs.h:91:81: note: in expansion of macro 'SPA_FLAG_CLEAR'
   91 | #define SPA_FLAG_UPDATE(field,flag,val) ((val) ? SPA_FLAG_SET((field),(flag)) : SPA_FLAG_CLEAR((field),(flag)))
      |                                                                                 ^~~~~~~~~~~~~~
/usr/include/spa-0.2/spa/utils/json-core.h:226:41: note: in expansion of macro 'SPA_FLAG_UPDATE'
  226 |                                         SPA_FLAG_UPDATE(flag, __KEY_FLAG, !(flag & __KEY_FLAG));
      |                                         ^~~~~~~~~~~~~~~
/usr/include/spa-0.2/spa/utils/json-core.h:260:25: warning: range expressions in switch statements are non-standard [-Wpedantic]
  260 |                         case 240 ... 247:
      |                         ^~~~
/usr/include/spa-0.2/spa/utils/json-core.h:263:25: warning: range expressions in switch statements are non-standard [-Wpedantic]
  263 |                         case 224 ... 239:
      |                         ^~~~
/usr/include/spa-0.2/spa/utils/json-core.h:266:25: warning: range expressions in switch statements are non-standard [-Wpedantic]
  266 |                         case 192 ... 223:
      |                         ^~~~
/usr/include/spa-0.2/spa/utils/json-core.h:277:25: warning: range expressions in switch statements are non-standard [-Wpedantic]
  277 |                         case 128 ... 191:
      |                         ^~~~
/usr/include/spa-0.2/spa/utils/json-core.h: In function 'bool spa_json_get_error(spa_json*, const char*, spa_error_location*)':
/usr/include/spa-0.2/spa/utils/defs.h:159:1: warning: ISO C++ forbids braced-groups within expressions [-Wpedantic]
  159 | ({                                                      \
      | ^
/usr/include/spa-0.2/spa/utils/json-core.h:388:24: note: in expansion of macro 'SPA_CLAMP'
  388 |                 code = SPA_CLAMP(iter->state & 0xff, 0u, SPA_N_ELEMENTS(reasons)-1);
      |                        ^~~~~~~~~
/usr/include/spa-0.2/spa/utils/defs.h:147:1: warning: ISO C++ forbids braced-groups within expressions [-Wpedantic]
  147 | ({                                                      \
      | ^
/usr/include/spa-0.2/spa/utils/defs.h:163:9: note: in expansion of macro 'SPA_MIN'
  163 |         SPA_MIN(SPA_MAX(_v, _low), _high);              \
      |         ^~~~~~~
/usr/include/spa-0.2/spa/utils/json-core.h:388:24: note: in expansion of macro 'SPA_CLAMP'
  388 |                 code = SPA_CLAMP(iter->state & 0xff, 0u, SPA_N_ELEMENTS(reasons)-1);
      |                        ^~~~~~~~~
/usr/include/spa-0.2/spa/utils/defs.h:153:1: warning: ISO C++ forbids braced-groups within expressions [-Wpedantic]
  153 | ({                                                      \
      | ^
/usr/include/spa-0.2/spa/utils/defs.h:148:20: note: in definition of macro 'SPA_MIN'
  148 |         __typeof__(a) _min_a = (a);                     \
      |                    ^
/usr/include/spa-0.2/spa/utils/defs.h:163:17: note: in expansion of macro 'SPA_MAX'
  163 |         SPA_MIN(SPA_MAX(_v, _low), _high);              \
      |                 ^~~~~~~
/usr/include/spa-0.2/spa/utils/json-core.h:388:24: note: in expansion of macro 'SPA_CLAMP'
  388 |                 code = SPA_CLAMP(iter->state & 0xff, 0u, SPA_N_ELEMENTS(reasons)-1);
      |                        ^~~~~~~~~
/usr/include/spa-0.2/spa/utils/defs.h:153:1: warning: ISO C++ forbids braced-groups within expressions [-Wpedantic]
  153 | ({                                                      \
      | ^
/usr/include/spa-0.2/spa/utils/defs.h:148:33: note: in definition of macro 'SPA_MIN'
  148 |         __typeof__(a) _min_a = (a);                     \
      |                                 ^
/usr/include/spa-0.2/spa/utils/defs.h:163:17: note: in expansion of macro 'SPA_MAX'
  163 |         SPA_MIN(SPA_MAX(_v, _low), _high);              \
      |                 ^~~~~~~
/usr/include/spa-0.2/spa/utils/json-core.h:388:24: note: in expansion of macro 'SPA_CLAMP'
  388 |                 code = SPA_CLAMP(iter->state & 0xff, 0u, SPA_N_ELEMENTS(reasons)-1);
      |                        ^~~~~~~~~
/usr/include/spa-0.2/spa/utils/json-core.h: In function 'int spa_json_parse_float(const char*, int, float*)':
/usr/include/spa-0.2/spa/utils/json-core.h:433:37: warning: range expressions in switch statements are non-standard [-Wpedantic]
  433 |                 case '+': case '-': case '0' ... '9': case '.': case 'e': case 'E': break;
      |                                     ^~~~
/usr/include/pipewire-0.3/pipewire/device.h: In function 'int pw_device_add_listener(pw_device*, spa_hook*, const pw_device_events*, void*)':
/usr/include/spa-0.2/spa/utils/hook.h:281:1: warning: ISO C++ forbids braced-groups within expressions [-Wpedantic]
  281 | ({                                                                      \
      | ^
/usr/include/pipewire-0.3/pipewire/device.h:155:16: note: in expansion of macro 'spa_api_method_r'
  155 |         return spa_api_method_r(int, -ENOTSUP,
      |                ^~~~~~~~~~~~~~~~
/usr/include/spa-0.2/spa/utils/hook.h:207:1: warning: ISO C++ forbids braced-groups within expressions [-Wpedantic]
  207 | ({                                                                              \
      | ^
/usr/include/spa-0.2/spa/utils/hook.h:251:9: note: in expansion of macro 'spa_callbacks_call_res'
  251 |         spa_callbacks_call_res(&(iface)->cb,method_type,res,method,vers,##__VA_ARGS__)
      |         ^~~~~~~~~~~~~~~~~~~~~~
/usr/include/spa-0.2/spa/utils/hook.h:284:9: note: in expansion of macro 'spa_interface_call_res'
  284 |         spa_interface_call_res(_i, struct type ##_methods,              \
      |         ^~~~~~~~~~~~~~~~~~~~~~
/usr/include/pipewire-0.3/pipewire/device.h:155:16: note: in expansion of macro 'spa_api_method_r'
  155 |         return spa_api_method_r(int, -ENOTSUP,
      |                ^~~~~~~~~~~~~~~~
/usr/include/pipewire-0.3/pipewire/device.h: In function 'int pw_device_subscribe_params(pw_device*, uint32_t*, uint32_t)':
/usr/include/spa-0.2/spa/utils/hook.h:281:1: warning: ISO C++ forbids braced-groups within expressions [-Wpedantic]
  281 | ({                                                                      \
      | ^
/usr/include/pipewire-0.3/pipewire/device.h:163:16: note: in expansion of macro 'spa_api_method_r'
  163 |         return spa_api_method_r(int, -ENOTSUP,
      |                ^~~~~~~~~~~~~~~~
/usr/include/spa-0.2/spa/utils/hook.h:207:1: warning: ISO C++ forbids braced-groups within expressions [-Wpedantic]
  207 | ({                                                                              \
      | ^
/usr/include/spa-0.2/spa/utils/hook.h:251:9: note: in expansion of macro 'spa_callbacks_call_res'
  251 |         spa_callbacks_call_res(&(iface)->cb,method_type,res,method,vers,##__VA_ARGS__)
      |         ^~~~~~~~~~~~~~~~~~~~~~
/usr/include/spa-0.2/spa/utils/hook.h:284:9: note: in expansion of macro 'spa_interface_call_res'
  284 |         spa_interface_call_res(_i, struct type ##_methods,              \
      |         ^~~~~~~~~~~~~~~~~~~~~~
/usr/include/pipewire-0.3/pipewire/device.h:163:16: note: in expansion of macro 'spa_api_method_r'
  163 |         return spa_api_method_r(int, -ENOTSUP,
      |                ^~~~~~~~~~~~~~~~
/usr/include/pipewire-0.3/pipewire/device.h: In function 'int pw_device_enum_params(pw_device*, int, uint32_t, uint32_t, uint32_t, const spa_pod*)':
/usr/include/spa-0.2/spa/utils/hook.h:281:1: warning: ISO C++ forbids braced-groups within expressions [-Wpedantic]
  281 | ({                                                                      \
      | ^
/usr/include/pipewire-0.3/pipewire/device.h:173:16: note: in expansion of macro 'spa_api_method_r'
  173 |         return spa_api_method_r(int, -ENOTSUP,
      |                ^~~~~~~~~~~~~~~~
/usr/include/spa-0.2/spa/utils/hook.h:207:1: warning: ISO C++ forbids braced-groups within expressions [-Wpedantic]
  207 | ({                                                                              \
      | ^
/usr/include/spa-0.2/spa/utils/hook.h:251:9: note: in expansion of macro 'spa_callbacks_call_res'
  251 |         spa_callbacks_call_res(&(iface)->cb,method_type,res,method,vers,##__VA_ARGS__)
      |         ^~~~~~~~~~~~~~~~~~~~~~
/usr/include/spa-0.2/spa/utils/hook.h:284:9: note: in expansion of macro 'spa_interface_call_res'
  284 |         spa_interface_call_res(_i, struct type ##_methods,              \
      |         ^~~~~~~~~~~~~~~~~~~~~~
/usr/include/pipewire-0.3/pipewire/device.h:173:16: note: in expansion of macro 'spa_api_method_r'
  173 |         return spa_api_method_r(int, -ENOTSUP,
      |                ^~~~~~~~~~~~~~~~
/usr/include/pipewire-0.3/pipewire/device.h: In function 'int pw_device_set_param(pw_device*, uint32_t, uint32_t, const spa_pod*)':
/usr/include/spa-0.2/spa/utils/hook.h:281:1: warning: ISO C++ forbids braced-groups within expressions [-Wpedantic]
  281 | ({                                                                      \
      | ^
/usr/include/pipewire-0.3/pipewire/device.h:182:16: note: in expansion of macro 'spa_api_method_r'
  182 |         return spa_api_method_r(int, -ENOTSUP,
      |                ^~~~~~~~~~~~~~~~
/usr/include/spa-0.2/spa/utils/hook.h:207:1: warning: ISO C++ forbids braced-groups within expressions [-Wpedantic]
  207 | ({                                                                              \
      | ^
/usr/include/spa-0.2/spa/utils/hook.h:251:9: note: in expansion of macro 'spa_callbacks_call_res'
  251 |         spa_callbacks_call_res(&(iface)->cb,method_type,res,method,vers,##__VA_ARGS__)
      |         ^~~~~~~~~~~~~~~~~~~~~~
/usr/include/spa-0.2/spa/utils/hook.h:284:9: note: in expansion of macro 'spa_interface_call_res'
  284 |         spa_interface_call_res(_i, struct type ##_methods,              \
      |         ^~~~~~~~~~~~~~~~~~~~~~
/usr/include/pipewire-0.3/pipewire/device.h:182:16: note: in expansion of macro 'spa_api_method_r'
  182 |         return spa_api_method_r(int, -ENOTSUP,
      |                ^~~~~~~~~~~~~~~~
/usr/include/spa-0.2/spa/node/node.h: In function 'int spa_node_add_listener(spa_node*, spa_hook*, const spa_node_events*, void*)':
/usr/include/spa-0.2/spa/utils/hook.h:281:1: warning: ISO C++ forbids braced-groups within expressions [-Wpedantic]
  281 | ({                                                                      \
      | ^
/usr/include/spa-0.2/spa/node/node.h:650:16: note: in expansion of macro 'spa_api_method_r'
  650 |         return spa_api_method_r(int, -ENOTSUP, spa_node, &object->iface, add_listener, 0,
      |                ^~~~~~~~~~~~~~~~
/usr/include/spa-0.2/spa/utils/hook.h:207:1: warning: ISO C++ forbids braced-groups within expressions [-Wpedantic]
  207 | ({                                                                              \
      | ^
/usr/include/spa-0.2/spa/utils/hook.h:251:9: note: in expansion of macro 'spa_callbacks_call_res'
  251 |         spa_callbacks_call_res(&(iface)->cb,method_type,res,method,vers,##__VA_ARGS__)
      |         ^~~~~~~~~~~~~~~~~~~~~~
/usr/include/spa-0.2/spa/utils/hook.h:284:9: note: in expansion of macro 'spa_interface_call_res'
  284 |         spa_interface_call_res(_i, struct type ##_methods,              \
      |         ^~~~~~~~~~~~~~~~~~~~~~
/usr/include/spa-0.2/spa/node/node.h:650:16: note: in expansion of macro 'spa_api_method_r'
  650 |         return spa_api_method_r(int, -ENOTSUP, spa_node, &object->iface, add_listener, 0,
      |                ^~~~~~~~~~~~~~~~
/usr/include/spa-0.2/spa/node/node.h: In function 'int spa_node_set_callbacks(spa_node*, const spa_node_callbacks*, void*)':
/usr/include/spa-0.2/spa/utils/hook.h:281:1: warning: ISO C++ forbids braced-groups within expressions [-Wpedantic]
  281 | ({                                                                      \
      | ^
/usr/include/spa-0.2/spa/node/node.h:657:16: note: in expansion of macro 'spa_api_method_r'
  657 |         return spa_api_method_r(int, -ENOTSUP, spa_node, &object->iface, set_callbacks, 0,
      |                ^~~~~~~~~~~~~~~~
/usr/include/spa-0.2/spa/utils/hook.h:207:1: warning: ISO C++ forbids braced-groups within expressions [-Wpedantic]
  207 | ({                                                                              \
      | ^
/usr/include/spa-0.2/spa/utils/hook.h:251:9: note: in expansion of macro 'spa_callbacks_call_res'
  251 |         spa_callbacks_call_res(&(iface)->cb,method_type,res,method,vers,##__VA_ARGS__)
      |         ^~~~~~~~~~~~~~~~~~~~~~
/usr/include/spa-0.2/spa/utils/hook.h:284:9: note: in expansion of macro 'spa_interface_call_res'
  284 |         spa_interface_call_res(_i, struct type ##_methods,              \
      |         ^~~~~~~~~~~~~~~~~~~~~~
/usr/include/spa-0.2/spa/node/node.h:657:16: note: in expansion of macro 'spa_api_method_r'
  657 |         return spa_api_method_r(int, -ENOTSUP, spa_node, &object->iface, set_callbacks, 0,
      |                ^~~~~~~~~~~~~~~~
/usr/include/spa-0.2/spa/node/node.h: In function 'int spa_node_sync(spa_node*, int)':
/usr/include/spa-0.2/spa/utils/hook.h:281:1: warning: ISO C++ forbids braced-groups within expressions [-Wpedantic]
  281 | ({                                                                      \
      | ^
/usr/include/spa-0.2/spa/node/node.h:662:16: note: in expansion of macro 'spa_api_method_r'
  662 |         return spa_api_method_r(int, -ENOTSUP, spa_node, &object->iface, sync, 0,
      |                ^~~~~~~~~~~~~~~~
/usr/include/spa-0.2/spa/utils/hook.h:207:1: warning: ISO C++ forbids braced-groups within expressions [-Wpedantic]
  207 | ({                                                                              \
      | ^
/usr/include/spa-0.2/spa/utils/hook.h:251:9: note: in expansion of macro 'spa_callbacks_call_res'
  251 |         spa_callbacks_call_res(&(iface)->cb,method_type,res,method,vers,##__VA_ARGS__)
      |         ^~~~~~~~~~~~~~~~~~~~~~
/usr/include/spa-0.2/spa/utils/hook.h:284:9: note: in expansion of macro 'spa_interface_call_res'
  284 |         spa_interface_call_res(_i, struct type ##_methods,              \
      |         ^~~~~~~~~~~~~~~~~~~~~~
/usr/include/spa-0.2/spa/node/node.h:662:16: note: in expansion of macro 'spa_api_method_r'
  662 |         return spa_api_method_r(int, -ENOTSUP, spa_node, &object->iface, sync, 0,
      |                ^~~~~~~~~~~~~~~~
/usr/include/spa-0.2/spa/node/node.h: In function 'int spa_node_enum_params(spa_node*, int, uint32_t, uint32_t, uint32_t, const spa_pod*)':
/usr/include/spa-0.2/spa/utils/hook.h:281:1: warning: ISO C++ forbids braced-groups within expressions [-Wpedantic]
  281 | ({                                                                      \
      | ^
/usr/include/spa-0.2/spa/node/node.h:669:16: note: in expansion of macro 'spa_api_method_r'
  669 |         return spa_api_method_r(int, -ENOTSUP, spa_node, &object->iface, enum_params, 0,
      |                ^~~~~~~~~~~~~~~~
/usr/include/spa-0.2/spa/utils/hook.h:207:1: warning: ISO C++ forbids braced-groups within expressions [-Wpedantic]
  207 | ({                                                                              \
      | ^
/usr/include/spa-0.2/spa/utils/hook.h:251:9: note: in expansion of macro 'spa_callbacks_call_res'
  251 |         spa_callbacks_call_res(&(iface)->cb,method_type,res,method,vers,##__VA_ARGS__)
      |         ^~~~~~~~~~~~~~~~~~~~~~
/usr/include/spa-0.2/spa/utils/hook.h:284:9: note: in expansion of macro 'spa_interface_call_res'
  284 |         spa_interface_call_res(_i, struct type ##_methods,              \
      |         ^~~~~~~~~~~~~~~~~~~~~~
/usr/include/spa-0.2/spa/node/node.h:669:16: note: in expansion of macro 'spa_api_method_r'
  669 |         return spa_api_method_r(int, -ENOTSUP, spa_node, &object->iface, enum_params, 0,
      |                ^~~~~~~~~~~~~~~~
/usr/include/spa-0.2/spa/node/node.h: In function 'int spa_node_set_param(spa_node*, uint32_t, uint32_t, const spa_pod*)':
/usr/include/spa-0.2/spa/utils/hook.h:281:1: warning: ISO C++ forbids braced-groups within expressions [-Wpedantic]
  281 | ({                                                                      \
      | ^
/usr/include/spa-0.2/spa/node/node.h:676:16: note: in expansion of macro 'spa_api_method_r'
  676 |         return spa_api_method_r(int, -ENOTSUP, spa_node, &object->iface, set_param, 0,
      |                ^~~~~~~~~~~~~~~~
/usr/include/spa-0.2/spa/utils/hook.h:207:1: warning: ISO C++ forbids braced-groups within expressions [-Wpedantic]
  207 | ({                                                                              \
      | ^
/usr/include/spa-0.2/spa/utils/hook.h:251:9: note: in expansion of macro 'spa_callbacks_call_res'
  251 |         spa_callbacks_call_res(&(iface)->cb,method_type,res,method,vers,##__VA_ARGS__)
      |         ^~~~~~~~~~~~~~~~~~~~~~
/usr/include/spa-0.2/spa/utils/hook.h:284:9: note: in expansion of macro 'spa_interface_call_res'
  284 |         spa_interface_call_res(_i, struct type ##_methods,              \
      |         ^~~~~~~~~~~~~~~~~~~~~~
/usr/include/spa-0.2/spa/node/node.h:676:16: note: in expansion of macro 'spa_api_method_r'
  676 |         return spa_api_method_r(int, -ENOTSUP, spa_node, &object->iface, set_param, 0,
      |                ^~~~~~~~~~~~~~~~
/usr/include/spa-0.2/spa/node/node.h: In function 'int spa_node_set_io(spa_node*, uint32_t, void*, size_t)':
/usr/include/spa-0.2/spa/utils/hook.h:281:1: warning: ISO C++ forbids braced-groups within expressions [-Wpedantic]
  281 | ({                                                                      \
      | ^
/usr/include/spa-0.2/spa/node/node.h:682:16: note: in expansion of macro 'spa_api_method_r'
  682 |         return spa_api_method_r(int, -ENOTSUP, spa_node, &object->iface, set_io, 0,
      |                ^~~~~~~~~~~~~~~~
/usr/include/spa-0.2/spa/utils/hook.h:207:1: warning: ISO C++ forbids braced-groups within expressions [-Wpedantic]
  207 | ({                                                                              \
      | ^
/usr/include/spa-0.2/spa/utils/hook.h:251:9: note: in expansion of macro 'spa_callbacks_call_res'
  251 |         spa_callbacks_call_res(&(iface)->cb,method_type,res,method,vers,##__VA_ARGS__)
      |         ^~~~~~~~~~~~~~~~~~~~~~
/usr/include/spa-0.2/spa/utils/hook.h:284:9: note: in expansion of macro 'spa_interface_call_res'
  284 |         spa_interface_call_res(_i, struct type ##_methods,              \
      |         ^~~~~~~~~~~~~~~~~~~~~~
/usr/include/spa-0.2/spa/node/node.h:682:16: note: in expansion of macro 'spa_api_method_r'
  682 |         return spa_api_method_r(int, -ENOTSUP, spa_node, &object->iface, set_io, 0,
      |                ^~~~~~~~~~~~~~~~
/usr/include/spa-0.2/spa/node/node.h: In function 'int spa_node_send_command(spa_node*, const spa_command*)':
/usr/include/spa-0.2/spa/utils/hook.h:281:1: warning: ISO C++ forbids braced-groups within expressions [-Wpedantic]
  281 | ({                                                                      \
      | ^
/usr/include/spa-0.2/spa/node/node.h:688:16: note: in expansion of macro 'spa_api_method_r'
  688 |         return spa_api_method_r(int, -ENOTSUP, spa_node, &object->iface, send_command, 0,
      |                ^~~~~~~~~~~~~~~~
/usr/include/spa-0.2/spa/utils/hook.h:207:1: warning: ISO C++ forbids braced-groups within expressions [-Wpedantic]
  207 | ({                                                                              \
      | ^
/usr/include/spa-0.2/spa/utils/hook.h:251:9: note: in expansion of macro 'spa_callbacks_call_res'
  251 |         spa_callbacks_call_res(&(iface)->cb,method_type,res,method,vers,##__VA_ARGS__)
      |         ^~~~~~~~~~~~~~~~~~~~~~
/usr/include/spa-0.2/spa/utils/hook.h:284:9: note: in expansion of macro 'spa_interface_call_res'
  284 |         spa_interface_call_res(_i, struct type ##_methods,              \
      |         ^~~~~~~~~~~~~~~~~~~~~~
/usr/include/spa-0.2/spa/node/node.h:688:16: note: in expansion of macro 'spa_api_method_r'
  688 |         return spa_api_method_r(int, -ENOTSUP, spa_node, &object->iface, send_command, 0,
      |                ^~~~~~~~~~~~~~~~
/usr/include/spa-0.2/spa/node/node.h: In function 'int spa_node_add_port(spa_node*, spa_direction, uint32_t, const spa_dict*)':
/usr/include/spa-0.2/spa/utils/hook.h:281:1: warning: ISO C++ forbids braced-groups within expressions [-Wpedantic]
  281 | ({                                                                      \
      | ^
/usr/include/spa-0.2/spa/node/node.h:695:16: note: in expansion of macro 'spa_api_method_r'
  695 |         return spa_api_method_r(int, -ENOTSUP, spa_node, &object->iface, add_port, 0,
      |                ^~~~~~~~~~~~~~~~
/usr/include/spa-0.2/spa/utils/hook.h:207:1: warning: ISO C++ forbids braced-groups within expressions [-Wpedantic]
  207 | ({                                                                              \
      | ^
/usr/include/spa-0.2/spa/utils/hook.h:251:9: note: in expansion of macro 'spa_callbacks_call_res'
  251 |         spa_callbacks_call_res(&(iface)->cb,method_type,res,method,vers,##__VA_ARGS__)
      |         ^~~~~~~~~~~~~~~~~~~~~~
/usr/include/spa-0.2/spa/utils/hook.h:284:9: note: in expansion of macro 'spa_interface_call_res'
  284 |         spa_interface_call_res(_i, struct type ##_methods,              \
      |         ^~~~~~~~~~~~~~~~~~~~~~
/usr/include/spa-0.2/spa/node/node.h:695:16: note: in expansion of macro 'spa_api_method_r'
  695 |         return spa_api_method_r(int, -ENOTSUP, spa_node, &object->iface, add_port, 0,
      |                ^~~~~~~~~~~~~~~~
/usr/include/spa-0.2/spa/node/node.h: In function 'int spa_node_remove_port(spa_node*, spa_direction, uint32_t)':
/usr/include/spa-0.2/spa/utils/hook.h:281:1: warning: ISO C++ forbids braced-groups within expressions [-Wpedantic]
  281 | ({                                                                      \
      | ^
/usr/include/spa-0.2/spa/node/node.h:701:16: note: in expansion of macro 'spa_api_method_r'
  701 |         return spa_api_method_r(int, -ENOTSUP, spa_node, &object->iface, remove_port, 0,
      |                ^~~~~~~~~~~~~~~~
/usr/include/spa-0.2/spa/utils/hook.h:207:1: warning: ISO C++ forbids braced-groups within expressions [-Wpedantic]
  207 | ({                                                                              \
      | ^
/usr/include/spa-0.2/spa/utils/hook.h:251:9: note: in expansion of macro 'spa_callbacks_call_res'
  251 |         spa_callbacks_call_res(&(iface)->cb,method_type,res,method,vers,##__VA_ARGS__)
      |         ^~~~~~~~~~~~~~~~~~~~~~
/usr/include/spa-0.2/spa/utils/hook.h:284:9: note: in expansion of macro 'spa_interface_call_res'
  284 |         spa_interface_call_res(_i, struct type ##_methods,              \
      |         ^~~~~~~~~~~~~~~~~~~~~~
/usr/include/spa-0.2/spa/node/node.h:701:16: note: in expansion of macro 'spa_api_method_r'
  701 |         return spa_api_method_r(int, -ENOTSUP, spa_node, &object->iface, remove_port, 0,
      |                ^~~~~~~~~~~~~~~~
/usr/include/spa-0.2/spa/node/node.h: In function 'int spa_node_port_enum_params(spa_node*, int, spa_direction, uint32_t, uint32_t, uint32_t, uint32_t, const spa_pod*)':
/usr/include/spa-0.2/spa/utils/hook.h:281:1: warning: ISO C++ forbids braced-groups within expressions [-Wpedantic]
  281 | ({                                                                      \
      | ^
/usr/include/spa-0.2/spa/node/node.h:709:16: note: in expansion of macro 'spa_api_method_r'
  709 |         return spa_api_method_r(int, -ENOTSUP, spa_node, &object->iface, port_enum_params, 0,
      |                ^~~~~~~~~~~~~~~~
/usr/include/spa-0.2/spa/utils/hook.h:207:1: warning: ISO C++ forbids braced-groups within expressions [-Wpedantic]
  207 | ({                                                                              \
      | ^
/usr/include/spa-0.2/spa/utils/hook.h:251:9: note: in expansion of macro 'spa_callbacks_call_res'
  251 |         spa_callbacks_call_res(&(iface)->cb,method_type,res,method,vers,##__VA_ARGS__)
      |         ^~~~~~~~~~~~~~~~~~~~~~
/usr/include/spa-0.2/spa/utils/hook.h:284:9: note: in expansion of macro 'spa_interface_call_res'
  284 |         spa_interface_call_res(_i, struct type ##_methods,              \
      |         ^~~~~~~~~~~~~~~~~~~~~~
/usr/include/spa-0.2/spa/node/node.h:709:16: note: in expansion of macro 'spa_api_method_r'
  709 |         return spa_api_method_r(int, -ENOTSUP, spa_node, &object->iface, port_enum_params, 0,
      |                ^~~~~~~~~~~~~~~~
/usr/include/spa-0.2/spa/node/node.h: In function 'int spa_node_port_set_param(spa_node*, spa_direction, uint32_t, uint32_t, uint32_t, const spa_pod*)':
/usr/include/spa-0.2/spa/utils/hook.h:281:1: warning: ISO C++ forbids braced-groups within expressions [-Wpedantic]
  281 | ({                                                                      \
      | ^
/usr/include/spa-0.2/spa/node/node.h:718:16: note: in expansion of macro 'spa_api_method_r'
  718 |         return spa_api_method_r(int, -ENOTSUP, spa_node, &object->iface, port_set_param, 0,
      |                ^~~~~~~~~~~~~~~~
/usr/include/spa-0.2/spa/utils/hook.h:207:1: warning: ISO C++ forbids braced-groups within expressions [-Wpedantic]
  207 | ({                                                                              \
      | ^
/usr/include/spa-0.2/spa/utils/hook.h:251:9: note: in expansion of macro 'spa_callbacks_call_res'
  251 |         spa_callbacks_call_res(&(iface)->cb,method_type,res,method,vers,##__VA_ARGS__)
      |         ^~~~~~~~~~~~~~~~~~~~~~
/usr/include/spa-0.2/spa/utils/hook.h:284:9: note: in expansion of macro 'spa_interface_call_res'
  284 |         spa_interface_call_res(_i, struct type ##_methods,              \
      |         ^~~~~~~~~~~~~~~~~~~~~~
/usr/include/spa-0.2/spa/node/node.h:718:16: note: in expansion of macro 'spa_api_method_r'
  718 |         return spa_api_method_r(int, -ENOTSUP, spa_node, &object->iface, port_set_param, 0,
      |                ^~~~~~~~~~~~~~~~
/usr/include/spa-0.2/spa/node/node.h: In function 'int spa_node_port_use_buffers(spa_node*, spa_direction, uint32_t, uint32_t, spa_buffer**, uint32_t)':
/usr/include/spa-0.2/spa/utils/hook.h:281:1: warning: ISO C++ forbids braced-groups within expressions [-Wpedantic]
  281 | ({                                                                      \
      | ^
/usr/include/spa-0.2/spa/node/node.h:728:16: note: in expansion of macro 'spa_api_method_r'
  728 |         return spa_api_method_r(int, -ENOTSUP, spa_node, &object->iface, port_use_buffers, 0,
      |                ^~~~~~~~~~~~~~~~
/usr/include/spa-0.2/spa/utils/hook.h:207:1: warning: ISO C++ forbids braced-groups within expressions [-Wpedantic]
  207 | ({                                                                              \
      | ^
/usr/include/spa-0.2/spa/utils/hook.h:251:9: note: in expansion of macro 'spa_callbacks_call_res'
  251 |         spa_callbacks_call_res(&(iface)->cb,method_type,res,method,vers,##__VA_ARGS__)
      |         ^~~~~~~~~~~~~~~~~~~~~~
/usr/include/spa-0.2/spa/utils/hook.h:284:9: note: in expansion of macro 'spa_interface_call_res'
  284 |         spa_interface_call_res(_i, struct type ##_methods,              \
      |         ^~~~~~~~~~~~~~~~~~~~~~
/usr/include/spa-0.2/spa/node/node.h:728:16: note: in expansion of macro 'spa_api_method_r'
  728 |         return spa_api_method_r(int, -ENOTSUP, spa_node, &object->iface, port_use_buffers, 0,
      |                ^~~~~~~~~~~~~~~~
/usr/include/spa-0.2/spa/node/node.h: In function 'int spa_node_port_set_io(spa_node*, spa_direction, uint32_t, uint32_t, void*, size_t)':
/usr/include/spa-0.2/spa/utils/hook.h:281:1: warning: ISO C++ forbids braced-groups within expressions [-Wpedantic]
  281 | ({                                                                      \
      | ^
/usr/include/spa-0.2/spa/node/node.h:736:16: note: in expansion of macro 'spa_api_method_r'
  736 |         return spa_api_method_r(int, -ENOTSUP, spa_node, &object->iface, port_set_io, 0,
      |                ^~~~~~~~~~~~~~~~
/usr/include/spa-0.2/spa/utils/hook.h:207:1: warning: ISO C++ forbids braced-groups within expressions [-Wpedantic]
  207 | ({                                                                              \
      | ^
/usr/include/spa-0.2/spa/utils/hook.h:251:9: note: in expansion of macro 'spa_callbacks_call_res'
  251 |         spa_callbacks_call_res(&(iface)->cb,method_type,res,method,vers,##__VA_ARGS__)
      |         ^~~~~~~~~~~~~~~~~~~~~~
/usr/include/spa-0.2/spa/utils/hook.h:284:9: note: in expansion of macro 'spa_interface_call_res'
  284 |         spa_interface_call_res(_i, struct type ##_methods,              \
      |         ^~~~~~~~~~~~~~~~~~~~~~
/usr/include/spa-0.2/spa/node/node.h:736:16: note: in expansion of macro 'spa_api_method_r'
  736 |         return spa_api_method_r(int, -ENOTSUP, spa_node, &object->iface, port_set_io, 0,
      |                ^~~~~~~~~~~~~~~~
/usr/include/spa-0.2/spa/node/node.h: In function 'int spa_node_port_reuse_buffer(spa_node*, uint32_t, uint32_t)':
/usr/include/spa-0.2/spa/utils/hook.h:281:1: warning: ISO C++ forbids braced-groups within expressions [-Wpedantic]
  281 | ({                                                                      \
      | ^
/usr/include/spa-0.2/spa/node/node.h:742:16: note: in expansion of macro 'spa_api_method_r'
  742 |         return spa_api_method_r(int, -ENOTSUP, spa_node, &object->iface, port_reuse_buffer, 0,
      |                ^~~~~~~~~~~~~~~~
/usr/include/spa-0.2/spa/utils/hook.h:207:1: warning: ISO C++ forbids braced-groups within expressions [-Wpedantic]
  207 | ({                                                                              \
      | ^
/usr/include/spa-0.2/spa/utils/hook.h:251:9: note: in expansion of macro 'spa_callbacks_call_res'
  251 |         spa_callbacks_call_res(&(iface)->cb,method_type,res,method,vers,##__VA_ARGS__)
      |         ^~~~~~~~~~~~~~~~~~~~~~
/usr/include/spa-0.2/spa/utils/hook.h:284:9: note: in expansion of macro 'spa_interface_call_res'
  284 |         spa_interface_call_res(_i, struct type ##_methods,              \
      |         ^~~~~~~~~~~~~~~~~~~~~~
/usr/include/spa-0.2/spa/node/node.h:742:16: note: in expansion of macro 'spa_api_method_r'
  742 |         return spa_api_method_r(int, -ENOTSUP, spa_node, &object->iface, port_reuse_buffer, 0,
      |                ^~~~~~~~~~~~~~~~
/usr/include/spa-0.2/spa/node/node.h: In function 'int spa_node_port_reuse_buffer_fast(spa_node*, uint32_t, uint32_t)':
/usr/include/spa-0.2/spa/utils/hook.h:315:1: warning: ISO C++ forbids braced-groups within expressions [-Wpedantic]
  315 | ({                                                                      \
      | ^
/usr/include/spa-0.2/spa/node/node.h:747:16: note: in expansion of macro 'spa_api_method_fast_r'
  747 |         return spa_api_method_fast_r(int, -ENOTSUP, spa_node, &object->iface, port_reuse_buffer, 0,
      |                ^~~~~~~~~~~~~~~~~~~~~
/usr/include/spa-0.2/spa/utils/hook.h:214:1: warning: ISO C++ forbids braced-groups within expressions [-Wpedantic]
  214 | ({                                                                              \
      | ^
/usr/include/spa-0.2/spa/utils/hook.h:254:9: note: in expansion of macro 'spa_callbacks_call_fast_res'
  254 |         spa_callbacks_call_fast_res(&(iface)->cb,method_type,res,method,vers,##__VA_ARGS__)
      |         ^~~~~~~~~~~~~~~~~~~~~~~~~~~
/usr/include/spa-0.2/spa/utils/hook.h:318:9: note: in expansion of macro 'spa_interface_call_fast_res'
  318 |         spa_interface_call_fast_res(_i, struct type ##_methods,         \
      |         ^~~~~~~~~~~~~~~~~~~~~~~~~~~
/usr/include/spa-0.2/spa/node/node.h:747:16: note: in expansion of macro 'spa_api_method_fast_r'
  747 |         return spa_api_method_fast_r(int, -ENOTSUP, spa_node, &object->iface, port_reuse_buffer, 0,
      |                ^~~~~~~~~~~~~~~~~~~~~
/usr/include/spa-0.2/spa/node/node.h: In function 'int spa_node_process(spa_node*)':
/usr/include/spa-0.2/spa/utils/hook.h:281:1: warning: ISO C++ forbids braced-groups within expressions [-Wpedantic]
  281 | ({                                                                      \
      | ^
/usr/include/spa-0.2/spa/node/node.h:752:16: note: in expansion of macro 'spa_api_method_r'
  752 |         return spa_api_method_r(int, -ENOTSUP, spa_node, &object->iface, process, 0);
      |                ^~~~~~~~~~~~~~~~
/usr/include/spa-0.2/spa/utils/hook.h:207:1: warning: ISO C++ forbids braced-groups within expressions [-Wpedantic]
  207 | ({                                                                              \
      | ^
/usr/include/spa-0.2/spa/utils/hook.h:251:9: note: in expansion of macro 'spa_callbacks_call_res'
  251 |         spa_callbacks_call_res(&(iface)->cb,method_type,res,method,vers,##__VA_ARGS__)
      |         ^~~~~~~~~~~~~~~~~~~~~~
/usr/include/spa-0.2/spa/utils/hook.h:284:9: note: in expansion of macro 'spa_interface_call_res'
  284 |         spa_interface_call_res(_i, struct type ##_methods,              \
      |         ^~~~~~~~~~~~~~~~~~~~~~
/usr/include/spa-0.2/spa/node/node.h:752:16: note: in expansion of macro 'spa_api_method_r'
  752 |         return spa_api_method_r(int, -ENOTSUP, spa_node, &object->iface, process, 0);
      |                ^~~~~~~~~~~~~~~~
/usr/include/spa-0.2/spa/node/node.h: In function 'int spa_node_process_fast(spa_node*)':
/usr/include/spa-0.2/spa/utils/hook.h:315:1: warning: ISO C++ forbids braced-groups within expressions [-Wpedantic]
  315 | ({                                                                      \
      | ^
/usr/include/spa-0.2/spa/node/node.h:756:16: note: in expansion of macro 'spa_api_method_fast_r'
  756 |         return spa_api_method_fast_r(int, -ENOTSUP, spa_node, &object->iface, process, 0);
      |                ^~~~~~~~~~~~~~~~~~~~~
/usr/include/spa-0.2/spa/utils/hook.h:214:1: warning: ISO C++ forbids braced-groups within expressions [-Wpedantic]
  214 | ({                                                                              \
      | ^
/usr/include/spa-0.2/spa/utils/hook.h:254:9: note: in expansion of macro 'spa_callbacks_call_fast_res'
  254 |         spa_callbacks_call_fast_res(&(iface)->cb,method_type,res,method,vers,##__VA_ARGS__)
      |         ^~~~~~~~~~~~~~~~~~~~~~~~~~~
/usr/include/spa-0.2/spa/utils/hook.h:318:9: note: in expansion of macro 'spa_interface_call_fast_res'
  318 |         spa_interface_call_fast_res(_i, struct type ##_methods,         \
      |         ^~~~~~~~~~~~~~~~~~~~~~~~~~~
/usr/include/spa-0.2/spa/node/node.h:756:16: note: in expansion of macro 'spa_api_method_fast_r'
  756 |         return spa_api_method_fast_r(int, -ENOTSUP, spa_node, &object->iface, process, 0);
      |                ^~~~~~~~~~~~~~~~~~~~~
/usr/include/pipewire-0.3/pipewire/factory.h: In function 'int pw_factory_add_listener(pw_factory*, spa_hook*, const pw_factory_events*, void*)':
/usr/include/spa-0.2/spa/utils/hook.h:281:1: warning: ISO C++ forbids braced-groups within expressions [-Wpedantic]
  281 | ({                                                                      \
      | ^
/usr/include/pipewire-0.3/pipewire/factory.h:97:16: note: in expansion of macro 'spa_api_method_r'
   97 |         return spa_api_method_r(int, -ENOTSUP,
      |                ^~~~~~~~~~~~~~~~
/usr/include/spa-0.2/spa/utils/hook.h:207:1: warning: ISO C++ forbids braced-groups within expressions [-Wpedantic]
  207 | ({                                                                              \
      | ^
/usr/include/spa-0.2/spa/utils/hook.h:251:9: note: in expansion of macro 'spa_callbacks_call_res'
  251 |         spa_callbacks_call_res(&(iface)->cb,method_type,res,method,vers,##__VA_ARGS__)
      |         ^~~~~~~~~~~~~~~~~~~~~~
/usr/include/spa-0.2/spa/utils/hook.h:284:9: note: in expansion of macro 'spa_interface_call_res'
  284 |         spa_interface_call_res(_i, struct type ##_methods,              \
      |         ^~~~~~~~~~~~~~~~~~~~~~
/usr/include/pipewire-0.3/pipewire/factory.h:97:16: note: in expansion of macro 'spa_api_method_r'
   97 |         return spa_api_method_r(int, -ENOTSUP,
      |                ^~~~~~~~~~~~~~~~
/usr/include/spa-0.2/spa/support/log.h: In function 'void spa_log_topic_init(spa_log*, spa_log_topic*)':
/usr/include/spa-0.2/spa/utils/hook.h:165:1: warning: ISO C++ forbids braced-groups within expressions [-Wpedantic]
  165 | ({                                                                              \
      | ^
/usr/include/spa-0.2/spa/utils/hook.h:238:9: note: in expansion of macro 'spa_callbacks_call'
  238 |         spa_callbacks_call(&(iface)->cb,method_type,method,vers,##__VA_ARGS__)
      |         ^~~~~~~~~~~~~~~~~~
/usr/include/spa-0.2/spa/support/log.h:229:9: note: in expansion of macro 'spa_interface_call'
  229 |         spa_interface_call(&log->iface, struct spa_log_methods, topic_init, 1, topic);
      |         ^~~~~~~~~~~~~~~~~~
/usr/include/spa-0.2/spa/support/log.h: In function 'void spa_log_logtv(spa_log*, spa_log_level, const spa_log_topic*, const char*, int, const char*, const char*, __va_list_tag*)':
/usr/include/spa-0.2/spa/utils/hook.h:165:1: warning: ISO C++ forbids braced-groups within expressions [-Wpedantic]
  165 | ({                                                                              \
      | ^
/usr/include/spa-0.2/spa/utils/hook.h:238:9: note: in expansion of macro 'spa_callbacks_call'
  238 |         spa_callbacks_call(&(iface)->cb,method_type,method,vers,##__VA_ARGS__)
      |         ^~~~~~~~~~~~~~~~~~
/usr/include/spa-0.2/spa/support/log.h:273:22: note: in expansion of macro 'spa_interface_call'
  273 |                 if (!spa_interface_call(i,
      |                      ^~~~~~~~~~~~~~~~~~
/usr/include/spa-0.2/spa/utils/hook.h:165:1: warning: ISO C++ forbids braced-groups within expressions [-Wpedantic]
  165 | ({                                                                              \
      | ^
/usr/include/spa-0.2/spa/utils/hook.h:238:9: note: in expansion of macro 'spa_callbacks_call'
  238 |         spa_callbacks_call(&(iface)->cb,method_type,method,vers,##__VA_ARGS__)
      |         ^~~~~~~~~~~~~~~~~~
/usr/include/spa-0.2/spa/support/log.h:277:21: note: in expansion of macro 'spa_interface_call'
  277 |                     spa_interface_call(i,
      |                     ^~~~~~~~~~~~~~~~~~
/usr/include/pipewire-0.3/pipewire/link.h: In function 'int pw_link_add_listener(pw_link*, spa_hook*, const pw_link_events*, void*)':
/usr/include/spa-0.2/spa/utils/hook.h:281:1: warning: ISO C++ forbids braced-groups within expressions [-Wpedantic]
  281 | ({                                                                      \
      | ^
/usr/include/pipewire-0.3/pipewire/link.h:123:16: note: in expansion of macro 'spa_api_method_r'
  123 |         return spa_api_method_r(int, -ENOTSUP,
      |                ^~~~~~~~~~~~~~~~
/usr/include/spa-0.2/spa/utils/hook.h:207:1: warning: ISO C++ forbids braced-groups within expressions [-Wpedantic]
  207 | ({                                                                              \
      | ^
/usr/include/spa-0.2/spa/utils/hook.h:251:9: note: in expansion of macro 'spa_callbacks_call_res'
  251 |         spa_callbacks_call_res(&(iface)->cb,method_type,res,method,vers,##__VA_ARGS__)
      |         ^~~~~~~~~~~~~~~~~~~~~~
/usr/include/spa-0.2/spa/utils/hook.h:284:9: note: in expansion of macro 'spa_interface_call_res'
  284 |         spa_interface_call_res(_i, struct type ##_methods,              \
      |         ^~~~~~~~~~~~~~~~~~~~~~
/usr/include/pipewire-0.3/pipewire/link.h:123:16: note: in expansion of macro 'spa_api_method_r'
  123 |         return spa_api_method_r(int, -ENOTSUP,
      |                ^~~~~~~~~~~~~~~~
/usr/include/pipewire-0.3/pipewire/module.h: In function 'int pw_module_add_listener(pw_module*, spa_hook*, const pw_module_events*, void*)':
/usr/include/spa-0.2/spa/utils/hook.h:281:1: warning: ISO C++ forbids braced-groups within expressions [-Wpedantic]
  281 | ({                                                                      \
      | ^
/usr/include/pipewire-0.3/pipewire/module.h:95:16: note: in expansion of macro 'spa_api_method_r'
   95 |         return spa_api_method_r(int, -ENOTSUP,
      |                ^~~~~~~~~~~~~~~~
/usr/include/spa-0.2/spa/utils/hook.h:207:1: warning: ISO C++ forbids braced-groups within expressions [-Wpedantic]
  207 | ({                                                                              \
      | ^
/usr/include/spa-0.2/spa/utils/hook.h:251:9: note: in expansion of macro 'spa_callbacks_call_res'
  251 |         spa_callbacks_call_res(&(iface)->cb,method_type,res,method,vers,##__VA_ARGS__)
      |         ^~~~~~~~~~~~~~~~~~~~~~
/usr/include/spa-0.2/spa/utils/hook.h:284:9: note: in expansion of macro 'spa_interface_call_res'
  284 |         spa_interface_call_res(_i, struct type ##_methods,              \
      |         ^~~~~~~~~~~~~~~~~~~~~~
/usr/include/pipewire-0.3/pipewire/module.h:95:16: note: in expansion of macro 'spa_api_method_r'
   95 |         return spa_api_method_r(int, -ENOTSUP,
      |                ^~~~~~~~~~~~~~~~
/usr/include/pipewire-0.3/pipewire/node.h: In function 'int pw_node_add_listener(pw_node*, spa_hook*, const pw_node_events*, void*)':
/usr/include/spa-0.2/spa/utils/hook.h:281:1: warning: ISO C++ forbids braced-groups within expressions [-Wpedantic]
  281 | ({                                                                      \
      | ^
/usr/include/pipewire-0.3/pipewire/node.h:194:16: note: in expansion of macro 'spa_api_method_r'
  194 |         return spa_api_method_r(int, -ENOTSUP,
      |                ^~~~~~~~~~~~~~~~
/usr/include/spa-0.2/spa/utils/hook.h:207:1: warning: ISO C++ forbids braced-groups within expressions [-Wpedantic]
  207 | ({                                                                              \
      | ^
/usr/include/spa-0.2/spa/utils/hook.h:251:9: note: in expansion of macro 'spa_callbacks_call_res'
  251 |         spa_callbacks_call_res(&(iface)->cb,method_type,res,method,vers,##__VA_ARGS__)
      |         ^~~~~~~~~~~~~~~~~~~~~~
/usr/include/spa-0.2/spa/utils/hook.h:284:9: note: in expansion of macro 'spa_interface_call_res'
  284 |         spa_interface_call_res(_i, struct type ##_methods,              \
      |         ^~~~~~~~~~~~~~~~~~~~~~
/usr/include/pipewire-0.3/pipewire/node.h:194:16: note: in expansion of macro 'spa_api_method_r'
  194 |         return spa_api_method_r(int, -ENOTSUP,
      |                ^~~~~~~~~~~~~~~~
/usr/include/pipewire-0.3/pipewire/node.h: In function 'int pw_node_subscribe_params(pw_node*, uint32_t*, uint32_t)':
/usr/include/spa-0.2/spa/utils/hook.h:281:1: warning: ISO C++ forbids braced-groups within expressions [-Wpedantic]
  281 | ({                                                                      \
      | ^
/usr/include/pipewire-0.3/pipewire/node.h:202:16: note: in expansion of macro 'spa_api_method_r'
  202 |         return spa_api_method_r(int, -ENOTSUP,
      |                ^~~~~~~~~~~~~~~~
/usr/include/spa-0.2/spa/utils/hook.h:207:1: warning: ISO C++ forbids braced-groups within expressions [-Wpedantic]
  207 | ({                                                                              \
      | ^
/usr/include/spa-0.2/spa/utils/hook.h:251:9: note: in expansion of macro 'spa_callbacks_call_res'
  251 |         spa_callbacks_call_res(&(iface)->cb,method_type,res,method,vers,##__VA_ARGS__)
      |         ^~~~~~~~~~~~~~~~~~~~~~
/usr/include/spa-0.2/spa/utils/hook.h:284:9: note: in expansion of macro 'spa_interface_call_res'
  284 |         spa_interface_call_res(_i, struct type ##_methods,              \
      |         ^~~~~~~~~~~~~~~~~~~~~~
/usr/include/pipewire-0.3/pipewire/node.h:202:16: note: in expansion of macro 'spa_api_method_r'
  202 |         return spa_api_method_r(int, -ENOTSUP,
      |                ^~~~~~~~~~~~~~~~
/usr/include/pipewire-0.3/pipewire/node.h: In function 'int pw_node_enum_params(pw_node*, int, uint32_t, uint32_t, uint32_t, const spa_pod*)':
/usr/include/spa-0.2/spa/utils/hook.h:281:1: warning: ISO C++ forbids braced-groups within expressions [-Wpedantic]
  281 | ({                                                                      \
      | ^
/usr/include/pipewire-0.3/pipewire/node.h:212:16: note: in expansion of macro 'spa_api_method_r'
  212 |         return spa_api_method_r(int, -ENOTSUP,
      |                ^~~~~~~~~~~~~~~~
/usr/include/spa-0.2/spa/utils/hook.h:207:1: warning: ISO C++ forbids braced-groups within expressions [-Wpedantic]
  207 | ({                                                                              \
      | ^
/usr/include/spa-0.2/spa/utils/hook.h:251:9: note: in expansion of macro 'spa_callbacks_call_res'
  251 |         spa_callbacks_call_res(&(iface)->cb,method_type,res,method,vers,##__VA_ARGS__)
      |         ^~~~~~~~~~~~~~~~~~~~~~
/usr/include/spa-0.2/spa/utils/hook.h:284:9: note: in expansion of macro 'spa_interface_call_res'
  284 |         spa_interface_call_res(_i, struct type ##_methods,              \
      |         ^~~~~~~~~~~~~~~~~~~~~~
/usr/include/pipewire-0.3/pipewire/node.h:212:16: note: in expansion of macro 'spa_api_method_r'
  212 |         return spa_api_method_r(int, -ENOTSUP,
      |                ^~~~~~~~~~~~~~~~
/usr/include/pipewire-0.3/pipewire/node.h: In function 'int pw_node_set_param(pw_node*, uint32_t, uint32_t, const spa_pod*)':
/usr/include/spa-0.2/spa/utils/hook.h:281:1: warning: ISO C++ forbids braced-groups within expressions [-Wpedantic]
  281 | ({                                                                      \
      | ^
/usr/include/pipewire-0.3/pipewire/node.h:221:16: note: in expansion of macro 'spa_api_method_r'
  221 |         return spa_api_method_r(int, -ENOTSUP,
      |                ^~~~~~~~~~~~~~~~
/usr/include/spa-0.2/spa/utils/hook.h:207:1: warning: ISO C++ forbids braced-groups within expressions [-Wpedantic]
  207 | ({                                                                              \
      | ^
/usr/include/spa-0.2/spa/utils/hook.h:251:9: note: in expansion of macro 'spa_callbacks_call_res'
  251 |         spa_callbacks_call_res(&(iface)->cb,method_type,res,method,vers,##__VA_ARGS__)
      |         ^~~~~~~~~~~~~~~~~~~~~~
/usr/include/spa-0.2/spa/utils/hook.h:284:9: note: in expansion of macro 'spa_interface_call_res'
  284 |         spa_interface_call_res(_i, struct type ##_methods,              \
      |         ^~~~~~~~~~~~~~~~~~~~~~
/usr/include/pipewire-0.3/pipewire/node.h:221:16: note: in expansion of macro 'spa_api_method_r'
  221 |         return spa_api_method_r(int, -ENOTSUP,
      |                ^~~~~~~~~~~~~~~~
/usr/include/pipewire-0.3/pipewire/node.h: In function 'int pw_node_send_command(pw_node*, const spa_command*)':
/usr/include/spa-0.2/spa/utils/hook.h:281:1: warning: ISO C++ forbids braced-groups within expressions [-Wpedantic]
  281 | ({                                                                      \
      | ^
/usr/include/pipewire-0.3/pipewire/node.h:229:16: note: in expansion of macro 'spa_api_method_r'
  229 |         return spa_api_method_r(int, -ENOTSUP,
      |                ^~~~~~~~~~~~~~~~
/usr/include/spa-0.2/spa/utils/hook.h:207:1: warning: ISO C++ forbids braced-groups within expressions [-Wpedantic]
  207 | ({                                                                              \
      | ^
/usr/include/spa-0.2/spa/utils/hook.h:251:9: note: in expansion of macro 'spa_callbacks_call_res'
  251 |         spa_callbacks_call_res(&(iface)->cb,method_type,res,method,vers,##__VA_ARGS__)
      |         ^~~~~~~~~~~~~~~~~~~~~~
/usr/include/spa-0.2/spa/utils/hook.h:284:9: note: in expansion of macro 'spa_interface_call_res'
  284 |         spa_interface_call_res(_i, struct type ##_methods,              \
      |         ^~~~~~~~~~~~~~~~~~~~~~
/usr/include/pipewire-0.3/pipewire/node.h:229:16: note: in expansion of macro 'spa_api_method_r'
  229 |         return spa_api_method_r(int, -ENOTSUP,
      |                ^~~~~~~~~~~~~~~~
/usr/include/pipewire-0.3/pipewire/port.h: In function 'int pw_port_add_listener(pw_port*, spa_hook*, const pw_port_events*, void*)':
/usr/include/spa-0.2/spa/utils/hook.h:281:1: warning: ISO C++ forbids braced-groups within expressions [-Wpedantic]
  281 | ({                                                                      \
      | ^
/usr/include/pipewire-0.3/pipewire/port.h:155:16: note: in expansion of macro 'spa_api_method_r'
  155 |         return spa_api_method_r(int, -ENOTSUP,
      |                ^~~~~~~~~~~~~~~~
/usr/include/spa-0.2/spa/utils/hook.h:207:1: warning: ISO C++ forbids braced-groups within expressions [-Wpedantic]
  207 | ({                                                                              \
      | ^
/usr/include/spa-0.2/spa/utils/hook.h:251:9: note: in expansion of macro 'spa_callbacks_call_res'
  251 |         spa_callbacks_call_res(&(iface)->cb,method_type,res,method,vers,##__VA_ARGS__)
      |         ^~~~~~~~~~~~~~~~~~~~~~
/usr/include/spa-0.2/spa/utils/hook.h:284:9: note: in expansion of macro 'spa_interface_call_res'
  284 |         spa_interface_call_res(_i, struct type ##_methods,              \
      |         ^~~~~~~~~~~~~~~~~~~~~~
/usr/include/pipewire-0.3/pipewire/port.h:155:16: note: in expansion of macro 'spa_api_method_r'
  155 |         return spa_api_method_r(int, -ENOTSUP,
      |                ^~~~~~~~~~~~~~~~
/usr/include/pipewire-0.3/pipewire/port.h: In function 'int pw_port_subscribe_params(pw_port*, uint32_t*, uint32_t)':
/usr/include/spa-0.2/spa/utils/hook.h:281:1: warning: ISO C++ forbids braced-groups within expressions [-Wpedantic]
  281 | ({                                                                      \
      | ^
/usr/include/pipewire-0.3/pipewire/port.h:163:16: note: in expansion of macro 'spa_api_method_r'
  163 |         return spa_api_method_r(int, -ENOTSUP,
      |                ^~~~~~~~~~~~~~~~
/usr/include/spa-0.2/spa/utils/hook.h:207:1: warning: ISO C++ forbids braced-groups within expressions [-Wpedantic]
  207 | ({                                                                              \
      | ^
/usr/include/spa-0.2/spa/utils/hook.h:251:9: note: in expansion of macro 'spa_callbacks_call_res'
  251 |         spa_callbacks_call_res(&(iface)->cb,method_type,res,method,vers,##__VA_ARGS__)
      |         ^~~~~~~~~~~~~~~~~~~~~~
/usr/include/spa-0.2/spa/utils/hook.h:284:9: note: in expansion of macro 'spa_interface_call_res'
  284 |         spa_interface_call_res(_i, struct type ##_methods,              \
      |         ^~~~~~~~~~~~~~~~~~~~~~
/usr/include/pipewire-0.3/pipewire/port.h:163:16: note: in expansion of macro 'spa_api_method_r'
  163 |         return spa_api_method_r(int, -ENOTSUP,
      |                ^~~~~~~~~~~~~~~~
/usr/include/pipewire-0.3/pipewire/port.h: In function 'int pw_port_enum_params(pw_port*, int, uint32_t, uint32_t, uint32_t, const spa_pod*)':
/usr/include/spa-0.2/spa/utils/hook.h:281:1: warning: ISO C++ forbids braced-groups within expressions [-Wpedantic]
  281 | ({                                                                      \
      | ^
/usr/include/pipewire-0.3/pipewire/port.h:173:16: note: in expansion of macro 'spa_api_method_r'
  173 |         return spa_api_method_r(int, -ENOTSUP,
      |                ^~~~~~~~~~~~~~~~
/usr/include/spa-0.2/spa/utils/hook.h:207:1: warning: ISO C++ forbids braced-groups within expressions [-Wpedantic]
  207 | ({                                                                              \
      | ^
/usr/include/spa-0.2/spa/utils/hook.h:251:9: note: in expansion of macro 'spa_callbacks_call_res'
  251 |         spa_callbacks_call_res(&(iface)->cb,method_type,res,method,vers,##__VA_ARGS__)
      |         ^~~~~~~~~~~~~~~~~~~~~~
/usr/include/spa-0.2/spa/utils/hook.h:284:9: note: in expansion of macro 'spa_interface_call_res'
  284 |         spa_interface_call_res(_i, struct type ##_methods,              \
      |         ^~~~~~~~~~~~~~~~~~~~~~
/usr/include/pipewire-0.3/pipewire/port.h:173:16: note: in expansion of macro 'spa_api_method_r'
  173 |         return spa_api_method_r(int, -ENOTSUP,
      |                ^~~~~~~~~~~~~~~~
/usr/include/spa-0.2/spa/support/thread.h: In function 'spa_thread* spa_thread_utils_create(spa_thread_utils*, const spa_dict*, void* (*)(void*), void*)':
/usr/include/spa-0.2/spa/utils/hook.h:281:1: warning: ISO C++ forbids braced-groups within expressions [-Wpedantic]
  281 | ({                                                                      \
      | ^
/usr/include/spa-0.2/spa/support/thread.h:72:16: note: in expansion of macro 'spa_api_method_r'
   72 |         return spa_api_method_r(struct spa_thread *, NULL,
      |                ^~~~~~~~~~~~~~~~
/usr/include/spa-0.2/spa/utils/hook.h:207:1: warning: ISO C++ forbids braced-groups within expressions [-Wpedantic]
  207 | ({                                                                              \
      | ^
/usr/include/spa-0.2/spa/utils/hook.h:251:9: note: in expansion of macro 'spa_callbacks_call_res'
  251 |         spa_callbacks_call_res(&(iface)->cb,method_type,res,method,vers,##__VA_ARGS__)
      |         ^~~~~~~~~~~~~~~~~~~~~~
/usr/include/spa-0.2/spa/utils/hook.h:284:9: note: in expansion of macro 'spa_interface_call_res'
  284 |         spa_interface_call_res(_i, struct type ##_methods,              \
      |         ^~~~~~~~~~~~~~~~~~~~~~
/usr/include/spa-0.2/spa/support/thread.h:72:16: note: in expansion of macro 'spa_api_method_r'
   72 |         return spa_api_method_r(struct spa_thread *, NULL,
      |                ^~~~~~~~~~~~~~~~
/usr/include/spa-0.2/spa/support/thread.h: In function 'int spa_thread_utils_join(spa_thread_utils*, spa_thread*, void**)':
/usr/include/spa-0.2/spa/utils/hook.h:281:1: warning: ISO C++ forbids braced-groups within expressions [-Wpedantic]
  281 | ({                                                                      \
      | ^
/usr/include/spa-0.2/spa/support/thread.h:82:16: note: in expansion of macro 'spa_api_method_r'
   82 |         return spa_api_method_r(int, -ENOTSUP,
      |                ^~~~~~~~~~~~~~~~
/usr/include/spa-0.2/spa/utils/hook.h:207:1: warning: ISO C++ forbids braced-groups within expressions [-Wpedantic]
  207 | ({                                                                              \
      | ^
/usr/include/spa-0.2/spa/utils/hook.h:251:9: note: in expansion of macro 'spa_callbacks_call_res'
  251 |         spa_callbacks_call_res(&(iface)->cb,method_type,res,method,vers,##__VA_ARGS__)
      |         ^~~~~~~~~~~~~~~~~~~~~~
/usr/include/spa-0.2/spa/utils/hook.h:284:9: note: in expansion of macro 'spa_interface_call_res'
  284 |         spa_interface_call_res(_i, struct type ##_methods,              \
      |         ^~~~~~~~~~~~~~~~~~~~~~
/usr/include/spa-0.2/spa/support/thread.h:82:16: note: in expansion of macro 'spa_api_method_r'
   82 |         return spa_api_method_r(int, -ENOTSUP,
      |                ^~~~~~~~~~~~~~~~
/usr/include/spa-0.2/spa/support/thread.h: In function 'int spa_thread_utils_get_rt_range(spa_thread_utils*, const spa_dict*, int*, int*)':
/usr/include/spa-0.2/spa/utils/hook.h:281:1: warning: ISO C++ forbids braced-groups within expressions [-Wpedantic]
  281 | ({                                                                      \
      | ^
/usr/include/spa-0.2/spa/support/thread.h:92:16: note: in expansion of macro 'spa_api_method_r'
   92 |         return spa_api_method_r(int, -ENOTSUP,
      |                ^~~~~~~~~~~~~~~~
/usr/include/spa-0.2/spa/utils/hook.h:207:1: warning: ISO C++ forbids braced-groups within expressions [-Wpedantic]
  207 | ({                                                                              \
      | ^
/usr/include/spa-0.2/spa/utils/hook.h:251:9: note: in expansion of macro 'spa_callbacks_call_res'
  251 |         spa_callbacks_call_res(&(iface)->cb,method_type,res,method,vers,##__VA_ARGS__)
      |         ^~~~~~~~~~~~~~~~~~~~~~
/usr/include/spa-0.2/spa/utils/hook.h:284:9: note: in expansion of macro 'spa_interface_call_res'
  284 |         spa_interface_call_res(_i, struct type ##_methods,              \
      |         ^~~~~~~~~~~~~~~~~~~~~~
/usr/include/spa-0.2/spa/support/thread.h:92:16: note: in expansion of macro 'spa_api_method_r'
   92 |         return spa_api_method_r(int, -ENOTSUP,
      |                ^~~~~~~~~~~~~~~~
/usr/include/spa-0.2/spa/support/thread.h: In function 'int spa_thread_utils_acquire_rt(spa_thread_utils*, spa_thread*, int)':
/usr/include/spa-0.2/spa/utils/hook.h:281:1: warning: ISO C++ forbids braced-groups within expressions [-Wpedantic]
  281 | ({                                                                      \
      | ^
/usr/include/spa-0.2/spa/support/thread.h:102:16: note: in expansion of macro 'spa_api_method_r'
  102 |         return spa_api_method_r(int, -ENOTSUP,
      |                ^~~~~~~~~~~~~~~~
/usr/include/spa-0.2/spa/utils/hook.h:207:1: warning: ISO C++ forbids braced-groups within expressions [-Wpedantic]
  207 | ({                                                                              \
      | ^
/usr/include/spa-0.2/spa/utils/hook.h:251:9: note: in expansion of macro 'spa_callbacks_call_res'
  251 |         spa_callbacks_call_res(&(iface)->cb,method_type,res,method,vers,##__VA_ARGS__)
      |         ^~~~~~~~~~~~~~~~~~~~~~
/usr/include/spa-0.2/spa/utils/hook.h:284:9: note: in expansion of macro 'spa_interface_call_res'
  284 |         spa_interface_call_res(_i, struct type ##_methods,              \
      |         ^~~~~~~~~~~~~~~~~~~~~~
/usr/include/spa-0.2/spa/support/thread.h:102:16: note: in expansion of macro 'spa_api_method_r'
  102 |         return spa_api_method_r(int, -ENOTSUP,
      |                ^~~~~~~~~~~~~~~~
/usr/include/spa-0.2/spa/support/thread.h: In function 'int spa_thread_utils_drop_rt(spa_thread_utils*, spa_thread*)':
/usr/include/spa-0.2/spa/utils/hook.h:281:1: warning: ISO C++ forbids braced-groups within expressions [-Wpedantic]
  281 | ({                                                                      \
      | ^
/usr/include/spa-0.2/spa/support/thread.h:112:16: note: in expansion of macro 'spa_api_method_r'
  112 |         return spa_api_method_r(int, -ENOTSUP,
      |                ^~~~~~~~~~~~~~~~
/usr/include/spa-0.2/spa/utils/hook.h:207:1: warning: ISO C++ forbids braced-groups within expressions [-Wpedantic]
  207 | ({                                                                              \
      | ^
/usr/include/spa-0.2/spa/utils/hook.h:251:9: note: in expansion of macro 'spa_callbacks_call_res'
  251 |         spa_callbacks_call_res(&(iface)->cb,method_type,res,method,vers,##__VA_ARGS__)
      |         ^~~~~~~~~~~~~~~~~~~~~~
/usr/include/spa-0.2/spa/utils/hook.h:284:9: note: in expansion of macro 'spa_interface_call_res'
  284 |         spa_interface_call_res(_i, struct type ##_methods,              \
      |         ^~~~~~~~~~~~~~~~~~~~~~
/usr/include/spa-0.2/spa/support/thread.h:112:16: note: in expansion of macro 'spa_api_method_r'
  112 |         return spa_api_method_r(int, -ENOTSUP,
      |                ^~~~~~~~~~~~~~~~
In file included from /usr/include/spa-0.2/spa/param/audio/format-utils.h:8,
                 from /home/jeremy/agent-worktrees/460f1777/wt-pr5146/src/core/PipeWireNativeRxSource.cpp:8:
/usr/include/spa-0.2/spa/pod/parser.h: In function 'void spa_pod_parser_init(spa_pod_parser*, const void*, uint32_t)':
/usr/include/spa-0.2/spa/pod/parser.h:44:100: warning: ISO C++ forbids compound-literals [-Wpedantic]
   44 | #define SPA_POD_PARSER_INIT(buffer,size)  ((struct spa_pod_parser){ (buffer), (size), 0, {0,0,NULL}})
      |                                                                                                    ^
/usr/include/spa-0.2/spa/pod/parser.h:49:19: note: in expansion of macro 'SPA_POD_PARSER_INIT'
   49 |         *parser = SPA_POD_PARSER_INIT(data, size);
      |                   ^~~~~~~~~~~~~~~~~~~
/usr/include/spa-0.2/spa/pod/parser.h: In function 'void spa_pod_parser_init_from_data(spa_pod_parser*, const void*, uint32_t, uint32_t, uint32_t)':
/usr/include/spa-0.2/spa/utils/defs.h:147:1: warning: ISO C++ forbids braced-groups within expressions [-Wpedantic]
  147 | ({                                                      \
      | ^
/usr/include/spa-0.2/spa/pod/parser.h:69:16: note: in expansion of macro 'SPA_MIN'
   69 |         offs = SPA_MIN(offset, maxsize);
      |                ^~~~~~~
/usr/include/spa-0.2/spa/utils/defs.h:147:1: warning: ISO C++ forbids braced-groups within expressions [-Wpedantic]
  147 | ({                                                      \
      | ^
/usr/include/spa-0.2/spa/pod/parser.h:70:14: note: in expansion of macro 'SPA_MIN'
   70 |         sz = SPA_MIN(maxsize - offs, size);
      |              ^~~~~~~
/usr/include/spa-0.2/spa/pod/parser.h: In function 'int spa_pod_parser_getv(spa_pod_parser*, __va_list_tag*)':
/usr/include/spa-0.2/spa/pod/parser.h:798:74: warning: ISO C++ forbids compound-literals [-Wpedantic]
  798 |                 struct spa_pod pod = (struct spa_pod) { 0, SPA_TYPE_None };
      |                                                                          ^
/usr/include/spa-0.2/spa/pod/parser.h:578:1: warning: ISO C++ forbids braced-groups within expressions [-Wpedantic]
  578 | ({                                                                                      \
      | ^
/usr/include/spa-0.2/spa/pod/parser.h:828:21: note: in expansion of macro 'SPA_POD_PARSER_COLLECT_BODY'
  828 |                 if (SPA_POD_PARSER_COLLECT_BODY(&pod, body, *format, args) >= 0) {
      |                     ^~~~~~~~~~~~~~~~~~~~~~~~~~~
/usr/include/spa-0.2/spa/pod/builder.h: In function 'void spa_pod_builder_set_callbacks(spa_pod_builder*, const spa_pod_builder_callbacks*, void*)':
/usr/include/spa-0.2/spa/utils/hook.h:133:86: warning: ISO C++ forbids compound-literals [-Wpedantic]
  133 | #define SPA_CALLBACKS_INIT(_funcs,_data) ((struct spa_callbacks){ (_funcs), (_data), })
      |                                                                                      ^
/usr/include/spa-0.2/spa/pod/builder.h:77:30: note: in expansion of macro 'SPA_CALLBACKS_INIT'
   77 |         builder->callbacks = SPA_CALLBACKS_INIT(callbacks, data);
      |                              ^~~~~~~~~~~~~~~~~~
/usr/include/spa-0.2/spa/pod/builder.h: In function 'void spa_pod_builder_reset(spa_pod_builder*, spa_pod_builder_state*)':
/usr/include/spa-0.2/spa/utils/defs.h:147:1: warning: ISO C++ forbids braced-groups within expressions [-Wpedantic]
  147 | ({                                                      \
      | ^
/usr/include/spa-0.2/spa/pod/builder.h:87:32: note: in expansion of macro 'SPA_MIN'
   87 |                 f->pod.size -= SPA_MIN(size, f->pod.size);
      |                                ^~~~~~~
In file included from /usr/include/spa-0.2/spa/param/audio/format-utils.h:9:
/usr/include/spa-0.2/spa/pod/builder.h: In function 'void spa_pod_builder_init(spa_pod_builder*, void*, uint32_t)':
/usr/include/spa-0.2/spa/pod/builder.h:60:114: warning: ISO C++ forbids compound-literals [-Wpedantic]
   60 | #define SPA_POD_BUILDER_INIT(buffer,size)  ((struct spa_pod_builder){ (buffer), (size), 0, {0,0,NULL},{NULL,NULL}})
      |                                                                                                                  ^
/usr/include/spa-0.2/spa/pod/builder.h:92:20: note: in expansion of macro 'SPA_POD_BUILDER_INIT'
   92 |         *builder = SPA_POD_BUILDER_INIT(data, size);
      |                    ^~~~~~~~~~~~~~~~~~~~
/usr/include/spa-0.2/spa/pod/builder.h: In function 'int spa_pod_builder_raw(spa_pod_builder*, const void*, uint32_t)':
/usr/include/spa-0.2/spa/utils/hook.h:207:1: warning: ISO C++ forbids braced-groups within expressions [-Wpedantic]
  207 | ({                                                                              \
      | ^
/usr/include/spa-0.2/spa/pod/builder.h:156:25: note: in expansion of macro 'spa_callbacks_call_res'
  156 |                         spa_callbacks_call_res(&builder->callbacks,
      |                         ^~~~~~~~~~~~~~~~~~~~~~
/usr/include/spa-0.2/spa/pod/builder.h: In function 'void spa_pod_builder_remove(spa_pod_builder*, uint32_t)':
/usr/include/spa-0.2/spa/utils/defs.h:147:1: warning: ISO C++ forbids braced-groups within expressions [-Wpedantic]
  147 | ({                                                      \
      | ^
/usr/include/spa-0.2/spa/pod/builder.h:178:34: note: in expansion of macro 'SPA_MIN'
  178 |         builder->state.offset -= SPA_MIN(size, builder->state.offset);
      |                                  ^~~~~~~
/usr/include/spa-0.2/spa/utils/defs.h:147:1: warning: ISO C++ forbids braced-groups within expressions [-Wpedantic]
  147 | ({                                                      \
      | ^
/usr/include/spa-0.2/spa/pod/builder.h:180:32: note: in expansion of macro 'SPA_MIN'
  180 |                 f->pod.size -= SPA_MIN(size, f->pod.size);
      |                                ^~~~~~~
/usr/include/spa-0.2/spa/pod/builder.h: In function 'int spa_pod_builder_primitive_body(spa_pod_builder*, const spa_pod*, const void*, uint32_t, const char*, uint32_t)':
/usr/include/spa-0.2/spa/utils/defs.h:83:1: warning: ISO C++ forbids braced-groups within expressions [-Wpedantic]
   83 | ({                                                                      \
      | ^
/usr/include/spa-0.2/spa/pod/builder.h:225:17: note: in expansion of macro 'SPA_FLAG_CLEAR'
  225 |                 SPA_FLAG_CLEAR(builder->state.flags, SPA_POD_BUILDER_FLAG_FIRST);
      |                 ^~~~~~~~~~~~~~
/usr/include/spa-0.2/spa/pod/builder.h: In function 'int spa_pod_builder_none(spa_pod_builder*)':
/usr/include/spa-0.2/spa/pod/builder.h:244:68: warning: ISO C++ forbids compound-literals [-Wpedantic]
  244 | #define SPA_POD_INIT(size,type) ((struct spa_pod) { (size), (type) })
      |                                                                    ^
/usr/include/spa-0.2/spa/pod/builder.h:246:29: note: in expansion of macro 'SPA_POD_INIT'
  246 | #define SPA_POD_INIT_None() SPA_POD_INIT(0, SPA_TYPE_None)
      |                             ^~~~~~~~~~~~
/usr/include/spa-0.2/spa/pod/builder.h:250:34: note: in expansion of macro 'SPA_POD_INIT_None'
  250 |         const struct spa_pod p = SPA_POD_INIT_None();
      |                                  ^~~~~~~~~~~~~~~~~
/usr/include/spa-0.2/spa/pod/builder.h: In function 'int spa_pod_builder_child(spa_pod_builder*, uint32_t, uint32_t)':
/usr/include/spa-0.2/spa/pod/builder.h:244:68: warning: ISO C++ forbids compound-literals [-Wpedantic]
  244 | #define SPA_POD_INIT(size,type) ((struct spa_pod) { (size), (type) })
      |                                                                    ^
/usr/include/spa-0.2/spa/pod/builder.h:256:34: note: in expansion of macro 'SPA_POD_INIT'
  256 |         const struct spa_pod p = SPA_POD_INIT(size,type);
      |                                  ^~~~~~~~~~~~
/usr/include/spa-0.2/spa/utils/defs.h:83:1: warning: ISO C++ forbids braced-groups within expressions [-Wpedantic]
   83 | ({                                                                      \
      | ^
/usr/include/spa-0.2/spa/pod/builder.h:257:9: note: in expansion of macro 'SPA_FLAG_CLEAR'
  257 |         SPA_FLAG_CLEAR(builder->state.flags, SPA_POD_BUILDER_FLAG_FIRST);
      |         ^~~~~~~~~~~~~~
/usr/include/spa-0.2/spa/pod/builder.h: In function 'int spa_pod_builder_bool(spa_pod_builder*, bool)':
/usr/include/spa-0.2/spa/pod/builder.h:261:110: warning: ISO C++ forbids compound-literals [-Wpedantic]
  261 | #define SPA_POD_INIT_Bool(val) ((struct spa_pod_bool){ { sizeof(uint32_t), SPA_TYPE_Bool }, (val) ? 1 : 0, 0 })
      |                                                                                                              ^
/usr/include/spa-0.2/spa/pod/builder.h:265:39: note: in expansion of macro 'SPA_POD_INIT_Bool'
  265 |         const struct spa_pod_bool p = SPA_POD_INIT_Bool(val);
      |                                       ^~~~~~~~~~~~~~~~~
/usr/include/spa-0.2/spa/pod/builder.h: In function 'int spa_pod_builder_id(spa_pod_builder*, uint32_t)':
/usr/include/spa-0.2/spa/pod/builder.h:269:96: warning: ISO C++ forbids compound-literals [-Wpedantic]
  269 | #define SPA_POD_INIT_Id(val) ((struct spa_pod_id){ { sizeof(uint32_t), SPA_TYPE_Id }, (val), 0 })
      |                                                                                                ^
/usr/include/spa-0.2/spa/pod/builder.h:273:37: note: in expansion of macro 'SPA_POD_INIT_Id'
  273 |         const struct spa_pod_id p = SPA_POD_INIT_Id(val);
      |                                     ^~~~~~~~~~~~~~~
/usr/include/spa-0.2/spa/pod/builder.h: In function 'int spa_pod_builder_int(spa_pod_builder*, int32_t)':
/usr/include/spa-0.2/spa/pod/builder.h:277:98: warning: ISO C++ forbids compound-literals [-Wpedantic]
  277 | #define SPA_POD_INIT_Int(val) ((struct spa_pod_int){ { sizeof(int32_t), SPA_TYPE_Int }, (val), 0 })
      |                                                                                                  ^
/usr/include/spa-0.2/spa/pod/builder.h:281:38: note: in expansion of macro 'SPA_POD_INIT_Int'
  281 |         const struct spa_pod_int p = SPA_POD_INIT_Int(val);
      |                                      ^~~~~~~~~~~~~~~~
/usr/include/spa-0.2/spa/pod/builder.h: In function 'int spa_pod_builder_long(spa_pod_builder*, int64_t)':
/usr/include/spa-0.2/spa/pod/builder.h:285:98: warning: ISO C++ forbids compound-literals [-Wpedantic]
  285 | #define SPA_POD_INIT_Long(val) ((struct spa_pod_long){ { sizeof(int64_t), SPA_TYPE_Long }, (val) })
      |                                                                                                  ^
/usr/include/spa-0.2/spa/pod/builder.h:289:39: note: in expansion of macro 'SPA_POD_INIT_Long'
  289 |         const struct spa_pod_long p = SPA_POD_INIT_Long(val);
      |                                       ^~~~~~~~~~~~~~~~~
/usr/include/spa-0.2/spa/pod/builder.h: In function 'int spa_pod_builder_float(spa_pod_builder*, float)':
/usr/include/spa-0.2/spa/pod/builder.h:293:102: warning: ISO C++ forbids compound-literals [-Wpedantic]
  293 | #define SPA_POD_INIT_Float(val) ((struct spa_pod_float){ { sizeof(float), SPA_TYPE_Float }, (val), 0 })
      |                                                                                                      ^
/usr/include/spa-0.2/spa/pod/builder.h:297:40: note: in expansion of macro 'SPA_POD_INIT_Float'
  297 |         const struct spa_pod_float p = SPA_POD_INIT_Float(val);
      |                                        ^~~~~~~~~~~~~~~~~~
/usr/include/spa-0.2/spa/pod/builder.h: In function 'int spa_pod_builder_double(spa_pod_builder*, double)':
/usr/include/spa-0.2/spa/pod/builder.h:301:103: warning: ISO C++ forbids compound-literals [-Wpedantic]
  301 | #define SPA_POD_INIT_Double(val) ((struct spa_pod_double){ { sizeof(double), SPA_TYPE_Double }, (val) })
      |                                                                                                       ^
/usr/include/spa-0.2/spa/pod/builder.h:305:41: note: in expansion of macro 'SPA_POD_INIT_Double'
  305 |         const struct spa_pod_double p = SPA_POD_INIT_Double(val);
      |                                         ^~~~~~~~~~~~~~~~~~~
/usr/include/spa-0.2/spa/pod/builder.h: In function 'int spa_pod_builder_string_len(spa_pod_builder*, const char*, uint32_t)':
/usr/include/spa-0.2/spa/pod/builder.h:309:87: warning: ISO C++ forbids compound-literals [-Wpedantic]
  309 | #define SPA_POD_INIT_String(len) ((struct spa_pod_string){ { (len), SPA_TYPE_String } })
      |                                                                                       ^
/usr/include/spa-0.2/spa/pod/builder.h:326:41: note: in expansion of macro 'SPA_POD_INIT_String'
  326 |         const struct spa_pod_string p = SPA_POD_INIT_String(len+1);
      |                                         ^~~~~~~~~~~~~~~~~~~
/usr/include/spa-0.2/spa/pod/builder.h: In function 'int spa_pod_builder_bytes(spa_pod_builder*, const void*, uint32_t)':
/usr/include/spa-0.2/spa/pod/builder.h:336:84: warning: ISO C++ forbids compound-literals [-Wpedantic]
  336 | #define SPA_POD_INIT_Bytes(len) ((struct spa_pod_bytes){ { (len), SPA_TYPE_Bytes } })
      |                                                                                    ^
/usr/include/spa-0.2/spa/pod/builder.h:341:40: note: in expansion of macro 'SPA_POD_INIT_Bytes'
  341 |         const struct spa_pod_bytes p = SPA_POD_INIT_Bytes(len);
      |                                        ^~~~~~~~~~~~~~~~~~
/usr/include/spa-0.2/spa/pod/builder.h: In function 'int spa_pod_builder_pointer(spa_pod_builder*, uint32_t, const void*)':
/usr/include/spa-0.2/spa/pod/builder.h:353:151: warning: ISO C++ forbids compound-literals [-Wpedantic]
  353 | #define SPA_POD_INIT_Pointer(type,value) ((struct spa_pod_pointer){ { sizeof(struct spa_pod_pointer_body), SPA_TYPE_Pointer }, { (type), 0, (value) } })
      |                                                                                                                                                       ^
/usr/include/spa-0.2/spa/pod/builder.h:358:42: note: in expansion of macro 'SPA_POD_INIT_Pointer'
  358 |         const struct spa_pod_pointer p = SPA_POD_INIT_Pointer(type, val);
      |                                          ^~~~~~~~~~~~~~~~~~~~
/usr/include/spa-0.2/spa/pod/builder.h: In function 'int spa_pod_builder_fd(spa_pod_builder*, int64_t)':
/usr/include/spa-0.2/spa/pod/builder.h:362:90: warning: ISO C++ forbids compound-literals [-Wpedantic]
  362 | #define SPA_POD_INIT_Fd(fd) ((struct spa_pod_fd){ { sizeof(int64_t), SPA_TYPE_Fd }, (fd) })
      |                                                                                          ^
/usr/include/spa-0.2/spa/pod/builder.h:366:37: note: in expansion of macro 'SPA_POD_INIT_Fd'
  366 |         const struct spa_pod_fd p = SPA_POD_INIT_Fd(fd);
      |                                     ^~~~~~~~~~~~~~~
/usr/include/spa-0.2/spa/pod/builder.h: In function 'int spa_pod_builder_rectangle(spa_pod_builder*, uint32_t, uint32_t)':
/usr/include/spa-0.2/spa/utils/defs.h:100:80: warning: ISO C++ forbids compound-literals [-Wpedantic]
  100 | #define SPA_RECTANGLE(width,height) ((struct spa_rectangle){ (width), (height) })
      |                                                                                ^
/usr/include/spa-0.2/spa/pod/builder.h:370:121: note: in definition of macro 'SPA_POD_INIT_Rectangle'
  370 | #define SPA_POD_INIT_Rectangle(val) ((struct spa_pod_rectangle){ { sizeof(struct spa_rectangle), SPA_TYPE_Rectangle }, (val) })
      |                                                                                                                         ^~~
/usr/include/spa-0.2/spa/pod/builder.h:375:67: note: in expansion of macro 'SPA_RECTANGLE'
  375 |         const struct spa_pod_rectangle p = SPA_POD_INIT_Rectangle(SPA_RECTANGLE(width, height));
      |                                                                   ^~~~~~~~~~~~~
/usr/include/spa-0.2/spa/pod/builder.h:370:126: warning: ISO C++ forbids compound-literals [-Wpedantic]
  370 | #define SPA_POD_INIT_Rectangle(val) ((struct spa_pod_rectangle){ { sizeof(struct spa_rectangle), SPA_TYPE_Rectangle }, (val) })
      |                                                                                                                              ^
/usr/include/spa-0.2/spa/pod/builder.h:375:44: note: in expansion of macro 'SPA_POD_INIT_Rectangle'
  375 |         const struct spa_pod_rectangle p = SPA_POD_INIT_Rectangle(SPA_RECTANGLE(width, height));
      |                                            ^~~~~~~~~~~~~~~~~~~~~~
/usr/include/spa-0.2/spa/pod/builder.h: In function 'int spa_pod_builder_fraction(spa_pod_builder*, uint32_t, uint32_t)':
/usr/include/spa-0.2/spa/utils/defs.h:118:72: warning: ISO C++ forbids compound-literals [-Wpedantic]
  118 | #define SPA_FRACTION(num,denom) ((struct spa_fraction){ (num), (denom) })
      |                                                                        ^
/usr/include/spa-0.2/spa/pod/builder.h:379:117: note: in definition of macro 'SPA_POD_INIT_Fraction'
  379 | #define SPA_POD_INIT_Fraction(val) ((struct spa_pod_fraction){ { sizeof(struct spa_fraction), SPA_TYPE_Fraction }, (val) })
      |                                                                                                                     ^~~
/usr/include/spa-0.2/spa/pod/builder.h:384:65: note: in expansion of macro 'SPA_FRACTION'
  384 |         const struct spa_pod_fraction p = SPA_POD_INIT_Fraction(SPA_FRACTION(num, denom));
      |                                                                 ^~~~~~~~~~~~
/usr/include/spa-0.2/spa/pod/builder.h:379:122: warning: ISO C++ forbids compound-literals [-Wpedantic]
  379 | #define SPA_POD_INIT_Fraction(val) ((struct spa_pod_fraction){ { sizeof(struct spa_fraction), SPA_TYPE_Fraction }, (val) })
      |                                                                                                                          ^
/usr/include/spa-0.2/spa/pod/builder.h:384:43: note: in expansion of macro 'SPA_POD_INIT_Fraction'
  384 |         const struct spa_pod_fraction p = SPA_POD_INIT_Fraction(SPA_FRACTION(num, denom));
      |                                           ^~~~~~~~~~~~~~~~~~~~~
/usr/include/spa-0.2/spa/pod/builder.h: In function 'int spa_pod_builder_push_struct(spa_pod_builder*, spa_pod_frame*)':
/usr/include/spa-0.2/spa/pod/builder.h:432:89: warning: ISO C++ forbids compound-literals [-Wpedantic]
  432 | #define SPA_POD_INIT_Struct(size) ((struct spa_pod_struct){ { (size), SPA_TYPE_Struct } })
      |                                                                                         ^
/usr/include/spa-0.2/spa/pod/builder.h:437:41: note: in expansion of macro 'SPA_POD_INIT_Struct'
  437 |         const struct spa_pod_struct p = SPA_POD_INIT_Struct(0);
      |                                         ^~~~~~~~~~~~~~~~~~~
/usr/include/spa-0.2/spa/pod/builder.h: In function 'int spa_pod_builder_push_object(spa_pod_builder*, spa_pod_frame*, uint32_t, uint32_t)':
/usr/include/spa-0.2/spa/pod/builder.h:444:136: warning: ISO C++ forbids compound-literals [-Wpedantic]
  444 | #define SPA_POD_INIT_Object(size,type,id,...)   ((struct spa_pod_object){ { (size), SPA_TYPE_Object }, { (type), (id) }, ##__VA_ARGS__ })
      |                                                                                                                                        ^
/usr/include/spa-0.2/spa/pod/builder.h:451:13: note: in expansion of macro 'SPA_POD_INIT_Object'
  451 |             SPA_POD_INIT_Object(sizeof(struct spa_pod_object_body), type, id);
      |             ^~~~~~~~~~~~~~~~~~~
/usr/include/spa-0.2/spa/pod/builder.h: In function 'int spa_pod_builder_push_sequence(spa_pod_builder*, spa_pod_frame*, uint32_t)':
/usr/include/spa-0.2/spa/pod/builder.h:469:80: warning: ISO C++ forbids compound-literals [-Wpedantic]
  469 |         ((struct spa_pod_sequence){ { (size), SPA_TYPE_Sequence}, {(unit), 0 } })
      |                                                                                ^
/usr/include/spa-0.2/spa/pod/builder.h:475:13: note: in expansion of macro 'SPA_POD_INIT_Sequence'
  475 |             SPA_POD_INIT_Sequence(sizeof(struct spa_pod_sequence_body), unit);
      |             ^~~~~~~~~~~~~~~~~~~~~
/usr/include/spa-0.2/spa/param/format-utils.h: In function 'int spa_format_parse(const spa_pod*, uint32_t*, uint32_t*)':
/usr/include/spa-0.2/spa/pod/parser.h:899:1: warning: ISO C++ forbids braced-groups within expressions [-Wpedantic]
  899 | ({                                                              \
      | ^
/usr/include/spa-0.2/spa/pod/parser.h:906:9: note: in expansion of macro 'spa_pod_body_parse_object'
  906 |         spa_pod_body_parse_object(pod,SPA_POD_BODY_CONST(pod),type,id,##__VA_ARGS__)
      |         ^~~~~~~~~~~~~~~~~~~~~~~~~
/usr/include/spa-0.2/spa/param/format-utils.h:32:16: note: in expansion of macro 'spa_pod_parse_object'
   32 |         return spa_pod_parse_object(format,
      |                ^~~~~~~~~~~~~~~~~~~~
/usr/include/spa-0.2/spa/pod/parser.h:877:1: warning: ISO C++ forbids braced-groups within expressions [-Wpedantic]
  877 | ({                                                                              \
      | ^
/usr/include/spa-0.2/spa/pod/parser.h:902:9: note: in expansion of macro 'spa_pod_parser_get_object'
  902 |         spa_pod_parser_get_object(&_p,type,id,##__VA_ARGS__);   \
      |         ^~~~~~~~~~~~~~~~~~~~~~~~~
/usr/include/spa-0.2/spa/pod/parser.h:906:9: note: in expansion of macro 'spa_pod_body_parse_object'
  906 |         spa_pod_body_parse_object(pod,SPA_POD_BODY_CONST(pod),type,id,##__VA_ARGS__)
      |         ^~~~~~~~~~~~~~~~~~~~~~~~~
/usr/include/spa-0.2/spa/param/format-utils.h:32:16: note: in expansion of macro 'spa_pod_parse_object'
   32 |         return spa_pod_parse_object(format,
      |                ^~~~~~~~~~~~~~~~~~~~
/usr/include/spa-0.2/spa/pod/iter.h: In function 'uint32_t spa_pod_copy_array_full(const spa_pod*, uint32_t, uint32_t, void*, uint32_t)':
/usr/include/spa-0.2/spa/utils/defs.h:147:1: warning: ISO C++ forbids braced-groups within expressions [-Wpedantic]
  147 | ({                                                      \
      | ^
/usr/include/spa-0.2/spa/pod/iter.h:214:20: note: in expansion of macro 'SPA_MIN'
  214 |         n_values = SPA_MIN(n_values, max_values);
      |                    ^~~~~~~
/usr/include/spa-0.2/spa/param/audio/raw-utils.h: In function 'int spa_format_audio_raw_ext_parse(const spa_pod*, spa_audio_info_raw*, size_t)':
/usr/include/spa-0.2/spa/pod/parser.h:899:1: warning: ISO C++ forbids braced-groups within expressions [-Wpedantic]
  899 | ({                                                              \
      | ^
/usr/include/spa-0.2/spa/pod/parser.h:906:9: note: in expansion of macro 'spa_pod_body_parse_object'
  906 |         spa_pod_body_parse_object(pod,SPA_POD_BODY_CONST(pod),type,id,##__VA_ARGS__)
      |         ^~~~~~~~~~~~~~~~~~~~~~~~~
/usr/include/spa-0.2/spa/param/audio/raw-utils.h:42:15: note: in expansion of macro 'spa_pod_parse_object'
   42 |         res = spa_pod_parse_object(format,
      |               ^~~~~~~~~~~~~~~~~~~~
/usr/include/spa-0.2/spa/pod/parser.h:877:1: warning: ISO C++ forbids braced-groups within expressions [-Wpedantic]
  877 | ({                                                                              \
      | ^
/usr/include/spa-0.2/spa/pod/parser.h:902:9: note: in expansion of macro 'spa_pod_parser_get_object'
  902 |         spa_pod_parser_get_object(&_p,type,id,##__VA_ARGS__);   \
      |         ^~~~~~~~~~~~~~~~~~~~~~~~~
/usr/include/spa-0.2/spa/pod/parser.h:906:9: note: in expansion of macro 'spa_pod_body_parse_object'
  906 |         spa_pod_body_parse_object(pod,SPA_POD_BODY_CONST(pod),type,id,##__VA_ARGS__)
      |         ^~~~~~~~~~~~~~~~~~~~~~~~~
/usr/include/spa-0.2/spa/param/audio/raw-utils.h:42:15: note: in expansion of macro 'spa_pod_parse_object'
   42 |         res = spa_pod_parse_object(format,
      |               ^~~~~~~~~~~~~~~~~~~~
/usr/include/spa-0.2/spa/param/audio/dsp-utils.h: In function 'int spa_format_audio_dsp_parse(const spa_pod*, spa_audio_info_dsp*)':
/usr/include/spa-0.2/spa/pod/parser.h:899:1: warning: ISO C++ forbids braced-groups within expressions [-Wpedantic]
  899 | ({                                                              \
      | ^
/usr/include/spa-0.2/spa/pod/parser.h:906:9: note: in expansion of macro 'spa_pod_body_parse_object'
  906 |         spa_pod_body_parse_object(pod,SPA_POD_BODY_CONST(pod),type,id,##__VA_ARGS__)
      |         ^~~~~~~~~~~~~~~~~~~~~~~~~
/usr/include/spa-0.2/spa/param/audio/dsp-utils.h:34:15: note: in expansion of macro 'spa_pod_parse_object'
   34 |         res = spa_pod_parse_object(format,
      |               ^~~~~~~~~~~~~~~~~~~~
/usr/include/spa-0.2/spa/pod/parser.h:877:1: warning: ISO C++ forbids braced-groups within expressions [-Wpedantic]
  877 | ({                                                                              \
      | ^
/usr/include/spa-0.2/spa/pod/parser.h:902:9: note: in expansion of macro 'spa_pod_parser_get_object'
  902 |         spa_pod_parser_get_object(&_p,type,id,##__VA_ARGS__);   \
      |         ^~~~~~~~~~~~~~~~~~~~~~~~~
/usr/include/spa-0.2/spa/pod/parser.h:906:9: note: in expansion of macro 'spa_pod_body_parse_object'
  906 |         spa_pod_body_parse_object(pod,SPA_POD_BODY_CONST(pod),type,id,##__VA_ARGS__)
      |         ^~~~~~~~~~~~~~~~~~~~~~~~~
/usr/include/spa-0.2/spa/param/audio/dsp-utils.h:34:15: note: in expansion of macro 'spa_pod_parse_object'
   34 |         res = spa_pod_parse_object(format,
      |               ^~~~~~~~~~~~~~~~~~~~
/usr/include/spa-0.2/spa/param/audio/iec958-utils.h: In function 'int spa_format_audio_iec958_parse(const spa_pod*, spa_audio_info_iec958*)':
/usr/include/spa-0.2/spa/pod/parser.h:899:1: warning: ISO C++ forbids braced-groups within expressions [-Wpedantic]
  899 | ({                                                              \
      | ^
/usr/include/spa-0.2/spa/pod/parser.h:906:9: note: in expansion of macro 'spa_pod_body_parse_object'
  906 |         spa_pod_body_parse_object(pod,SPA_POD_BODY_CONST(pod),type,id,##__VA_ARGS__)
      |         ^~~~~~~~~~~~~~~~~~~~~~~~~
/usr/include/spa-0.2/spa/param/audio/iec958-utils.h:34:15: note: in expansion of macro 'spa_pod_parse_object'
   34 |         res = spa_pod_parse_object(format,
      |               ^~~~~~~~~~~~~~~~~~~~
/usr/include/spa-0.2/spa/pod/parser.h:877:1: warning: ISO C++ forbids braced-groups within expressions [-Wpedantic]
  877 | ({                                                                              \
      | ^
/usr/include/spa-0.2/spa/pod/parser.h:902:9: note: in expansion of macro 'spa_pod_parser_get_object'
  902 |         spa_pod_parser_get_object(&_p,type,id,##__VA_ARGS__);   \
      |         ^~~~~~~~~~~~~~~~~~~~~~~~~
/usr/include/spa-0.2/spa/pod/parser.h:906:9: note: in expansion of macro 'spa_pod_body_parse_object'
  906 |         spa_pod_body_parse_object(pod,SPA_POD_BODY_CONST(pod),type,id,##__VA_ARGS__)
      |         ^~~~~~~~~~~~~~~~~~~~~~~~~
/usr/include/spa-0.2/spa/param/audio/iec958-utils.h:34:15: note: in expansion of macro 'spa_pod_parse_object'
   34 |         res = spa_pod_parse_object(format,
      |               ^~~~~~~~~~~~~~~~~~~~
/usr/include/spa-0.2/spa/param/audio/dsd-utils.h: In function 'int spa_format_audio_dsd_parse(const spa_pod*, spa_audio_info_dsd*)':
/usr/include/spa-0.2/spa/pod/parser.h:899:1: warning: ISO C++ forbids braced-groups within expressions [-Wpedantic]
  899 | ({                                                              \
      | ^
/usr/include/spa-0.2/spa/pod/parser.h:906:9: note: in expansion of macro 'spa_pod_body_parse_object'
  906 |         spa_pod_body_parse_object(pod,SPA_POD_BODY_CONST(pod),type,id,##__VA_ARGS__)
      |         ^~~~~~~~~~~~~~~~~~~~~~~~~
/usr/include/spa-0.2/spa/param/audio/dsd-utils.h:39:15: note: in expansion of macro 'spa_pod_parse_object'
   39 |         res = spa_pod_parse_object(format,
      |               ^~~~~~~~~~~~~~~~~~~~
/usr/include/spa-0.2/spa/pod/parser.h:877:1: warning: ISO C++ forbids braced-groups within expressions [-Wpedantic]
  877 | ({                                                                              \
      | ^
/usr/include/spa-0.2/spa/pod/parser.h:902:9: note: in expansion of macro 'spa_pod_parser_get_object'
  902 |         spa_pod_parser_get_object(&_p,type,id,##__VA_ARGS__);   \
      |         ^~~~~~~~~~~~~~~~~~~~~~~~~
/usr/include/spa-0.2/spa/pod/parser.h:906:9: note: in expansion of macro 'spa_pod_body_parse_object'
  906 |         spa_pod_body_parse_object(pod,SPA_POD_BODY_CONST(pod),type,id,##__VA_ARGS__)
      |         ^~~~~~~~~~~~~~~~~~~~~~~~~
/usr/include/spa-0.2/spa/param/audio/dsd-utils.h:39:15: note: in expansion of macro 'spa_pod_parse_object'
   39 |         res = spa_pod_parse_object(format,
      |               ^~~~~~~~~~~~~~~~~~~~
/usr/include/spa-0.2/spa/param/audio/mp3-utils.h: In function 'int spa_format_audio_mp3_parse(const spa_pod*, spa_audio_info_mp3*)':
/usr/include/spa-0.2/spa/pod/parser.h:899:1: warning: ISO C++ forbids braced-groups within expressions [-Wpedantic]
  899 | ({                                                              \
      | ^
/usr/include/spa-0.2/spa/pod/parser.h:906:9: note: in expansion of macro 'spa_pod_body_parse_object'
  906 |         spa_pod_body_parse_object(pod,SPA_POD_BODY_CONST(pod),type,id,##__VA_ARGS__)
      |         ^~~~~~~~~~~~~~~~~~~~~~~~~
/usr/include/spa-0.2/spa/param/audio/mp3-utils.h:34:15: note: in expansion of macro 'spa_pod_parse_object'
   34 |         res = spa_pod_parse_object(format,
      |               ^~~~~~~~~~~~~~~~~~~~
/usr/include/spa-0.2/spa/pod/parser.h:877:1: warning: ISO C++ forbids braced-groups within expressions [-Wpedantic]
  877 | ({                                                                              \
      | ^
/usr/include/spa-0.2/spa/pod/parser.h:902:9: note: in expansion of macro 'spa_pod_parser_get_object'
  902 |         spa_pod_parser_get_object(&_p,type,id,##__VA_ARGS__);   \
      |         ^~~~~~~~~~~~~~~~~~~~~~~~~
/usr/include/spa-0.2/spa/pod/parser.h:906:9: note: in expansion of macro 'spa_pod_body_parse_object'
  906 |         spa_pod_body_parse_object(pod,SPA_POD_BODY_CONST(pod),type,id,##__VA_ARGS__)
      |         ^~~~~~~~~~~~~~~~~~~~~~~~~
/usr/include/spa-0.2/spa/param/audio/mp3-utils.h:34:15: note: in expansion of macro 'spa_pod_parse_object'
   34 |         res = spa_pod_parse_object(format,
      |               ^~~~~~~~~~~~~~~~~~~~
/usr/include/spa-0.2/spa/param/audio/aac-utils.h: In function 'int spa_format_audio_aac_parse(const spa_pod*, spa_audio_info_aac*)':
/usr/include/spa-0.2/spa/pod/parser.h:899:1: warning: ISO C++ forbids braced-groups within expressions [-Wpedantic]
  899 | ({                                                              \
      | ^
/usr/include/spa-0.2/spa/pod/parser.h:906:9: note: in expansion of macro 'spa_pod_body_parse_object'
  906 |         spa_pod_body_parse_object(pod,SPA_POD_BODY_CONST(pod),type,id,##__VA_ARGS__)
      |         ^~~~~~~~~~~~~~~~~~~~~~~~~
/usr/include/spa-0.2/spa/param/audio/aac-utils.h:34:15: note: in expansion of macro 'spa_pod_parse_object'
   34 |         res = spa_pod_parse_object(format,
      |               ^~~~~~~~~~~~~~~~~~~~
/usr/include/spa-0.2/spa/pod/parser.h:877:1: warning: ISO C++ forbids braced-groups within expressions [-Wpedantic]
  877 | ({                                                                              \
      | ^
/usr/include/spa-0.2/spa/pod/parser.h:902:9: note: in expansion of macro 'spa_pod_parser_get_object'
  902 |         spa_pod_parser_get_object(&_p,type,id,##__VA_ARGS__);   \
      |         ^~~~~~~~~~~~~~~~~~~~~~~~~
/usr/include/spa-0.2/spa/pod/parser.h:906:9: note: in expansion of macro 'spa_pod_body_parse_object'
  906 |         spa_pod_body_parse_object(pod,SPA_POD_BODY_CONST(pod),type,id,##__VA_ARGS__)
      |         ^~~~~~~~~~~~~~~~~~~~~~~~~
/usr/include/spa-0.2/spa/param/audio/aac-utils.h:34:15: note: in expansion of macro 'spa_pod_parse_object'
   34 |         res = spa_pod_parse_object(format,
      |               ^~~~~~~~~~~~~~~~~~~~
/usr/include/spa-0.2/spa/param/audio/vorbis-utils.h: In function 'int spa_format_audio_vorbis_parse(const spa_pod*, spa_audio_info_vorbis*)':
/usr/include/spa-0.2/spa/pod/parser.h:899:1: warning: ISO C++ forbids braced-groups within expressions [-Wpedantic]
  899 | ({                                                              \
      | ^
/usr/include/spa-0.2/spa/pod/parser.h:906:9: note: in expansion of macro 'spa_pod_body_parse_object'
  906 |         spa_pod_body_parse_object(pod,SPA_POD_BODY_CONST(pod),type,id,##__VA_ARGS__)
      |         ^~~~~~~~~~~~~~~~~~~~~~~~~
/usr/include/spa-0.2/spa/param/audio/vorbis-utils.h:34:15: note: in expansion of macro 'spa_pod_parse_object'
   34 |         res = spa_pod_parse_object(format,
      |               ^~~~~~~~~~~~~~~~~~~~
/usr/include/spa-0.2/spa/pod/parser.h:877:1: warning: ISO C++ forbids braced-groups within expressions [-Wpedantic]
  877 | ({                                                                              \
      | ^
/usr/include/spa-0.2/spa/pod/parser.h:902:9: note: in expansion of macro 'spa_pod_parser_get_object'
  902 |         spa_pod_parser_get_object(&_p,type,id,##__VA_ARGS__);   \
      |         ^~~~~~~~~~~~~~~~~~~~~~~~~
/usr/include/spa-0.2/spa/pod/parser.h:906:9: note: in expansion of macro 'spa_pod_body_parse_object'
  906 |         spa_pod_body_parse_object(pod,SPA_POD_BODY_CONST(pod),type,id,##__VA_ARGS__)
      |         ^~~~~~~~~~~~~~~~~~~~~~~~~
/usr/include/spa-0.2/spa/param/audio/vorbis-utils.h:34:15: note: in expansion of macro 'spa_pod_parse_object'
   34 |         res = spa_pod_parse_object(format,
      |               ^~~~~~~~~~~~~~~~~~~~
/usr/include/spa-0.2/spa/param/audio/wma-utils.h: In function 'int spa_format_audio_wma_parse(const spa_pod*, spa_audio_info_wma*)':
/usr/include/spa-0.2/spa/pod/parser.h:899:1: warning: ISO C++ forbids braced-groups within expressions [-Wpedantic]
  899 | ({                                                              \
      | ^
/usr/include/spa-0.2/spa/pod/parser.h:906:9: note: in expansion of macro 'spa_pod_body_parse_object'
  906 |         spa_pod_body_parse_object(pod,SPA_POD_BODY_CONST(pod),type,id,##__VA_ARGS__)
      |         ^~~~~~~~~~~~~~~~~~~~~~~~~
/usr/include/spa-0.2/spa/param/audio/wma-utils.h:34:15: note: in expansion of macro 'spa_pod_parse_object'
   34 |         res = spa_pod_parse_object(format,
      |               ^~~~~~~~~~~~~~~~~~~~
/usr/include/spa-0.2/spa/pod/parser.h:877:1: warning: ISO C++ forbids braced-groups within expressions [-Wpedantic]
  877 | ({                                                                              \
      | ^
/usr/include/spa-0.2/spa/pod/parser.h:902:9: note: in expansion of macro 'spa_pod_parser_get_object'
  902 |         spa_pod_parser_get_object(&_p,type,id,##__VA_ARGS__);   \
      |         ^~~~~~~~~~~~~~~~~~~~~~~~~
/usr/include/spa-0.2/spa/pod/parser.h:906:9: note: in expansion of macro 'spa_pod_body_parse_object'
  906 |         spa_pod_body_parse_object(pod,SPA_POD_BODY_CONST(pod),type,id,##__VA_ARGS__)
      |         ^~~~~~~~~~~~~~~~~~~~~~~~~
/usr/include/spa-0.2/spa/param/audio/wma-utils.h:34:15: note: in expansion of macro 'spa_pod_parse_object'
   34 |         res = spa_pod_parse_object(format,
      |               ^~~~~~~~~~~~~~~~~~~~
/usr/include/spa-0.2/spa/param/audio/ra-utils.h: In function 'int spa_format_audio_ra_parse(const spa_pod*, spa_audio_info_ra*)':
/usr/include/spa-0.2/spa/pod/parser.h:899:1: warning: ISO C++ forbids braced-groups within expressions [-Wpedantic]
  899 | ({                                                              \
      | ^
/usr/include/spa-0.2/spa/pod/parser.h:906:9: note: in expansion of macro 'spa_pod_body_parse_object'
  906 |         spa_pod_body_parse_object(pod,SPA_POD_BODY_CONST(pod),type,id,##__VA_ARGS__)
      |         ^~~~~~~~~~~~~~~~~~~~~~~~~
/usr/include/spa-0.2/spa/param/audio/ra-utils.h:34:15: note: in expansion of macro 'spa_pod_parse_object'
   34 |         res = spa_pod_parse_object(format,
      |               ^~~~~~~~~~~~~~~~~~~~
/usr/include/spa-0.2/spa/pod/parser.h:877:1: warning: ISO C++ forbids braced-groups within expressions [-Wpedantic]
  877 | ({                                                                              \
      | ^
/usr/include/spa-0.2/spa/pod/parser.h:902:9: note: in expansion of macro 'spa_pod_parser_get_object'
  902 |         spa_pod_parser_get_object(&_p,type,id,##__VA_ARGS__);   \
      |         ^~~~~~~~~~~~~~~~~~~~~~~~~
/usr/include/spa-0.2/spa/pod/parser.h:906:9: note: in expansion of macro 'spa_pod_body_parse_object'
  906 |         spa_pod_body_parse_object(pod,SPA_POD_BODY_CONST(pod),type,id,##__VA_ARGS__)
      |         ^~~~~~~~~~~~~~~~~~~~~~~~~
/usr/include/spa-0.2/spa/param/audio/ra-utils.h:34:15: note: in expansion of macro 'spa_pod_parse_object'
   34 |         res = spa_pod_parse_object(format,
      |               ^~~~~~~~~~~~~~~~~~~~
/usr/include/spa-0.2/spa/param/audio/amr-utils.h: In function 'int spa_format_audio_amr_parse(const spa_pod*, spa_audio_info_amr*)':
/usr/include/spa-0.2/spa/pod/parser.h:899:1: warning: ISO C++ forbids braced-groups within expressions [-Wpedantic]
  899 | ({                                                              \
      | ^
/usr/include/spa-0.2/spa/pod/parser.h:906:9: note: in expansion of macro 'spa_pod_body_parse_object'
  906 |         spa_pod_body_parse_object(pod,SPA_POD_BODY_CONST(pod),type,id,##__VA_ARGS__)
      |         ^~~~~~~~~~~~~~~~~~~~~~~~~
/usr/include/spa-0.2/spa/param/audio/amr-utils.h:35:15: note: in expansion of macro 'spa_pod_parse_object'
   35 |         res = spa_pod_parse_object(format,
      |               ^~~~~~~~~~~~~~~~~~~~
/usr/include/spa-0.2/spa/pod/parser.h:877:1: warning: ISO C++ forbids braced-groups within expressions [-Wpedantic]
  877 | ({                                                                              \
      | ^
/usr/include/spa-0.2/spa/pod/parser.h:902:9: note: in expansion of macro 'spa_pod_parser_get_object'
  902 |         spa_pod_parser_get_object(&_p,type,id,##__VA_ARGS__);   \
      |         ^~~~~~~~~~~~~~~~~~~~~~~~~
/usr/include/spa-0.2/spa/pod/parser.h:906:9: note: in expansion of macro 'spa_pod_body_parse_object'
  906 |         spa_pod_body_parse_object(pod,SPA_POD_BODY_CONST(pod),type,id,##__VA_ARGS__)
      |         ^~~~~~~~~~~~~~~~~~~~~~~~~
/usr/include/spa-0.2/spa/param/audio/amr-utils.h:35:15: note: in expansion of macro 'spa_pod_parse_object'
   35 |         res = spa_pod_parse_object(format,
      |               ^~~~~~~~~~~~~~~~~~~~
/usr/include/spa-0.2/spa/param/audio/alac-utils.h: In function 'int spa_format_audio_alac_parse(const spa_pod*, spa_audio_info_alac*)':
/usr/include/spa-0.2/spa/pod/parser.h:899:1: warning: ISO C++ forbids braced-groups within expressions [-Wpedantic]
  899 | ({                                                              \
      | ^
/usr/include/spa-0.2/spa/pod/parser.h:906:9: note: in expansion of macro 'spa_pod_body_parse_object'
  906 |         spa_pod_body_parse_object(pod,SPA_POD_BODY_CONST(pod),type,id,##__VA_ARGS__)
      |         ^~~~~~~~~~~~~~~~~~~~~~~~~
/usr/include/spa-0.2/spa/param/audio/alac-utils.h:35:15: note: in expansion of macro 'spa_pod_parse_object'
   35 |         res = spa_pod_parse_object(format,
      |               ^~~~~~~~~~~~~~~~~~~~
/usr/include/spa-0.2/spa/pod/parser.h:877:1: warning: ISO C++ forbids braced-groups within expressions [-Wpedantic]
  877 | ({                                                                              \
      | ^
/usr/include/spa-0.2/spa/pod/parser.h:902:9: note: in expansion of macro 'spa_pod_parser_get_object'
  902 |         spa_pod_parser_get_object(&_p,type,id,##__VA_ARGS__);   \
      |         ^~~~~~~~~~~~~~~~~~~~~~~~~
/usr/include/spa-0.2/spa/pod/parser.h:906:9: note: in expansion of macro 'spa_pod_body_parse_object'
  906 |         spa_pod_body_parse_object(pod,SPA_POD_BODY_CONST(pod),type,id,##__VA_ARGS__)
      |         ^~~~~~~~~~~~~~~~~~~~~~~~~
/usr/include/spa-0.2/spa/param/audio/alac-utils.h:35:15: note: in expansion of macro 'spa_pod_parse_object'
   35 |         res = spa_pod_parse_object(format,
      |               ^~~~~~~~~~~~~~~~~~~~
/usr/include/spa-0.2/spa/param/audio/flac-utils.h: In function 'int spa_format_audio_flac_parse(const spa_pod*, spa_audio_info_flac*)':
/usr/include/spa-0.2/spa/pod/parser.h:899:1: warning: ISO C++ forbids braced-groups within expressions [-Wpedantic]
  899 | ({                                                              \
      | ^
/usr/include/spa-0.2/spa/pod/parser.h:906:9: note: in expansion of macro 'spa_pod_body_parse_object'
  906 |         spa_pod_body_parse_object(pod,SPA_POD_BODY_CONST(pod),type,id,##__VA_ARGS__)
      |         ^~~~~~~~~~~~~~~~~~~~~~~~~
/usr/include/spa-0.2/spa/param/audio/flac-utils.h:34:15: note: in expansion of macro 'spa_pod_parse_object'
   34 |         res = spa_pod_parse_object(format,
      |               ^~~~~~~~~~~~~~~~~~~~
/usr/include/spa-0.2/spa/pod/parser.h:877:1: warning: ISO C++ forbids braced-groups within expressions [-Wpedantic]
  877 | ({                                                                              \
      | ^
/usr/include/spa-0.2/spa/pod/parser.h:902:9: note: in expansion of macro 'spa_pod_parser_get_object'
  902 |         spa_pod_parser_get_object(&_p,type,id,##__VA_ARGS__);   \
      |         ^~~~~~~~~~~~~~~~~~~~~~~~~
/usr/include/spa-0.2/spa/pod/parser.h:906:9: note: in expansion of macro 'spa_pod_body_parse_object'
  906 |         spa_pod_body_parse_object(pod,SPA_POD_BODY_CONST(pod),type,id,##__VA_ARGS__)
      |         ^~~~~~~~~~~~~~~~~~~~~~~~~
/usr/include/spa-0.2/spa/param/audio/flac-utils.h:34:15: note: in expansion of macro 'spa_pod_parse_object'
   34 |         res = spa_pod_parse_object(format,
      |               ^~~~~~~~~~~~~~~~~~~~
/usr/include/spa-0.2/spa/param/audio/ape-utils.h: In function 'int spa_format_audio_ape_parse(const spa_pod*, spa_audio_info_ape*)':
/usr/include/spa-0.2/spa/pod/parser.h:899:1: warning: ISO C++ forbids braced-groups within expressions [-Wpedantic]
  899 | ({                                                              \
      | ^
/usr/include/spa-0.2/spa/pod/parser.h:906:9: note: in expansion of macro 'spa_pod_body_parse_object'
  906 |         spa_pod_body_parse_object(pod,SPA_POD_BODY_CONST(pod),type,id,##__VA_ARGS__)
      |         ^~~~~~~~~~~~~~~~~~~~~~~~~
/usr/include/spa-0.2/spa/param/audio/ape-utils.h:34:15: note: in expansion of macro 'spa_pod_parse_object'
   34 |         res = spa_pod_parse_object(format,
      |               ^~~~~~~~~~~~~~~~~~~~
/usr/include/spa-0.2/spa/pod/parser.h:877:1: warning: ISO C++ forbids braced-groups within expressions [-Wpedantic]
  877 | ({                                                                              \
      | ^
/usr/include/spa-0.2/spa/pod/parser.h:902:9: note: in expansion of macro 'spa_pod_parser_get_object'
  902 |         spa_pod_parser_get_object(&_p,type,id,##__VA_ARGS__);   \
      |         ^~~~~~~~~~~~~~~~~~~~~~~~~
/usr/include/spa-0.2/spa/pod/parser.h:906:9: note: in expansion of macro 'spa_pod_body_parse_object'
  906 |         spa_pod_body_parse_object(pod,SPA_POD_BODY_CONST(pod),type,id,##__VA_ARGS__)
      |         ^~~~~~~~~~~~~~~~~~~~~~~~~
/usr/include/spa-0.2/spa/param/audio/ape-utils.h:34:15: note: in expansion of macro 'spa_pod_parse_object'
   34 |         res = spa_pod_parse_object(format,
      |               ^~~~~~~~~~~~~~~~~~~~
/usr/include/spa-0.2/spa/param/audio/ac3-utils.h: In function 'int spa_format_audio_ac3_parse(const spa_pod*, spa_audio_info_ac3*)':
/usr/include/spa-0.2/spa/pod/parser.h:899:1: warning: ISO C++ forbids braced-groups within expressions [-Wpedantic]
  899 | ({                                                              \
      | ^
/usr/include/spa-0.2/spa/pod/parser.h:906:9: note: in expansion of macro 'spa_pod_body_parse_object'
  906 |         spa_pod_body_parse_object(pod,SPA_POD_BODY_CONST(pod),type,id,##__VA_ARGS__)
      |         ^~~~~~~~~~~~~~~~~~~~~~~~~
/usr/include/spa-0.2/spa/param/audio/ac3-utils.h:34:15: note: in expansion of macro 'spa_pod_parse_object'
   34 |         res = spa_pod_parse_object(format,
      |               ^~~~~~~~~~~~~~~~~~~~
/usr/include/spa-0.2/spa/pod/parser.h:877:1: warning: ISO C++ forbids braced-groups within expressions [-Wpedantic]
  877 | ({                                                                              \
      | ^
/usr/include/spa-0.2/spa/pod/parser.h:902:9: note: in expansion of macro 'spa_pod_parser_get_object'
  902 |         spa_pod_parser_get_object(&_p,type,id,##__VA_ARGS__);   \
      |         ^~~~~~~~~~~~~~~~~~~~~~~~~
/usr/include/spa-0.2/spa/pod/parser.h:906:9: note: in expansion of macro 'spa_pod_body_parse_object'
  906 |         spa_pod_body_parse_object(pod,SPA_POD_BODY_CONST(pod),type,id,##__VA_ARGS__)
      |         ^~~~~~~~~~~~~~~~~~~~~~~~~
/usr/include/spa-0.2/spa/param/audio/ac3-utils.h:34:15: note: in expansion of macro 'spa_pod_parse_object'
   34 |         res = spa_pod_parse_object(format,
      |               ^~~~~~~~~~~~~~~~~~~~
/usr/include/spa-0.2/spa/param/audio/eac3-utils.h: In function 'int spa_format_audio_eac3_parse(const spa_pod*, spa_audio_info_eac3*)':
/usr/include/spa-0.2/spa/pod/parser.h:899:1: warning: ISO C++ forbids braced-groups within expressions [-Wpedantic]
  899 | ({                                                              \
      | ^
/usr/include/spa-0.2/spa/pod/parser.h:906:9: note: in expansion of macro 'spa_pod_body_parse_object'
  906 |         spa_pod_body_parse_object(pod,SPA_POD_BODY_CONST(pod),type,id,##__VA_ARGS__)
      |         ^~~~~~~~~~~~~~~~~~~~~~~~~
/usr/include/spa-0.2/spa/param/audio/eac3-utils.h:34:15: note: in expansion of macro 'spa_pod_parse_object'
   34 |         res = spa_pod_parse_object(format,
      |               ^~~~~~~~~~~~~~~~~~~~
/usr/include/spa-0.2/spa/pod/parser.h:877:1: warning: ISO C++ forbids braced-groups within expressions [-Wpedantic]
  877 | ({                                                                              \
      | ^
/usr/include/spa-0.2/spa/pod/parser.h:902:9: note: in expansion of macro 'spa_pod_parser_get_object'
  902 |         spa_pod_parser_get_object(&_p,type,id,##__VA_ARGS__);   \
      |         ^~~~~~~~~~~~~~~~~~~~~~~~~
/usr/include/spa-0.2/spa/pod/parser.h:906:9: note: in expansion of macro 'spa_pod_body_parse_object'
  906 |         spa_pod_body_parse_object(pod,SPA_POD_BODY_CONST(pod),type,id,##__VA_ARGS__)
      |         ^~~~~~~~~~~~~~~~~~~~~~~~~
/usr/include/spa-0.2/spa/param/audio/eac3-utils.h:34:15: note: in expansion of macro 'spa_pod_parse_object'
   34 |         res = spa_pod_parse_object(format,
      |               ^~~~~~~~~~~~~~~~~~~~
/usr/include/spa-0.2/spa/param/audio/truehd-utils.h: In function 'int spa_format_audio_truehd_parse(const spa_pod*, spa_audio_info_truehd*)':
/usr/include/spa-0.2/spa/pod/parser.h:899:1: warning: ISO C++ forbids braced-groups within expressions [-Wpedantic]
  899 | ({                                                              \
      | ^
/usr/include/spa-0.2/spa/pod/parser.h:906:9: note: in expansion of macro 'spa_pod_body_parse_object'
  906 |         spa_pod_body_parse_object(pod,SPA_POD_BODY_CONST(pod),type,id,##__VA_ARGS__)
      |         ^~~~~~~~~~~~~~~~~~~~~~~~~
/usr/include/spa-0.2/spa/param/audio/truehd-utils.h:34:15: note: in expansion of macro 'spa_pod_parse_object'
   34 |         res = spa_pod_parse_object(format,
      |               ^~~~~~~~~~~~~~~~~~~~
/usr/include/spa-0.2/spa/pod/parser.h:877:1: warning: ISO C++ forbids braced-groups within expressions [-Wpedantic]
  877 | ({                                                                              \
      | ^
/usr/include/spa-0.2/spa/pod/parser.h:902:9: note: in expansion of macro 'spa_pod_parser_get_object'
  902 |         spa_pod_parser_get_object(&_p,type,id,##__VA_ARGS__);   \
      |         ^~~~~~~~~~~~~~~~~~~~~~~~~
/usr/include/spa-0.2/spa/pod/parser.h:906:9: note: in expansion of macro 'spa_pod_body_parse_object'
  906 |         spa_pod_body_parse_object(pod,SPA_POD_BODY_CONST(pod),type,id,##__VA_ARGS__)
      |         ^~~~~~~~~~~~~~~~~~~~~~~~~
/usr/include/spa-0.2/spa/param/audio/truehd-utils.h:34:15: note: in expansion of macro 'spa_pod_parse_object'
   34 |         res = spa_pod_parse_object(format,
      |               ^~~~~~~~~~~~~~~~~~~~
/usr/include/spa-0.2/spa/param/audio/dts-utils.h: In function 'int spa_format_audio_dts_parse(const spa_pod*, spa_audio_info_dts*)':
/usr/include/spa-0.2/spa/pod/parser.h:899:1: warning: ISO C++ forbids braced-groups within expressions [-Wpedantic]
  899 | ({                                                              \
      | ^
/usr/include/spa-0.2/spa/pod/parser.h:906:9: note: in expansion of macro 'spa_pod_body_parse_object'
  906 |         spa_pod_body_parse_object(pod,SPA_POD_BODY_CONST(pod),type,id,##__VA_ARGS__)
      |         ^~~~~~~~~~~~~~~~~~~~~~~~~
/usr/include/spa-0.2/spa/param/audio/dts-utils.h:34:15: note: in expansion of macro 'spa_pod_parse_object'
   34 |         res = spa_pod_parse_object(format,
      |               ^~~~~~~~~~~~~~~~~~~~
/usr/include/spa-0.2/spa/pod/parser.h:877:1: warning: ISO C++ forbids braced-groups within expressions [-Wpedantic]
  877 | ({                                                                              \
      | ^
/usr/include/spa-0.2/spa/pod/parser.h:902:9: note: in expansion of macro 'spa_pod_parser_get_object'
  902 |         spa_pod_parser_get_object(&_p,type,id,##__VA_ARGS__);   \
      |         ^~~~~~~~~~~~~~~~~~~~~~~~~
/usr/include/spa-0.2/spa/pod/parser.h:906:9: note: in expansion of macro 'spa_pod_body_parse_object'
  906 |         spa_pod_body_parse_object(pod,SPA_POD_BODY_CONST(pod),type,id,##__VA_ARGS__)
      |         ^~~~~~~~~~~~~~~~~~~~~~~~~
/usr/include/spa-0.2/spa/param/audio/dts-utils.h:34:15: note: in expansion of macro 'spa_pod_parse_object'
   34 |         res = spa_pod_parse_object(format,
      |               ^~~~~~~~~~~~~~~~~~~~
/usr/include/spa-0.2/spa/param/audio/mpegh-utils.h: In function 'int spa_format_audio_mpegh_parse(const spa_pod*, spa_audio_info_mpegh*)':
/usr/include/spa-0.2/spa/pod/parser.h:899:1: warning: ISO C++ forbids braced-groups within expressions [-Wpedantic]
  899 | ({                                                              \
      | ^
/usr/include/spa-0.2/spa/pod/parser.h:906:9: note: in expansion of macro 'spa_pod_body_parse_object'
  906 |         spa_pod_body_parse_object(pod,SPA_POD_BODY_CONST(pod),type,id,##__VA_ARGS__)
      |         ^~~~~~~~~~~~~~~~~~~~~~~~~
/usr/include/spa-0.2/spa/param/audio/mpegh-utils.h:34:15: note: in expansion of macro 'spa_pod_parse_object'
   34 |         res = spa_pod_parse_object(format,
      |               ^~~~~~~~~~~~~~~~~~~~
/usr/include/spa-0.2/spa/pod/parser.h:877:1: warning: ISO C++ forbids braced-groups within expressions [-Wpedantic]
  877 | ({                                                                              \
      | ^
/usr/include/spa-0.2/spa/pod/parser.h:902:9: note: in expansion of macro 'spa_pod_parser_get_object'
  902 |         spa_pod_parser_get_object(&_p,type,id,##__VA_ARGS__);   \
      |         ^~~~~~~~~~~~~~~~~~~~~~~~~
/usr/include/spa-0.2/spa/pod/parser.h:906:9: note: in expansion of macro 'spa_pod_body_parse_object'
  906 |         spa_pod_body_parse_object(pod,SPA_POD_BODY_CONST(pod),type,id,##__VA_ARGS__)
      |         ^~~~~~~~~~~~~~~~~~~~~~~~~
/usr/include/spa-0.2/spa/param/audio/mpegh-utils.h:34:15: note: in expansion of macro 'spa_pod_parse_object'
   34 |         res = spa_pod_parse_object(format,
      |               ^~~~~~~~~~~~~~~~~~~~
/home/jeremy/agent-worktrees/460f1777/wt-pr5146/src/core/PipeWireNativeRxSource.cpp: In member function 'bool AetherSDR::PipeWireNativeRxSource::open()':
/usr/include/spa-0.2/spa/pod/builder.h:60:114: warning: ISO C++ forbids compound-literals [-Wpedantic]
   60 | #define SPA_POD_BUILDER_INIT(buffer,size)  ((struct spa_pod_builder){ (buffer), (size), 0, {0,0,NULL},{NULL,NULL}})
      |                                                                                                                  ^
/home/jeremy/agent-worktrees/460f1777/wt-pr5146/src/core/PipeWireNativeRxSource.cpp:148:25: note: in expansion of macro 'SPA_POD_BUILDER_INIT'
  148 |     spa_pod_builder b = SPA_POD_BUILDER_INIT(buffer, sizeof(buffer));
      |                         ^~~~~~~~~~~~~~~~~~~~
[768/1220] Building C object CMakeFiles/aethercore.dir/third_party/rnnoise/src/celt_lpc.c.o
[769/1220] Building C object CMakeFiles/aethercore.dir/third_party/rnnoise/src/denoise.c.o
[770/1220] Building C object CMakeFiles/aethercore.dir/third_party/rnnoise/src/rnn.c.o
[771/1220] Building CXX object CMakeFiles/aethercore.dir/src/models/PanadapterModel.cpp.o
[772/1220] Building CXX object CMakeFiles/aethercore.dir/src/models/DigitalVoiceWaveformHistory.cpp.o
[773/1220] Building C object CMakeFiles/aethercore.dir/third_party/rnnoise/src/pitch.c.o
[774/1220] Building C object CMakeFiles/aethercore.dir/third_party/rnnoise/src/kiss_fft.c.o
[775/1220] Building CXX object CMakeFiles/aethercore.dir/src/core/aprs/AprsStationList.cpp.o
[776/1220] Building C object CMakeFiles/aethercore.dir/third_party/rnnoise/src/rnnoise_tables.c.o
[777/1220] Building CXX object CMakeFiles/aethercore.dir/src/models/EqualizerModel.cpp.o
[778/1220] Building C object CMakeFiles/aethercore.dir/third_party/rnnoise/src/x86/x86_dnn_map.c.o
[779/1220] Building C object CMakeFiles/aethercore.dir/third_party/rnnoise/src/x86/x86cpu.c.o
[780/1220] Building C object CMakeFiles/aethercore.dir/third_party/rnnoise/src/parse_lpcnet_weights.c.o
[781/1220] Building C object CMakeFiles/aethercore.dir/third_party/radae/src/rade_api_nopy.c.o
[782/1220] Building CXX object CMakeFiles/aethercore.dir/src/models/TunerModel.cpp.o
[783/1220] Building C object CMakeFiles/aethercore.dir/third_party/radae/src/rade_dsp.c.o
[784/1220] Building C object CMakeFiles/aethercore.dir/third_party/rnnoise/src/nnet.c.o
[785/1220] Building C object CMakeFiles/aethercore.dir/third_party/radae/src/rade_bpf.c.o
[786/1220] Building CXX object CMakeFiles/aethercore.dir/third_party/ggmorse/src/resampler.cpp.o
[787/1220] Building CXX object CMakeFiles/aethercore.dir/src/models/SpotModel.cpp.o
[788/1220] Building CXX object CMakeFiles/aethercore.dir/src/models/SliceModel.cpp.o
[789/1220] Building C object CMakeFiles/aethercore.dir/third_party/rnnoise/src/nnet_default.c.o
[790/1220] Building CXX object CMakeFiles/aethercore.dir/src/core/tnc/AetherAx25LibmodemShim.cpp.o
[791/1220] Building C object CMakeFiles/aethercore.dir/third_party/radae/src/rade_acq.c.o
[792/1220] Building C object CMakeFiles/aethercore.dir/third_party/radae/src/rade_tx.c.o
[793/1220] Building C object CMakeFiles/aethercore.dir/third_party/radae/src/rade_dec.c.o
[794/1220] Building C object CMakeFiles/aethercore.dir/third_party/radae/src/rade_enc.c.o
[795/1220] Building C object CMakeFiles/aethercore.dir/third_party/radae/src/rade_rx.c.o
[796/1220] Building C object CMakeFiles/aethercore.dir/third_party/radae/src/HRA_56_56.c.o
[797/1220] Building CXX object CMakeFiles/aethercore.dir/src/models/UsbCableModel.cpp.o
[798/1220] Building CXX object CMakeFiles/aethercore.dir/src/models/TnfModel.cpp.o
[799/1220] Building C object CMakeFiles/aethercore.dir/third_party/radae/src/ldpc_codes.c.o
[800/1220] Building C object CMakeFiles/aethercore.dir/third_party/radae/src/kiss_fftr.c.o
[801/1220] Building C object CMakeFiles/aethercore.dir/third_party/rnnoise/src/x86/nnet_avx2.c.o
[802/1220] Building C object CMakeFiles/aethercore.dir/third_party/radae/src/gp_interleaver.c.o
[803/1220] Building C object CMakeFiles/aethercore.dir/third_party/libspecbleach/src/processors/specbleach_denoiser.c.o
[804/1220] Building C object CMakeFiles/aethercore.dir/third_party/libspecbleach/src/processors/specbleach_2d_denoiser.c.o
[805/1220] Building C object CMakeFiles/aethercore.dir/third_party/rnnoise/src/x86/nnet_sse4_1.c.o
[806/1220] Building C object CMakeFiles/aethercore.dir/third_party/libspecbleach/src/shared/denoiser_logic/core/denoiser_post_process.c.o
[807/1220] Building C object CMakeFiles/aethercore.dir/third_party/radae/src/kiss_fft.c.o
[808/1220] Building C object CMakeFiles/aethercore.dir/third_party/libspecbleach/src/processors/denoiser2d/spectral_2d_denoiser.c.o
[809/1220] Building C object CMakeFiles/aethercore.dir/third_party/libspecbleach/src/processors/denoiser/spectral_denoiser.c.o
[810/1220] Building C object CMakeFiles/aethercore.dir/third_party/libspecbleach/src/shared/denoiser_logic/core/denoiser_profile_core.c.o
[811/1220] Building C object CMakeFiles/aethercore.dir/third_party/libspecbleach/src/shared/denoiser_logic/estimators/adaptive_noise_estimator.c.o
[812/1220] Building C object CMakeFiles/aethercore.dir/third_party/libspecbleach/src/shared/denoiser_logic/core/noise_floor_manager.c.o
[813/1220] Building C object CMakeFiles/aethercore.dir/third_party/libspecbleach/src/shared/denoiser_logic/core/noise_profile.c.o
[814/1220] Building C object CMakeFiles/aethercore.dir/third_party/libspecbleach/src/shared/denoiser_logic/estimators/noise_estimator.c.o
[815/1220] Building C object CMakeFiles/aethercore.dir/third_party/radae/src/mpdecode_core.c.o
[816/1220] Building CXX object CMakeFiles/aethercore.dir/src/models/XvtrPolicy.cpp.o
[817/1220] Building C object CMakeFiles/aethercore.dir/third_party/radae/src/rade_text.c.o
[818/1220] Building CXX object CMakeFiles/aethercore.dir/src/models/BandSettings.cpp.o
[819/1220] Building C object CMakeFiles/aethercore.dir/third_party/libspecbleach/src/shared/denoiser_logic/processing/gain_calculator.c.o
[820/1220] Building C object CMakeFiles/aethercore.dir/third_party/libspecbleach/src/shared/denoiser_logic/estimators/martin_noise_estimator.c.o
[821/1220] Building C object CMakeFiles/aethercore.dir/third_party/libspecbleach/src/shared/denoiser_logic/estimators/spp_mmse_noise_estimator.c.o
[822/1220] Building C object CMakeFiles/aethercore.dir/third_party/libspecbleach/src/shared/denoiser_logic/estimators/brandt_noise_estimator.c.o
[823/1220] Building C object CMakeFiles/aethercore.dir/third_party/libspecbleach/src/shared/denoiser_logic/processing/tonal_reducer.c.o
[824/1220] Building C object CMakeFiles/aethercore.dir/third_party/libspecbleach/src/shared/denoiser_logic/processing/spectral_whitening.c.o
[825/1220] Building C object CMakeFiles/aethercore.dir/third_party/libspecbleach/src/shared/stft/fft_transform.c.o
[826/1220] Building C object CMakeFiles/aethercore.dir/third_party/libspecbleach/src/shared/denoiser_logic/processing/suppression_engine.c.o
[827/1220] Building C object CMakeFiles/aethercore.dir/third_party/libspecbleach/src/shared/denoiser_logic/processing/masking_veto.c.o
[828/1220] Building C object CMakeFiles/aethercore.dir/third_party/libspecbleach/src/shared/stft/stft_buffer.c.o
[829/1220] Building C object CMakeFiles/aethercore.dir/third_party/libspecbleach/src/shared/stft/stft_windows.c.o
[830/1220] Building C object CMakeFiles/aethercore.dir/third_party/libspecbleach/src/shared/stft/stft_processor.c.o
[831/1220] Building C object CMakeFiles/aethercore.dir/third_party/libspecbleach/src/shared/utils/absolute_hearing_thresholds.c.o
[832/1220] Building C object CMakeFiles/aethercore.dir/third_party/libspecbleach/src/shared/utils/critical_bands.c.o
[833/1220] Building C object CMakeFiles/aethercore.dir/third_party/libspecbleach/src/shared/utils/spectral_circular_buffer.c.o
[834/1220] Building C object CMakeFiles/aethercore.dir/third_party/libspecbleach/src/shared/utils/general_utils.c.o
[835/1220] Building C object CMakeFiles/aethercore.dir/third_party/libspecbleach/src/shared/utils/spectral_features.c.o
[836/1220] Building C object CMakeFiles/aethercore.dir/third_party/libspecbleach/src/shared/utils/spectral_smoother.c.o
[837/1220] Building CXX object CMakeFiles/aethercore.dir/src/models/TransmitModel.cpp.o
[838/1220] Building C object CMakeFiles/aethercore.dir/third_party/libspecbleach/src/shared/utils/transient_detector.c.o
[839/1220] Building C object CMakeFiles/aethercore.dir/third_party/libspecbleach/src/shared/utils/masking_estimator.c.o
[840/1220] Building C object CMakeFiles/aethercore.dir/third_party/libspecbleach/src/shared/denoiser_logic/processing/nlm_filter.c.o
[841/1220] Building CXX object CMakeFiles/aethercore.dir/src/models/NavtexModel.cpp.o
[842/1220] Building C object CMakeFiles/aethercore.dir/third_party/libspecbleach/src/shared/utils/tonal_detector.c.o
[843/1220] Building C object CMakeFiles/aethercore.dir/third_party/radae/src/rade_ofdm.c.o
[844/1220] Building CXX object CMakeFiles/aethercore.dir/src/models/DvkModel.cpp.o
[845/1220] Building CXX object CMakeFiles/aethercore.dir/src/core/pms/PmsMailbox.cpp.o
[846/1220] Building C object CMakeFiles/aethercore.dir/third_party/libspecbleach/src/shared/utils/spectral_utils.c.o
[847/1220] Building CXX object CMakeFiles/aethercore.dir/src/models/MeterModel.cpp.o
[848/1220] Building CXX object CMakeFiles/aethercore.dir/src/models/CwxModel.cpp.o
[849/1220] Building CXX object CMakeFiles/aethercore.dir/src/models/FlexWaveformModel.cpp.o
[850/1220] Building CXX object CMakeFiles/aethercore.dir/src/models/DaxIqModel.cpp.o
[851/1220] Building C object CMakeFiles/aethercore.dir/third_party/mosquitto/src/actions_unsubscribe.c.o
[852/1220] Building C object CMakeFiles/aethercore.dir/third_party/mosquitto/src/actions_subscribe.c.o
[853/1220] Building C object CMakeFiles/aethercore.dir/third_party/mosquitto/src/actions_publish.c.o
[854/1220] Building C object CMakeFiles/aethercore.dir/third_party/mosquitto/src/alias_mosq.c.o
[855/1220] Building C object CMakeFiles/aethercore.dir/third_party/mosquitto/src/callbacks.c.o
[856/1220] Building C object CMakeFiles/aethercore.dir/third_party/mosquitto/src/connect.c.o
[857/1220] Building C object CMakeFiles/aethercore.dir/third_party/mosquitto/src/file_common.c.o
[858/1220] Building C object CMakeFiles/aethercore.dir/third_party/mosquitto/src/handle_auth.c.o
[859/1220] Building C object CMakeFiles/aethercore.dir/third_party/mosquitto/src/handle_connack.c.o
[860/1220] Building C object CMakeFiles/aethercore.dir/third_party/mosquitto/src/handle_disconnect.c.o
[861/1220] Building C object CMakeFiles/aethercore.dir/third_party/mosquitto/src/handle_ping.c.o
[862/1220] Building CXX object CMakeFiles/aethercore.dir/src/models/AetherClockModel.cpp.o
[863/1220] Building C object CMakeFiles/aethercore.dir/third_party/mosquitto/src/handle_pubackcomp.c.o
[864/1220] Building C object CMakeFiles/aethercore.dir/third_party/mosquitto/src/handle_publish.c.o
[865/1220] Building C object CMakeFiles/aethercore.dir/third_party/mosquitto/src/handle_pubrec.c.o
[866/1220] Building C object CMakeFiles/aethercore.dir/third_party/mosquitto/src/handle_suback.c.o
[867/1220] Building C object CMakeFiles/aethercore.dir/third_party/mosquitto/src/handle_pubrel.c.o
[868/1220] Building CXX object CMakeFiles/aethercore.dir/src/core/HidDeviceParser.cpp.o
[869/1220] Building C object CMakeFiles/aethercore.dir/third_party/mosquitto/src/memory_common.c.o
[870/1220] Building C object CMakeFiles/aethercore.dir/third_party/mosquitto/src/handle_unsuback.c.o
[871/1220] Building C object CMakeFiles/aethercore.dir/third_party/mosquitto/src/mqtt_common.c.o
[872/1220] Building C object CMakeFiles/aethercore.dir/third_party/mosquitto/src/helpers.c.o
[873/1220] Building C object CMakeFiles/aethercore.dir/third_party/mosquitto/src/net_ws.c.o
[874/1220] Building C object CMakeFiles/aethercore.dir/third_party/mosquitto/src/logging_mosq.c.o
[875/1220] Building C object CMakeFiles/aethercore.dir/third_party/mosquitto/src/libmosquitto.c.o
[876/1220] Building C object CMakeFiles/aethercore.dir/third_party/mosquitto/src/loop.c.o
[877/1220] Building C object CMakeFiles/aethercore.dir/third_party/mosquitto/src/messages_mosq.c.o
[878/1220] Building C object CMakeFiles/aethercore.dir/third_party/mosquitto/src/net_mosq_ocsp.c.o
[879/1220] Building C object CMakeFiles/aethercore.dir/third_party/mosquitto/src/packet_datatypes.c.o
[880/1220] Building C object CMakeFiles/aethercore.dir/third_party/mosquitto/src/net_mosq.c.o
[881/1220] Building C object CMakeFiles/aethercore.dir/third_party/mosquitto/src/options.c.o
[882/1220] Building C object CMakeFiles/aethercore.dir/third_party/mosquitto/src/property_common.c.o
[883/1220] Building C object CMakeFiles/aethercore.dir/third_party/mosquitto/src/random_common.c.o
[884/1220] Building C object CMakeFiles/aethercore.dir/third_party/mosquitto/src/packet_mosq.c.o
[885/1220] Building C object CMakeFiles/aethercore.dir/third_party/mosquitto/src/property_mosq.c.o
[886/1220] Building C object CMakeFiles/aethercore.dir/third_party/mosquitto/src/read_handle.c.o
[887/1220] Building C object CMakeFiles/aethercore.dir/third_party/mosquitto/src/send_disconnect.c.o
[888/1220] Building C object CMakeFiles/aethercore.dir/third_party/mosquitto/src/time_common.c.o
[889/1220] Building C object CMakeFiles/aethercore.dir/third_party/mosquitto/src/send_connect.c.o
[890/1220] Building C object CMakeFiles/aethercore.dir/third_party/mosquitto/src/send_mosq.c.o
[891/1220] Building C object CMakeFiles/aethercore.dir/third_party/mosquitto/src/strings_common.c.o
[892/1220] Building C object CMakeFiles/aethercore.dir/third_party/mosquitto/src/send_publish.c.o
[893/1220] Building C object CMakeFiles/aethercore.dir/third_party/mosquitto/src/send_unsubscribe.c.o
[894/1220] Building C object CMakeFiles/aethercore.dir/third_party/mosquitto/src/send_subscribe.c.o
[895/1220] Building C object CMakeFiles/aethercore.dir/third_party/mosquitto/src/utf8_common.c.o
[896/1220] Building C object CMakeFiles/aethercore.dir/third_party/mosquitto/src/thread_mosq.c.o
[897/1220] Building C object CMakeFiles/aethercore.dir/third_party/mosquitto/src/tls_mosq.c.o
[898/1220] Building C object CMakeFiles/aethercore.dir/third_party/mosquitto/src/will_mosq.c.o
[899/1220] Building C object CMakeFiles/aethercore.dir/third_party/mosquitto/src/util_mosq.c.o
[900/1220] Building CXX object CMakeFiles/aethercore.dir/src/core/UlanziChordDecoder.cpp.o
[901/1220] Building C object CMakeFiles/aethercore.dir/third_party/mosquitto/src/topic_common.c.o
[902/1220] Building CXX object CMakeFiles/aethercore.dir/third_party/rtmidi/RtMidi.cpp.o
[903/1220] Building CXX object CMakeFiles/aethercore.dir/third_party/ggmorse/src/ggmorse.cpp.o
[904/1220] Building CXX object CMakeFiles/aethercore.dir/src/core/backends/rtl/RtlSdrDdc.cpp.o
[905/1220] Building CXX object CMakeFiles/aethercore.dir/src/models/GreenHeronModel.cpp.o
[906/1220] Building CXX object CMakeFiles/aethercore.dir/src/core/CwSidetonePortAudioSink.cpp.o
[907/1220] Building CXX object CMakeFiles/aethercore.dir/src/models/BandPlanManager.cpp.o
[908/1220] Building CXX object CMakeFiles/aethercore.dir/src/core/backends/rtl/RtlSdrWorker.cpp.o
[909/1220] Building CXX object CMakeFiles/aethercore.dir/src/core/HidEncoderManager.cpp.o
[910/1220] Building CXX object CMakeFiles/aethercore.dir/src/core/UlanziDialMappings.cpp.o
[911/1220] Building CXX object CMakeFiles/aethercore.dir/src/models/AntennaGeniusModel.cpp.o
[912/1220] Building CXX object CMakeFiles/aethercore.dir/src/core/EvdevEncoderManager.cpp.o
[913/1220] Building CXX object CMakeFiles/aethercore.dir/src/core/RtlSdrDiscovery.cpp.o
[914/1220] Building C object CMakeFiles/aethercore.dir/third_party/radae/src/rade_dec_data.c.o
[915/1220] Building CXX object CMakeFiles/aethercore.dir/src/core/FreeDvClient.cpp.o
[916/1220] Building CXX object CMakeFiles/aethercore.dir/src/core/MidiControlManager.cpp.o
[917/1220] Building C object CMakeFiles/aethercore.dir/third_party/radae/src/rade_enc_data.c.o
[918/1220] Building CXX object CMakeFiles/aethercore.dir/src/models/DStarModel.cpp.o
[919/1220] Building CXX object CMakeFiles/aethercore.dir/src/core/MidiSettings.cpp.o
[920/1220] Building CXX object CMakeFiles/aethercore.dir/src/core/backends/rtl/RtlSdrBackend.cpp.o
[921/1220] Building C object CMakeFiles/aethercore.dir/third_party/rnnoise/src/rnnoise_data.c.o
[922/1220] Building CXX object CMakeFiles/aethercore.dir/src/models/RadioModel.cpp.o
[923/1220] Building CXX object CMakeFiles/aethercore.dir/src/core/EibiCodeMaps.cpp.o
[924/1220] Linking CXX static library libaethercore.a
[925/1220] Automatic MOC and UIC for target hl2_family_transition_test
[926/1220] Automatic MOC and UIC for target radio_capability_gating_test
[927/1220] Automatic MOC and UIC for target aetherd_residual_decode_test
[928/1220] Automatic MOC and UIC for target icom_family_test
[929/1220] Automatic MOC and UIC for target icom_power_derivation_test
[930/1220] Automatic MOC and UIC for target icom_ntp_access_test
[931/1220] Building CXX object CMakeFiles/hl2_family_transition_test.dir/hl2_family_transition_test_autogen/mocs_compilation.cpp.o
[932/1220] Building CXX object CMakeFiles/radio_capability_gating_test.dir/radio_capability_gating_test_autogen/mocs_compilation.cpp.o
[933/1220] Building CXX object CMakeFiles/icom_ntp_access_test.dir/icom_ntp_access_test_autogen/mocs_compilation.cpp.o
[934/1220] Building CXX object CMakeFiles/icom_family_test.dir/icom_family_test_autogen/mocs_compilation.cpp.o
[935/1220] Building CXX object CMakeFiles/aetherd_residual_decode_test.dir/aetherd_residual_decode_test_autogen/mocs_compilation.cpp.o
[936/1220] Building CXX object CMakeFiles/icom_power_derivation_test.dir/icom_power_derivation_test_autogen/mocs_compilation.cpp.o
[937/1220] Automatic MOC and UIC for target aetherdesktop_support
[938/1220] Building CXX object CMakeFiles/icom_ntp_access_test.dir/tests/icom_ntp_access_test.cpp.o
[939/1220] Building CXX object CMakeFiles/icom_power_derivation_test.dir/tests/icom_power_derivation_test.cpp.o
[940/1220] Building CXX object CMakeFiles/hl2_family_transition_test.dir/tests/hl2_family_transition_test.cpp.o
[941/1220] Building CXX object CMakeFiles/aetherdesktop_support.dir/aetherdesktop_support_autogen/mocs_compilation.cpp.o
[942/1220] Building CXX object CMakeFiles/aetherdesktop_support.dir/src/core/SettingsHelpers.cpp.o
[943/1220] Building CXX object CMakeFiles/aetherd_residual_decode_test.dir/tests/aetherd_residual_decode_test.cpp.o
[944/1220] Building CXX object CMakeFiles/aetherdesktop_support.dir/src/core/ThemeSeedGenerated.cpp.o
[945/1220] Building CXX object CMakeFiles/radio_capability_gating_test.dir/tests/radio_capability_gating_test.cpp.o
[946/1220] Linking CXX executable icom_ntp_access_test
[947/1220] Building CXX object CMakeFiles/icom_family_test.dir/tests/icom_family_test.cpp.o
[948/1220] Building CXX object CMakeFiles/aetherdesktop_support.dir/src/core/ShortcutManager.cpp.o
[949/1220] Linking CXX executable radio_capability_gating_test
[950/1220] Building CXX object CMakeFiles/aetherdesktop_support.dir/src/core/ThemeManager.cpp.o
[951/1220] Linking CXX executable aetherd_residual_decode_test
[952/1220] Linking CXX executable hl2_family_transition_test
[953/1220] Linking CXX executable icom_power_derivation_test
[954/1220] Linking CXX executable icom_family_test
[955/1220] Building CXX object CMakeFiles/aetherdesktop_support.dir/src/core/AutomationServer.cpp.o
[956/1220] Linking CXX static library libaetherdesktop_support.a
[957/1220] Building CXX object third_party/whisper.cpp/ggml/src/ggml-vulkan/CMakeFiles/ggml-vulkan.dir/ggml-vulkan.cpp.o
/home/jeremy/agent-worktrees/460f1777/wt-pr5146/third_party/whisper.cpp/ggml/src/ggml-vulkan/ggml-vulkan.cpp: In function 'void ggml_vk_load_shaders(vk_device&, vk_pipeline)':
/home/jeremy/agent-worktrees/460f1777/wt-pr5146/third_party/whisper.cpp/ggml/src/ggml-vulkan/ggml-vulkan.cpp:3827:13: note: variable tracking size limit exceeded with '-fvar-tracking-assignments', retrying without
 3827 | static void ggml_vk_load_shaders(vk_device& device, vk_pipeline requested) {
      |             ^~~~~~~~~~~~~~~~~~~~
[958/1220] Linking CXX static library third_party/whisper.cpp/ggml/src/ggml-vulkan/libggml-vulkan.a
[959/1220] Automatic MOC and UIC for target ggml
[960/1220] Building CXX object third_party/whisper.cpp/ggml/src/CMakeFiles/ggml.dir/ggml_autogen/mocs_compilation.cpp.o
[961/1220] Building CXX object third_party/whisper.cpp/ggml/src/CMakeFiles/ggml.dir/ggml-backend-dl.cpp.o
[962/1220] Building CXX object third_party/whisper.cpp/ggml/src/CMakeFiles/ggml.dir/ggml-backend-reg.cpp.o
[963/1220] Linking CXX static library third_party/whisper.cpp/ggml/src/libggml.a
[964/1220] Automatic MOC and UIC for target whisper
[965/1220] Building CXX object third_party/whisper.cpp/src/CMakeFiles/whisper.dir/whisper_autogen/mocs_compilation.cpp.o
[966/1220] Building CXX object third_party/whisper.cpp/src/CMakeFiles/whisper.dir/whisper.cpp.o
/home/jeremy/agent-worktrees/460f1777/wt-pr5146/third_party/whisper.cpp/src/whisper.cpp: In function 'std::string to_timestamp(int64_t, bool)':
/home/jeremy/agent-worktrees/460f1777/wt-pr5146/third_party/whisper.cpp/src/whisper.cpp:2992:49: warning: '%03d' directive output may be truncated writing between 3 and 11 bytes into a region of size between 8 and 23 [-Wformat-truncation=]
 2992 |     snprintf(buf, sizeof(buf), "%02d:%02d:%02d%s%03d", (int) hr, (int) min, (int) sec, comma ? "," : ".", (int) msec);
      |                                                 ^~~~
/home/jeremy/agent-worktrees/460f1777/wt-pr5146/third_party/whisper.cpp/src/whisper.cpp:2992:32: note: directive argument in the range [-2147483648, 2147483646]
 2992 |     snprintf(buf, sizeof(buf), "%02d:%02d:%02d%s%03d", (int) hr, (int) min, (int) sec, comma ? "," : ".", (int) msec);
      |                                ^~~~~~~~~~~~~~~~~~~~~~
/home/jeremy/agent-worktrees/460f1777/wt-pr5146/third_party/whisper.cpp/src/whisper.cpp:2992:13: note: 'snprintf' output between 13 and 36 bytes into a destination of size 32
 2992 |     snprintf(buf, sizeof(buf), "%02d:%02d:%02d%s%03d", (int) hr, (int) min, (int) sec, comma ? "," : ".", (int) msec);
      |     ~~~~~~~~^~~~~~~~~~~~~~~~~~~~~~~~~~~~~~~~~~~~~~~~~~~~~~~~~~~~~~~~~~~~~~~~~~~~~~~~~~~~~~~~~~~~~~~~~~~~~~~~~~~~~~~~~
[967/1220] Linking CXX static library third_party/whisper.cpp/src/libwhisper.a
[968/1220] Automatic MOC and UIC for target aetherasr
[969/1220] Building CXX object CMakeFiles/aetherasr.dir/src/asr/Fbank.cpp.o
[970/1220] Building CXX object CMakeFiles/aetherasr.dir/src/asr/SpeakerClusterer.cpp.o
[971/1220] Building CXX object CMakeFiles/aetherasr.dir/src/asr/AsrSegmenter.cpp.o
[972/1220] Building CXX object CMakeFiles/aetherasr.dir/src/asr/AsrModelCatalog.cpp.o
[973/1220] Building CXX object CMakeFiles/aetherasr.dir/src/asr/SileroVad.cpp.o
[974/1220] Building CXX object CMakeFiles/aetherasr.dir/src/asr/SpeakerEmbedder.cpp.o
[975/1220] Building CXX object CMakeFiles/aetherasr.dir/src/asr/RemoteAsrBackend.cpp.o
[976/1220] Building CXX object CMakeFiles/aetherasr.dir/src/asr/SherpaOnnxBackend.cpp.o
[977/1220] Building CXX object CMakeFiles/aetherasr.dir/aetherasr_autogen/mocs_compilation.cpp.o
[978/1220] Building CXX object CMakeFiles/aetherasr.dir/src/asr/WhisperAsrBackend.cpp.o
[979/1220] Building CXX object CMakeFiles/aetherasr.dir/src/core/Resampler.cpp.o
[980/1220] Building CXX object CMakeFiles/aetherasr.dir/src/asr/AsrEngine.cpp.o
[981/1220] Building CXX object CMakeFiles/aetherasr.dir/src/asr/AsrModelManager.cpp.o
[982/1220] Linking CXX static library libaetherasr.a
[983/1220] Automatic MOC and UIC for target AetherSDR
[984/1220] Running rcc for resource aether_shaders_glsl130
[985/1220] Running rcc for resource aether_shaders
[986/1220] Building CXX object CMakeFiles/AetherSDR.dir/src/gui/WindowGeometryRestore.cpp.o
[987/1220] Building CXX object CMakeFiles/AetherSDR.dir/src/gui/map/MapMarkerItem.cpp.o
[988/1220] Building CXX object CMakeFiles/AetherSDR.dir/src/gui/map/MapDisplayWidget.cpp.o
[989/1220] Building CXX object CMakeFiles/AetherSDR.dir/src/gui/WfmDeviceDialog.cpp.o
[990/1220] Building CXX object CMakeFiles/AetherSDR.dir/src/gui/AudioDeviceChangeDialog.cpp.o
[991/1220] Building CXX object CMakeFiles/AetherSDR.dir/src/gui/map/MapTerminatorItem.cpp.o
[992/1220] Building CXX object CMakeFiles/AetherSDR.dir/src/gui/map/MapView.cpp.o
[993/1220] Building CXX object CMakeFiles/AetherSDR.dir/src/gui/map/MapPathBatchItem.cpp.o
[994/1220] Building CXX object CMakeFiles/AetherSDR.dir/src/gui/Contribute.cpp.o
[995/1220] Building CXX object CMakeFiles/AetherSDR.dir/src/gui/AgcCalibrationDialog.cpp.o
[996/1220] Building CXX object CMakeFiles/AetherSDR.dir/src/gui/map/MapMarkerBatchItem.cpp.o
[997/1220] Building CXX object CMakeFiles/AetherSDR.dir/src/gui/MainWindow_AetherClock.cpp.o
[998/1220] Building CXX object CMakeFiles/AetherSDR.dir/src/gui/MainWindow_Callsign.cpp.o
[999/1220] Building CXX object CMakeFiles/AetherSDR.dir/src/gui/ClientDisconnectDialog.cpp.o
[1000/1220] Building CXX object CMakeFiles/AetherSDR.dir/src/gui/WaterfallHistoryBuffer.cpp.o
[1001/1220] Building CXX object CMakeFiles/AetherSDR.dir/src/gui/MainWindow_Nets.cpp.o
[1002/1220] Building CXX object CMakeFiles/AetherSDR.dir/src/gui/FrequencyEntryParser.cpp.o
[1003/1220] Building CXX object CMakeFiles/AetherSDR.dir/src/gui/MainWindowHelpers.cpp.o
[1004/1220] Building CXX object CMakeFiles/AetherSDR.dir/src/gui/ConnectedStationsDialog.cpp.o
[1005/1220] Building CXX object CMakeFiles/AetherSDR.dir/src/gui/GpsLocationDialog.cpp.o
[1006/1220] Building CXX object CMakeFiles/AetherSDR.dir/src/gui/MainWindow_DspApplets.cpp.o
[1007/1220] Building CXX object CMakeFiles/AetherSDR.dir/src/main.cpp.o
[1008/1220] Building CXX object CMakeFiles/AetherSDR.dir/src/gui/PanadapterRenderScheduler.cpp.o
[1009/1220] Building CXX object CMakeFiles/AetherSDR.dir/src/gui/DssRenderer.cpp.o
[1010/1220] Building CXX object CMakeFiles/AetherSDR.dir/src/gui/SpectrumOverlayWheelGuard.cpp.o
[1011/1220] Building CXX object CMakeFiles/AetherSDR.dir/src/gui/SmartMtrConfig.cpp.o
[1012/1220] Building CXX object CMakeFiles/AetherSDR.dir/src/gui/SliceColorManager.cpp.o
[1013/1220] Building CXX object CMakeFiles/AetherSDR.dir/src/gui/map/GlobeMapView.cpp.o
[1014/1220] Building CXX object CMakeFiles/AetherSDR.dir/src/gui/PskReporterMapDialog.cpp.o
[1015/1220] Building CXX object CMakeFiles/AetherSDR.dir/src/gui/SliceLabel.cpp.o
[1016/1220] Building CXX object CMakeFiles/AetherSDR.dir/src/gui/MainWindow_ReceiveSync.cpp.o
[1017/1220] Building CXX object CMakeFiles/AetherSDR.dir/src/gui/MainWindow_SwrSweep.cpp.o
[1018/1220] Building CXX object CMakeFiles/AetherSDR.dir/src/gui/MeterViewController.cpp.o
[1019/1220] Building CXX object CMakeFiles/AetherSDR.dir/src/gui/SmartMtrWidget.cpp.o
[1020/1220] Building CXX object CMakeFiles/AetherSDR.dir/src/gui/DStarAccessibility.cpp.o
[1021/1220] Building CXX object CMakeFiles/AetherSDR.dir/src/gui/MainWindow_Workspace.cpp.o
[1022/1220] Building CXX object CMakeFiles/AetherSDR.dir/src/gui/AprsSymbolIcons.cpp.o
[1023/1220] Building CXX object CMakeFiles/AetherSDR.dir/src/gui/MainWindow_Spots.cpp.o
[1024/1220] Building CXX object CMakeFiles/AetherSDR.dir/src/gui/PanadapterMessageOverlay.cpp.o
[1025/1220] Building CXX object CMakeFiles/AetherSDR.dir/src/gui/MainWindow_DigitalModes.cpp.o
[1026/1220] Building CXX object CMakeFiles/AetherSDR.dir/src/gui/AprsMessagesDialog.cpp.o
[1027/1220] Building CXX object CMakeFiles/AetherSDR.dir/src/gui/MainWindow_Shortcuts.cpp.o
[1028/1220] Building CXX object CMakeFiles/AetherSDR.dir/src/gui/NetReminderBanner.cpp.o
[1029/1220] Building CXX object CMakeFiles/AetherSDR.dir/src/gui/AetherDspDialog.cpp.o
[1030/1220] Building CXX object CMakeFiles/AetherSDR.dir/src/gui/MainWindow_Menus.cpp.o
[1031/1220] Building CXX object CMakeFiles/AetherSDR.dir/src/gui/MemoryCommands.cpp.o
[1032/1220] Building CXX object CMakeFiles/AetherSDR.dir/src/gui/DragValuePopup.cpp.o
[1033/1220] Building CXX object CMakeFiles/AetherSDR.dir/src/gui/PropDashboardDialog.cpp.o
[1034/1220] Building CXX object CMakeFiles/AetherSDR.dir/src/gui/ClientRxDspApplet.cpp.o
[1035/1220] Building CXX object CMakeFiles/AetherSDR.dir/src/gui/MainWindow_KiwiSdr.cpp.o
[1036/1220] Building CXX object CMakeFiles/AetherSDR.dir/src/gui/DxClusterStartupCommandsDialog.cpp.o
[1037/1220] Building CXX object CMakeFiles/AetherSDR.dir/src/gui/MemoryBrowsePanel.cpp.o
[1038/1220] Building CXX object CMakeFiles/AetherSDR.dir/src/gui/SystemInfoDialog.cpp.o
[1039/1220] Building CXX object CMakeFiles/AetherSDR.dir/src/gui/SpotSettingsDialog.cpp.o
[1040/1220] Building CXX object CMakeFiles/AetherSDR.dir/src/gui/DStarModemPage.cpp.o
[1041/1220] Building CXX object CMakeFiles/AetherSDR.dir/src/gui/DspParamPopup.cpp.o
[1042/1220] Building CXX object CMakeFiles/AetherSDR.dir/src/gui/NetSchedulerDialog.cpp.o
[1043/1220] Building CXX object CMakeFiles/AetherSDR.dir/src/gui/ConnectionPanel.cpp.o
[1044/1220] Building CXX object CMakeFiles/AetherSDR.dir/src/gui/FlexControlDialog.cpp.o
[1045/1220] Building CXX object CMakeFiles/AetherSDR.dir/src/gui/CallsignCard.cpp.o
[1046/1220] Building CXX object CMakeFiles/AetherSDR.dir/src/gui/CallsignLookupDialog.cpp.o
[1047/1220] Building CXX object CMakeFiles/AetherSDR.dir/src/gui/FramelessWindowTitleBar.cpp.o
[1048/1220] Building CXX object CMakeFiles/AetherSDR.dir/src/gui/MainWindow_Controllers.cpp.o
[1049/1220] Building CXX object CMakeFiles/AetherSDR.dir/src/gui/PanFloatingWindow.cpp.o
[1050/1220] Building CXX object CMakeFiles/AetherSDR.dir/src/gui/FramelessResizer.cpp.o
[1051/1220] Building CXX object CMakeFiles/AetherSDR.dir/src/gui/WaveformsDialog.cpp.o
[1052/1220] Building CXX object CMakeFiles/AetherSDR.dir/src/gui/CwxPanel.cpp.o
[1053/1220] Building CXX object CMakeFiles/AetherSDR.dir/src/gui/MainWindow_Session.cpp.o
[1054/1220] Building CXX object CMakeFiles/AetherSDR.dir/src/gui/SpectrumOverlayMenu.cpp.o
[1055/1220] Building CXX object CMakeFiles/AetherSDR.dir/src/gui/BandStackPanel.cpp.o
[1056/1220] Building CXX object CMakeFiles/AetherSDR.dir/src/gui/MemoryDialog.cpp.o
[1057/1220] Building CXX object CMakeFiles/AetherSDR.dir/src/gui/RadeApplet.cpp.o
[1058/1220] Building CXX object CMakeFiles/AetherSDR.dir/src/gui/FramelessMessageBox.cpp.o
[1059/1220] Building CXX object CMakeFiles/AetherSDR.dir/src/gui/PersistentDialog.cpp.o
[1060/1220] Building CXX object CMakeFiles/AetherSDR.dir/src/gui/AetherDspWidget.cpp.o
[1061/1220] Building CXX object CMakeFiles/AetherSDR.dir/src/gui/DvkPanel.cpp.o
[1062/1220] Building CXX object CMakeFiles/AetherSDR.dir/src/gui/LpMeterApplet.cpp.o
[1063/1220] Building CXX object CMakeFiles/AetherSDR.dir/src/gui/AcomApplet.cpp.o
[1064/1220] Building CXX object CMakeFiles/AetherSDR.dir/src/gui/AmpApplet.cpp.o
[1065/1220] Building CXX object CMakeFiles/AetherSDR.dir/src/gui/SpeApplet.cpp.o
[1066/1220] Building CXX object CMakeFiles/AetherSDR.dir/src/gui/MeterApplet.cpp.o
[1067/1220] Building CXX object CMakeFiles/AetherSDR.dir/src/gui/ProfileSwitcherApplet.cpp.o
[1068/1220] Building CXX object CMakeFiles/AetherSDR.dir/src/gui/MiniPanApplet.cpp.o
[1069/1220] Building CXX object CMakeFiles/AetherSDR.dir/src/gui/VkampApplet.cpp.o
[1070/1220] Building CXX object CMakeFiles/AetherSDR.dir/src/gui/RangeSlider.cpp.o
[1071/1220] Building CXX object CMakeFiles/AetherSDR.dir/src/gui/MiniPanScope.cpp.o
[1072/1220] Building CXX object CMakeFiles/AetherSDR.dir/src/gui/RadioSwrValidityFilter.cpp.o
[1073/1220] Building CXX object CMakeFiles/AetherSDR.dir/src/gui/HealthApplet.cpp.o
[1074/1220] Building CXX object CMakeFiles/AetherSDR.dir/src/gui/TxBandDialog.cpp.o
[1075/1220] Building CXX object CMakeFiles/AetherSDR.dir/src/gui/PanLayoutDialog.cpp.o
[1076/1220] Building CXX object CMakeFiles/AetherSDR.dir/src/gui/FilterPassbandWidget.cpp.o
[1077/1220] Building CXX object CMakeFiles/AetherSDR.dir/src/gui/ProfileImportExportDialog.cpp.o
[1078/1220] Building CXX object CMakeFiles/AetherSDR.dir/src/gui/ProfileManagerDialog.cpp.o
[1079/1220] Building CXX object CMakeFiles/AetherSDR.dir/src/gui/KiwiPublicReceiverPicker.cpp.o
[1080/1220] Building CXX object CMakeFiles/AetherSDR.dir/src/gui/CrossNeedleMeterSettings.cpp.o
[1081/1220] Building CXX object CMakeFiles/AetherSDR.dir/src/gui/Ax25HfPacketDecodeDialog.cpp.o
[1082/1220] Building CXX object CMakeFiles/AetherSDR.dir/src/gui/FavoritesPickerDialog.cpp.o
[1083/1220] Building CXX object CMakeFiles/AetherSDR.dir/src/gui/VuMeterSettings.cpp.o
[1084/1220] Building CXX object CMakeFiles/AetherSDR.dir/src/gui/SettingsBrowserDialog.cpp.o
[1085/1220] Building CXX object CMakeFiles/AetherSDR.dir/src/gui/KiwiSdrApplet.cpp.o
[1086/1220] Building CXX object CMakeFiles/AetherSDR.dir/src/gui/PanadapterApplet.cpp.o
[1087/1220] Building CXX object CMakeFiles/AetherSDR.dir/src/gui/CrossNeedleMeterApplet.cpp.o
[1088/1220] Building CXX object CMakeFiles/AetherSDR.dir/src/gui/AdaptiveFilterControls.cpp.o
[1089/1220] Building CXX object CMakeFiles/AetherSDR.dir/src/gui/AnalogMeterFaceTheme.cpp.o
[1090/1220] Building CXX object CMakeFiles/AetherSDR.dir/src/gui/NetworkDiagnosticsDialog.cpp.o
[1091/1220] Building CXX object CMakeFiles/AetherSDR.dir/src/gui/CrossNeedleMeterWidget.cpp.o
[1092/1220] Building CXX object CMakeFiles/AetherSDR.dir/src/gui/TunerApplet.cpp.o
[1093/1220] Building CXX object CMakeFiles/AetherSDR.dir/src/gui/SMeterWidget.cpp.o
[1094/1220] Building CXX object CMakeFiles/AetherSDR.dir/src/gui/ClientEqFftAnalyzer.cpp.o
[1095/1220] Building CXX object CMakeFiles/AetherSDR.dir/src/gui/WaveformScopeModel.cpp.o
[1096/1220] Building CXX object CMakeFiles/AetherSDR.dir/AetherSDR_autogen/mocs_compilation.cpp.o
In file included from /home/jeremy/agent-worktrees/460f1777/wt-pr5146/src/models/RadioModel.h:22,
                 from /home/jeremy/agent-worktrees/460f1777/wt-pr5146/build/AetherSDR_autogen/MXUWEOXILK/../../../src/gui/MainWindow.h:14,
                 from /home/jeremy/agent-worktrees/460f1777/wt-pr5146/build/AetherSDR_autogen/MXUWEOXILK/moc_MainWindow.cpp:9,
                 from /home/jeremy/agent-worktrees/460f1777/wt-pr5146/build/AetherSDR_autogen/mocs_compilation.cpp:87:
/home/jeremy/agent-worktrees/460f1777/wt-pr5146/src/models/SliceModel.h:15:7: warning: defining 'AetherSDR::SliceModel', which previously failed to be complete in a SFINAE context [-Wsfinae-incomplete=]
   15 | class SliceModel : public QObject {
      |       ^~~~~~~~~~
In file included from /usr/include/qt6/QtCore/QMetaType:1,
                 from /home/jeremy/agent-worktrees/460f1777/wt-pr5146/src/core/AcomProtocol.h:8,
                 from /home/jeremy/agent-worktrees/460f1777/wt-pr5146/build/AetherSDR_autogen/MXUWEOXILK/../../../src/gui/AcomApplet.h:3,
                 from /home/jeremy/agent-worktrees/460f1777/wt-pr5146/build/AetherSDR_autogen/MXUWEOXILK/moc_AcomApplet.cpp:9,
                 from /home/jeremy/agent-worktrees/460f1777/wt-pr5146/build/AetherSDR_autogen/mocs_compilation.cpp:2:
/usr/include/qt6/QtCore/qmetatype.h:344:64: note: here.  Use '-Wsfinae-incomplete=2' for a diagnostic at that point
  344 |         static auto check(U *) -> std::integral_constant<bool, sizeof(U) != 0>;
      |                                                                ^~~~~~~~~
[1097/1220] Building CXX object CMakeFiles/AetherSDR.dir/src/gui/SwrSweepLicenseDialog.cpp.o
[1098/1220] Building CXX object CMakeFiles/AetherSDR.dir/src/gui/VfoWidget.cpp.o
[1099/1220] Building CXX object CMakeFiles/AetherSDR.dir/src/gui/SMeterGeometry.cpp.o
[1100/1220] Building CXX object CMakeFiles/AetherSDR.dir/src/gui/PanadapterStack.cpp.o
[1101/1220] Building CXX object CMakeFiles/AetherSDR.dir/src/gui/EqApplet.cpp.o
[1102/1220] Building CXX object CMakeFiles/AetherSDR.dir/src/gui/ClientEqApplet.cpp.o
[1103/1220] Building CXX object CMakeFiles/AetherSDR.dir/src/gui/DxClusterDialog.cpp.o
[1104/1220] Building CXX object CMakeFiles/AetherSDR.dir/src/gui/ClockAlignmentWidget.cpp.o
[1105/1220] Building CXX object CMakeFiles/AetherSDR.dir/src/gui/PhoneApplet.cpp.o
[1106/1220] Building CXX object CMakeFiles/AetherSDR.dir/src/gui/WaveApplet.cpp.o
[1107/1220] Building CXX object CMakeFiles/AetherSDR.dir/src/gui/ClientEqIconRow.cpp.o
[1108/1220] Building CXX object CMakeFiles/AetherSDR.dir/src/gui/ClientEqEditorCanvas.cpp.o
[1109/1220] Building CXX object CMakeFiles/AetherSDR.dir/src/gui/ClientLevelMeter.cpp.o
[1110/1220] Building CXX object CMakeFiles/AetherSDR.dir/src/gui/ClientEqOutputFader.cpp.o
[1111/1220] Building CXX object CMakeFiles/AetherSDR.dir/src/gui/CrossNeedleMeterGeometry.cpp.o
[1112/1220] Building CXX object CMakeFiles/AetherSDR.dir/src/gui/ClientEqEditor.cpp.o
[1113/1220] Building CXX object CMakeFiles/AetherSDR.dir/src/gui/ClientEqCurveWidget.cpp.o
[1114/1220] Building CXX object CMakeFiles/AetherSDR.dir/src/gui/ClientEqParamRow.cpp.o
[1115/1220] Building CXX object CMakeFiles/AetherSDR.dir/src/gui/AtuPreTuneDialog.cpp.o
[1116/1220] Building CXX object CMakeFiles/AetherSDR.dir/src/gui/TxApplet.cpp.o
[1117/1220] Building CXX object CMakeFiles/AetherSDR.dir/src/gui/ClientChainApplet.cpp.o
[1118/1220] Building CXX object CMakeFiles/AetherSDR.dir/src/gui/WaveformWidget.cpp.o
[1119/1220] Building CXX object CMakeFiles/AetherSDR.dir/src/gui/StripEqPanel.cpp.o
[1120/1220] Building CXX object CMakeFiles/AetherSDR.dir/src/gui/AppletPanel.cpp.o
[1121/1220] Building CXX object CMakeFiles/AetherSDR.dir/src/gui/StripRxOutputPanel.cpp.o
[1122/1220] Building CXX object CMakeFiles/AetherSDR.dir/src/gui/PhoneCwApplet.cpp.o
[1123/1220] Building CXX object CMakeFiles/AetherSDR.dir/src/gui/EditorFramelessTitleBar.cpp.o
[1124/1220] Building CXX object CMakeFiles/AetherSDR.dir/src/gui/AetherClockApplet.cpp.o
[1125/1220] Building CXX object CMakeFiles/AetherSDR.dir/src/gui/ClientChainWidget.cpp.o
[1126/1220] Building CXX object CMakeFiles/AetherSDR.dir/src/gui/MainWindow_Wiring.cpp.o
[1127/1220] Building CXX object CMakeFiles/AetherSDR.dir/src/gui/StripChainWidget.cpp.o
[1128/1220] Building CXX object CMakeFiles/AetherSDR.dir/src/gui/workspace/WorkspaceGeometry.cpp.o
[1129/1220] Building CXX object CMakeFiles/AetherSDR.dir/src/gui/containers/ContainerWidget.cpp.o
[1130/1220] Building CXX object CMakeFiles/AetherSDR.dir/src/gui/ClientRxChainWidget.cpp.o
[1131/1220] Building CXX object CMakeFiles/AetherSDR.dir/src/gui/containers/ContainerTitleBar.cpp.o
[1132/1220] Building CXX object CMakeFiles/AetherSDR.dir/src/gui/containers/FloatingContainerWindow.cpp.o
[1133/1220] Building CXX object CMakeFiles/AetherSDR.dir/src/gui/workspace/ClassicLayout.cpp.o
[1134/1220] Building CXX object CMakeFiles/AetherSDR.dir/src/gui/workspace/CanvasItemFrame.cpp.o
[1135/1220] Building CXX object CMakeFiles/AetherSDR.dir/src/gui/StripRxChainWidget.cpp.o
[1136/1220] Building CXX object CMakeFiles/AetherSDR.dir/src/gui/workspace/CanvasInteraction.cpp.o
[1137/1220] Building CXX object CMakeFiles/AetherSDR.dir/src/gui/workspace/WorkspaceStore.cpp.o
[1138/1220] Building CXX object CMakeFiles/AetherSDR.dir/src/gui/workspace/WorkspaceWindow.cpp.o
[1139/1220] Building CXX object CMakeFiles/AetherSDR.dir/src/gui/workspace/CanvasLayout.cpp.o
[1140/1220] Building CXX object CMakeFiles/AetherSDR.dir/src/gui/containers/ContainerManager.cpp.o
[1141/1220] Building CXX object CMakeFiles/AetherSDR.dir/src/gui/ClientCompApplet.cpp.o
[1142/1220] Building CXX object CMakeFiles/AetherSDR.dir/src/gui/ClientCompCurveWidget.cpp.o
[1143/1220] Building CXX object CMakeFiles/AetherSDR.dir/src/gui/ClientCompKnob.cpp.o
[1144/1220] Building CXX object CMakeFiles/AetherSDR.dir/src/gui/ClientGateLevelView.cpp.o
[1145/1220] Building CXX object CMakeFiles/AetherSDR.dir/src/gui/workspace/WorkspaceMigration.cpp.o
[1146/1220] Building CXX object CMakeFiles/AetherSDR.dir/src/gui/ClientGateApplet.cpp.o
[1147/1220] Building CXX object CMakeFiles/AetherSDR.dir/src/gui/ClientTubeCurveWidget.cpp.o
[1148/1220] Building CXX object CMakeFiles/AetherSDR.dir/src/gui/DemoApplet.cpp.o
[1149/1220] Building CXX object CMakeFiles/AetherSDR.dir/src/gui/ClientGateCurveWidget.cpp.o
[1150/1220] Building CXX object CMakeFiles/AetherSDR.dir/src/gui/ClientDeEssCurveWidget.cpp.o
[1151/1220] Building CXX object CMakeFiles/AetherSDR.dir/src/gui/RxApplet.cpp.o
[1152/1220] Building CXX object CMakeFiles/AetherSDR.dir/src/gui/ClientDeEssApplet.cpp.o
[1153/1220] Building CXX object CMakeFiles/AetherSDR.dir/src/gui/workspace/WorkspaceCanvas.cpp.o
[1154/1220] Building CXX object CMakeFiles/AetherSDR.dir/src/gui/ClientTubeApplet.cpp.o
[1155/1220] Building CXX object CMakeFiles/AetherSDR.dir/src/gui/StripDeEssPanel.cpp.o
[1156/1220] Building CXX object CMakeFiles/AetherSDR.dir/src/gui/ClientPuduApplet.cpp.o
[1157/1220] Building CXX object CMakeFiles/AetherSDR.dir/src/gui/workspace/WorkspaceDocument.cpp.o
[1158/1220] Building CXX object CMakeFiles/AetherSDR.dir/src/gui/ClientTubeEditor.cpp.o
[1159/1220] Building CXX object CMakeFiles/AetherSDR.dir/src/gui/StripTubePanel.cpp.o
[1160/1220] Building CXX object CMakeFiles/AetherSDR.dir/src/gui/StripGatePanel.cpp.o
[1161/1220] Building CXX object CMakeFiles/AetherSDR.dir/src/gui/ClientGateEditor.cpp.o
[1162/1220] Building CXX object CMakeFiles/AetherSDR.dir/src/gui/StripPuduPanel.cpp.o
[1163/1220] Building CXX object CMakeFiles/AetherSDR.dir/src/gui/ClientPuduEditor.cpp.o
[1164/1220] Building CXX object CMakeFiles/AetherSDR.dir/src/gui/ClientReverbApplet.cpp.o
[1165/1220] Building CXX object CMakeFiles/AetherSDR.dir/src/gui/PooDooLogo.cpp.o
[1166/1220] Building CXX object CMakeFiles/AetherSDR.dir/src/gui/ClientCompLimiterButton.cpp.o
[1167/1220] Building CXX object CMakeFiles/AetherSDR.dir/src/gui/StripReverbPanel.cpp.o
[1168/1220] Building CXX object CMakeFiles/AetherSDR.dir/src/gui/ClientCompMeter.cpp.o
[1169/1220] Building CXX object CMakeFiles/AetherSDR.dir/src/gui/ClientCompThresholdFader.cpp.o
[1170/1220] Building CXX object CMakeFiles/AetherSDR.dir/src/gui/StripWaveformPanel.cpp.o
[1171/1220] Building CXX object CMakeFiles/AetherSDR.dir/src/gui/MeterSlider.cpp.o
[1172/1220] Building CXX object CMakeFiles/AetherSDR.dir/src/gui/ClientCompEditorCanvas.cpp.o
[1173/1220] Building CXX object CMakeFiles/AetherSDR.dir/src/gui/ClientCompEditor.cpp.o
[1174/1220] Building CXX object CMakeFiles/AetherSDR.dir/src/gui/PhaseKnob.cpp.o
[1175/1220] Building CXX object CMakeFiles/AetherSDR.dir/src/gui/MainWindow.cpp.o
[1176/1220] Building CXX object CMakeFiles/AetherSDR.dir/src/gui/StripFinalOutputPanel.cpp.o
[1177/1220] Building CXX object CMakeFiles/AetherSDR.dir/src/gui/StripCompPanel.cpp.o
[1178/1220] Building CXX object CMakeFiles/AetherSDR.dir/src/gui/AetherialAudioStrip.cpp.o
[1179/1220] Building CXX object CMakeFiles/AetherSDR.dir/src/gui/CatControlApplet.cpp.o
[1180/1220] Building CXX object CMakeFiles/AetherSDR.dir/src/gui/MqttApplet.cpp.o
[1181/1220] Building CXX object CMakeFiles/AetherSDR.dir/src/gui/DaxApplet.cpp.o
[1182/1220] Building CXX object CMakeFiles/AetherSDR.dir/src/gui/ShackSwitchApplet.cpp.o
[1183/1220] Building CXX object CMakeFiles/AetherSDR.dir/build/.qt/rcc/qrc_aether_shaders.cpp.o
[1184/1220] Building CXX object CMakeFiles/AetherSDR.dir/src/gui/DaxIqApplet.cpp.o
[1185/1220] Building CXX object CMakeFiles/AetherSDR.dir/build/.qt/rcc/qrc_aether_shaders_glsl130.cpp.o
[1186/1220] Building CXX object CMakeFiles/AetherSDR.dir/qrc_resources.cpp.o
[1187/1220] Building CXX object CMakeFiles/AetherSDR.dir/src/gui/HelpDialog.cpp.o
[1188/1220] Building CXX object CMakeFiles/AetherSDR.dir/src/gui/TciApplet.cpp.o
[1189/1220] Building CXX object CMakeFiles/AetherSDR.dir/src/gui/ThemeInspector.cpp.o
[1190/1220] Building CXX object CMakeFiles/AetherSDR.dir/src/gui/AntennaGeniusApplet.cpp.o
[1191/1220] Building CXX object CMakeFiles/AetherSDR.dir/src/gui/KeyboardMapWidget.cpp.o
[1192/1220] Building CXX object CMakeFiles/AetherSDR.dir/src/gui/MqttSettingsDialog.cpp.o
[1193/1220] Building CXX object CMakeFiles/AetherSDR.dir/src/gui/RadioHealthDialog.cpp.o
[1194/1220] Building CXX object CMakeFiles/AetherSDR.dir/src/gui/ShortcutDialog.cpp.o
[1195/1220] Building CXX object CMakeFiles/AetherSDR.dir/src/gui/WhatsNewDialog.cpp.o
[1196/1220] Building CXX object CMakeFiles/AetherSDR.dir/src/gui/CompactColorPicker.cpp.o
[1197/1220] Building CXX object CMakeFiles/AetherSDR.dir/src/gui/GradientEditorDialog.cpp.o
[1198/1220] Building CXX object CMakeFiles/AetherSDR.dir/src/gui/GreenHeronApplet.cpp.o
[1199/1220] Building CXX object CMakeFiles/AetherSDR.dir/src/gui/AsrAudioTap.cpp.o
[1200/1220] Building CXX object CMakeFiles/AetherSDR.dir/src/gui/workspace/WorkspaceController.cpp.o
[1201/1220] Building CXX object CMakeFiles/AetherSDR.dir/src/gui/CopyAssistSettingsDialog.cpp.o
[1202/1220] Building CXX object CMakeFiles/AetherSDR.dir/src/gui/MultiFlexDialog.cpp.o
[1203/1220] Building CXX object CMakeFiles/AetherSDR.dir/src/gui/CopyAssistPanel.cpp.o
[1204/1220] Building CXX object CMakeFiles/AetherSDR.dir/src/gui/TitleBar.cpp.o
[1205/1220] Building CXX object CMakeFiles/AetherSDR.dir/src/gui/CopyAssistSettings.cpp.o
[1206/1220] Building CXX object CMakeFiles/AetherSDR.dir/src/gui/SupportDialog.cpp.o
[1207/1220] Building CXX object CMakeFiles/AetherSDR.dir/src/gui/ThemeEditorDialog.cpp.o
[1208/1220] Building CXX object CMakeFiles/AetherSDR.dir/src/gui/RadioSetupDialog.cpp.o
[1209/1220] Building CXX object CMakeFiles/AetherSDR.dir/src/gui/ImageFileDialog.cpp.o
[1210/1220] Building CXX object CMakeFiles/AetherSDR.dir/src/gui/TokenEditorWidget.cpp.o
[1211/1220] Building CXX object CMakeFiles/AetherSDR.dir/src/gui/RC28MappingDialog.cpp.o
[1212/1220] Building CXX object CMakeFiles/AetherSDR.dir/src/gui/FreeDvReporterDialog.cpp.o
[1213/1220] Building CXX object CMakeFiles/AetherSDR.dir/src/gui/FreeDvReporterModel.cpp.o
[1214/1220] Building CXX object CMakeFiles/AetherSDR.dir/src/gui/UlanziDialMapperDialog.cpp.o
[1215/1220] Building CXX object CMakeFiles/AetherSDR.dir/src/gui/CopyAssistController.cpp.o
[1216/1220] Building CXX object CMakeFiles/AetherSDR.dir/src/gui/MidiMappingDialog.cpp.o
[1217/1220] Building CXX object CMakeFiles/AetherSDR.dir/src/gui/SpectrumWidget.cpp.o
[1218/1220] Building CXX object CMakeFiles/AetherSDR.dir/src/gui/SliceTroubleshootingDialog.cpp.o
[1219/1220] Linking CXX executable AetherSDR; Copying DeepFilterNet3 model to build directory
